{
    "root_group": {
        "groups": {},
        "checks": {
                "status 200": {
                    "name": "status 200",
                    "path": "::status 200",
                    "id": "fad9fa412b86fcb03bee97c80dcd61f1",
                    "passes": 134677,
                    "fails": 0
                },
                "body is non-empty array": {
                    "path": "::body is non-empty array",
                    "id": "4a612b9605825888f90f82b3870dfa0a",
                    "passes": 134677,
                    "fails": 0,
                    "name": "body is non-empty array"
                }
            },
        "name": "",
        "path": "",
        "id": "d41d8cd98f00b204e9800998ecf8427e"
    },
    "metrics": {
        "http_req_duration{expected_response:true}": {
            "avg": 4.936316076813462,
            "min": 2.144257,
            "med": 4.837149,
            "max": 97.617023,
            "p(90)": 5.9862154,
            "p(95)": 6.4070558
        },
        "http_req_blocked": {
            "max": 2.814024,
            "p(90)": 0.003942,
            "p(95)": 0.004853199999999997,
            "avg": 0.004415503634622071,
            "min": 0.001055,
            "med": 0.002561
        },
        "http_req_connecting": {
            "p(95)": 0,
            "avg": 0.0001006473488420443,
            "min": 0,
            "med": 0,
            "max": 1.159834,
            "p(90)": 0
        },
        "http_req_sending": {
            "min": 0.004037,
            "med": 0.008317,
            "max": 2.446313,
            "p(90)": 0.02038,
            "p(95)": 0.040662199999999996,
            "avg": 0.016264101702592352
        },
        "data_received": {
            "count": 122690747,
            "rate": 3067105.895102251
        },
        "http_reqs": {
            "count": 134677,
            "rate": 3366.746317346049
        },
        "http_req_tls_handshaking": {
            "p(95)": 0,
            "avg": 0,
            "min": 0,
            "med": 0,
            "max": 0,
            "p(90)": 0
        },
        "checks": {
            "passes": 269354,
            "fails": 0,
            "value": 1
        },
        "iterations": {
            "rate": 3366.746317346049,
            "count": 134677
        },
        "vus": {
            "value": 1,
            "min": 1,
            "max": 20
        },
        "http_req_waiting": {
            "p(90)": 5.8969759999999996,
            "p(95)": 6.312422,
            "avg": 4.864512533298202,
            "min": 2.080035,
            "med": 4.767975,
            "max": 97.571303
        },
        "http_req_failed": {
            "passes": 0,
            "fails": 134677,
            "thresholds": {
                "rate<0.01": false
            },
            "value": 0
        },
        "vus_max": {
            "value": 20,
            "min": 20,
            "max": 20
        },
        "iteration_duration": {
            "p(95)": 6.7628344,
            "avg": 5.185387944667615,
            "min": 2.301142,
            "med": 5.069897,
            "max": 97.811297,
            "p(90)": 6.3043806
        },
        "data_sent": {
            "count": 76092505,
            "rate": 1902211.6693005178
        },
        "rest_select_latency_ms": {
            "avg": 4.936316076813462,
            "min": 2.144257,
            "med": 4.837149,
            "max": 97.617023,
            "p(90)": 5.9862154,
            "p(95)": 6.4070558,
            "thresholds": {
                "p(95)<5000": false
            }
        },
        "http_req_duration": {
            "min": 2.144257,
            "med": 4.837149,
            "max": 97.617023,
            "p(90)": 5.9862154,
            "p(95)": 6.4070558,
            "avg": 4.936316076813462
        },
        "http_req_receiving": {
            "min": 0.009488,
            "med": 0.030779,
            "max": 4.914946,
            "p(90)": 0.09443140000000005,
            "p(95)": 0.16820679999999996,
            "avg": 0.05553944181263257
        },
        "rest_select_success_rate": {
            "passes": 134677,
            "fails": 0,
            "thresholds": {
                "rate>0.99": false
            },
            "value": 1
        }
    }
}