{
    "metrics": {
        "vus_max": {
            "value": 5,
            "min": 5,
            "max": 5
        },
        "http_req_connecting": {
            "p(90)": 0,
            "p(95)": 0,
            "avg": 0.0030587580071174372,
            "min": 0,
            "med": 0,
            "max": 0.203306
        },
        "http_req_failed": {
            "passes": 0,
            "fails": 281,
            "thresholds": {
                "rate<0.01": false
            },
            "value": 0
        },
        "data_received": {
            "count": 735103,
            "rate": 18337.27705724299
        },
        "http_req_duration": {
            "avg": 128.98834170818506,
            "min": 103.88344,
            "med": 125.373603,
            "max": 308.854349,
            "p(90)": 144.925412,
            "p(95)": 153.495645
        },
        "http_req_receiving": {
            "avg": 0.10004440213523139,
            "min": 0.038521,
            "med": 0.074936,
            "max": 1.340062,
            "p(90)": 0.142243,
            "p(95)": 0.224428
        },
        "checks": {
            "passes": 562,
            "fails": 0,
            "value": 1
        },
        "iteration_duration": {
            "min": 605.399802,
            "med": 626.292199,
            "max": 809.87291,
            "p(90)": 645.928818,
            "p(95)": 654.861625,
            "avg": 630.0573699110327
        },
        "iterations": {
            "count": 281,
            "rate": 7.009595734319246
        },
        "vus": {
            "value": 1,
            "min": 0,
            "max": 5
        },
        "http_req_sending": {
            "p(90)": 0.047114,
            "p(95)": 0.06583,
            "avg": 0.030576270462633438,
            "min": 0.008907,
            "med": 0.023686,
            "max": 0.324399
        },
        "http_reqs": {
            "count": 281,
            "rate": 7.009595734319246
        },
        "http_req_tls_handshaking": {
            "p(90)": 0,
            "p(95)": 0,
            "avg": 0,
            "min": 0,
            "med": 0,
            "max": 0
        },
        "http_req_waiting": {
            "avg": 128.85772103558725,
            "min": 103.766352,
            "med": 125.128756,
            "max": 308.727748,
            "p(90)": 144.850172,
            "p(95)": 153.278415
        },
        "auth_signup_success_rate": {
            "passes": 281,
            "fails": 0,
            "thresholds": {
                "rate>0.99": false
            },
            "value": 1
        },
        "http_req_blocked": {
            "p(90)": 0.007201,
            "p(95)": 0.012994,
            "avg": 0.013413185053380785,
            "min": 0.002936,
            "med": 0.004809,
            "max": 0.924633
        },
        "data_sent": {
            "count": 123028,
            "rate": 3068.955672604371
        },
        "http_req_duration{expected_response:true}": {
            "avg": 128.98834170818506,
            "min": 103.88344,
            "med": 125.373603,
            "max": 308.854349,
            "p(90)": 144.925412,
            "p(95)": 153.495645
        },
        "auth_signup_latency_ms": {
            "max": 308.854349,
            "p(90)": 144.925412,
            "p(95)": 153.495645,
            "avg": 128.98834170818506,
            "min": 103.88344,
            "med": 125.373603,
            "thresholds": {
                "p(95)<15000": false
            }
        }
    },
    "root_group": {
        "name": "",
        "path": "",
        "id": "d41d8cd98f00b204e9800998ecf8427e",
        "groups": {},
        "checks": {
                "status 200": {
                    "passes": 281,
                    "fails": 0,
                    "name": "status 200",
                    "path": "::status 200",
                    "id": "fad9fa412b86fcb03bee97c80dcd61f1"
                },
                "user.id present": {
                    "id": "0fb08cd9e34258cf608b6400bd265a60",
                    "passes": 281,
                    "fails": 0,
                    "name": "user.id present",
                    "path": "::user.id present"
                }
            }
    }
}