{
    "root_group": {
        "name": "",
        "path": "",
        "id": "d41d8cd98f00b204e9800998ecf8427e",
        "groups": {},
        "checks": {
                "status 2xx": {
                    "name": "status 2xx",
                    "path": "::status 2xx",
                    "id": "5bf9cd1e387741ed8e40bbdbca9b6c92",
                    "passes": 23309,
                    "fails": 0
                }
            }
    },
    "metrics": {
        "data_sent": {
            "count": 15142164,
            "rate": 378520.5707235494
        },
        "http_req_tls_handshaking": {
            "min": 0,
            "med": 0,
            "max": 0,
            "p(90)": 0,
            "p(95)": 0,
            "avg": 0
        },
        "http_req_waiting": {
            "avg": 29.778170172894214,
            "min": 3.327565,
            "med": 30.420773,
            "max": 424.27596,
            "p(90)": 33.2394742,
            "p(95)": 42.27103419999999
        },
        "http_req_connecting": {
            "med": 0,
            "max": 0.8813,
            "p(90)": 0,
            "p(95)": 0,
            "avg": 0.0005182549658930027,
            "min": 0
        },
        "http_reqs": {
            "count": 23309,
            "rate": 582.6733869079223
        },
        "http_req_duration{expected_response:true}": {
            "p(95)": 42.33328039999999,
            "avg": 29.84276449830516,
            "min": 3.360081,
            "med": 30.481438,
            "max": 424.434379,
            "p(90)": 33.3124804
        },
        "checks": {
            "passes": 23309,
            "fails": 0,
            "value": 1
        },
        "http_req_sending": {
            "avg": 0.024629150242395707,
            "min": 0.007597,
            "med": 0.016893,
            "max": 1.96781,
            "p(90)": 0.046867000000000006,
            "p(95)": 0.07351219999999999
        },
        "http_req_receiving": {
            "avg": 0.03996517516839007,
            "min": 0.011747,
            "med": 0.029444,
            "max": 4.691671,
            "p(90)": 0.05945200000000002,
            "p(95)": 0.0877591999999999
        },
        "vus": {
            "value": 1,
            "min": 1,
            "max": 20
        },
        "http_req_failed": {
            "passes": 0,
            "fails": 23309,
            "thresholds": {
                "rate<0.01": false
            },
            "value": 0
        },
        "vus_max": {
            "value": 20,
            "min": 20,
            "max": 20
        },
        "http_req_duration": {
            "p(90)": 33.3124804,
            "p(95)": 42.33328039999999,
            "avg": 29.84276449830516,
            "min": 3.360081,
            "med": 30.481438,
            "max": 424.434379
        },
        "rest_insert_success_rate": {
            "passes": 23309,
            "fails": 0,
            "thresholds": {
                "rate>0.99": false
            },
            "value": 1
        },
        "data_received": {
            "count": 1491776,
            "rate": 37291.09676210703
        },
        "iteration_duration": {
            "min": 3.463076,
            "med": 30.661947,
            "max": 424.768087,
            "p(90)": 33.502507200000004,
            "p(95)": 42.50150679999997,
            "avg": 30.02353640435042
        },
        "rest_insert_latency_ms": {
            "avg": 29.84276449830516,
            "min": 3.360081,
            "med": 30.481438,
            "max": 424.434379,
            "p(90)": 33.3124804,
            "p(95)": 42.33328039999999,
            "thresholds": {
                "p(95)<8000": false
            }
        },
        "http_req_blocked": {
            "p(95)": 0.008040799999999996,
            "avg": 0.005145039169419558,
            "min": 0.00193,
            "med": 0.002823,
            "max": 1.276318,
            "p(90)": 0.003998
        },
        "iterations": {
            "count": 23309,
            "rate": 582.6733869079223
        }
    }
}