{"root_group":{"name":"","path":"","id":"d41d8cd98f00b204e9800998ecf8427e","groups":{},"checks":{"upload small: 2xx":{"fails":4507,"name":"upload small: 2xx","path":"::upload small: 2xx","id":"9b78e7f8d042046407ce2843b9099f47","passes":1000},"upload large: 2xx":{"id":"913fbb8ef39ab0a4099ac11b8bdac29a","passes":1000,"fails":0,"name":"upload large: 2xx","path":"::upload large: 2xx"},"download small: 200":{"name":"download small: 200","path":"::download small: 200","id":"55be9db100b79a8c7487de0023a297bd","passes":1000,"fails":0},"download small: exact size":{"name":"download small: exact size","path":"::download small: exact size","id":"70e0ea1870a9f7e3913e05e679827c31","passes":1000,"fails":0},"download large: 200":{"id":"cfab91118480a59b6fa810589e9e3b56","passes":1000,"fails":0,"name":"download large: 200","path":"::download large: 200"},"download large: exact size":{"name":"download large: exact size","path":"::download large: exact size","id":"7b6f24557fbf84980cfa4dc2883a0090","passes":1000,"fails":0}}},"metrics":{"http_req_sending":{"max":85.352997,"p(90)":0.3348842,"p(95)":0.42138239999999993,"avg":0.20474171552838946,"min":0.00516,"med":0.070085},"data_received":{"count":1116446884,"rate":27905880.388131402},"http_req_duration":{"p(90)":169.91378200000008,"p(95)":194.80403409999997,"avg":82.2804517873515,"min":2.925249,"med":63.184648,"max":506.534102},"http_req_failed":{"passes":4507,"fails":4000,"thresholds":{"rate<0.01":true},"value":0.5297989890678265},"storage_download_latency_large_ms":{"med":137.527693,"max":395.026797,"p(90)":184.0610696,"p(95)":204.45632135,"avg":134.32344497800005,"min":6.54026,"thresholds":{"p(95)<30000":false}},"http_reqs":{"count":8507,"rate":212.63467869720333},"http_req_receiving":{"med":0.062479,"max":124.288258,"p(90)":22.887172400000086,"p(95)":41.5215609,"avg":4.668351252497941,"min":0.014037},"vus":{"value":2,"min":2,"max":20},"vus_max":{"value":20,"min":20,"max":20},"http_req_waiting":{"avg":77.4073588193252,"min":2.621828,"med":62.703113,"max":505.773322,"p(90)":157.0077058,"p(95)":190.232678},"http_req_connecting":{"med":0,"max":0.532451,"p(90)":0,"p(95)":0,"avg":0.0004093212648407194,"min":0},"http_req_tls_handshaking":{"p(95)":0,"avg":0,"min":0,"med":0,"max":0,"p(90)":0},"checks":{"passes":6000,"fails":4507,"value":0.5710478728466737},"storage_upload_latency_large_ms":{"avg":180.04043271300003,"min":11.458175,"med":184.6155325,"max":506.534102,"p(90)":242.33171049999999,"p(95)":273.43598299999996,"thresholds":{"p(95)<30000":false}},"storage_download_latency_small_ms":{"min":3.137915,"med":60.262994500000005,"max":138.247113,"p(90)":83.0575608,"p(95)":90.9660794,"avg":59.248916775000026,"thresholds":{"p(95)<10000":false}},"http_req_blocked":{"max":1.451016,"p(90)":0.005913600000000002,"p(95)":0.007098199999999999,"avg":0.005524826260726467,"min":0.00128,"med":0.003788},"data_sent":{"count":1413961435,"rate":35342334.009810925},"storage_upload_success_rate":{"passes":2000,"fails":4507,"thresholds":{"rate>0.99":true},"value":0.3073613032119256},"iteration_duration":{"avg":127.52114123442912,"min":3.045156,"med":57.163025,"max":1130.983255,"p(90)":484.387413,"p(95)":514.5415909},"storage_upload_latency_small_ms":{"avg":59.26039747394235,"min":2.925249,"med":56.413524,"max":282.29261,"p(90)":101.4159416,"p(95)":115.99292809999999,"thresholds":{"p(95)<10000":false}},"iterations":{"rate":137.64889803520614,"count":5507},"http_req_duration{expected_response:true}":{"avg":118.22699763124993,"min":3.137915,"med":112.4793265,"max":506.534102,"p(90)":196.72588199999998,"p(95)":220.79501285},"storage_upload_errors":{"count":4507,"rate":112.65363781454043},"storage_download_success_rate":{"passes":2000,"fails":0,"thresholds":{"rate>0.99":false},"value":1}},"__bench_threshold_failed":true,"__bench_target":"supabase"}