{
    "root_group": {
        "checks": {
            "status 200": {
                "name": "status 200",
                "path": "::status 200",
                "id": "fad9fa412b86fcb03bee97c80dcd61f1",
                "passes": 123063,
                "fails": 0
            },
            "body is non-empty array": {
                "name": "body is non-empty array",
                "path": "::body is non-empty array",
                "id": "4a612b9605825888f90f82b3870dfa0a",
                "passes": 123063,
                "fails": 0
            }
        },
        "name": "",
        "path": "",
        "id": "d41d8cd98f00b204e9800998ecf8427e",
        "groups": {}
    },
    "metrics": {
        "http_req_tls_handshaking": {
            "avg": 0,
            "min": 0,
            "med": 0,
            "max": 0,
            "p(90)": 0,
            "p(95)": 0
        },
        "http_req_waiting": {
            "med": 4.143373,
            "max": 77.913877,
            "p(90)": 8.855339800000001,
            "p(95)": 11.030454599999999,
            "avg": 5.207578365747715,
            "min": 1.676473
        },
        "data_received": {
            "count": 149644608,
            "rate": 3740971.8967406102
        },
        "iterations": {
            "count": 123063,
            "rate": 3076.457151924844
        },
        "http_req_duration{expected_response:true}": {
            "p(90)": 8.9848548,
            "p(95)": 11.159612599999999,
            "avg": 5.312274717039209,
            "min": 1.729839,
            "med": 4.248766,
            "max": 80.246927
        },
        "http_req_connecting": {
            "avg": 0.00005432688947937236,
            "min": 0,
            "med": 0,
            "max": 1.704535,
            "p(90)": 0,
            "p(95)": 0
        },
        "vus": {
            "value": 1,
            "min": 1,
            "max": 20
        },
        "http_req_sending": {
            "avg": 0.026765733551108166,
            "min": 0.007096,
            "med": 0.015122,
            "max": 9.135118,
            "p(90)": 0.026877600000000005,
            "p(95)": 0.045597699999999984
        },
        "vus_max": {
            "value": 20,
            "min": 20,
            "max": 20
        },
        "http_reqs": {
            "rate": 3076.457151924844,
            "count": 123063
        },
        "checks": {
            "passes": 246126,
            "fails": 0,
            "value": 1
        },
        "http_req_receiving": {
            "avg": 0.07793061774050733,
            "min": 0.018159,
            "med": 0.045786,
            "max": 21.122196,
            "p(90)": 0.0832426,
            "p(95)": 0.13525389999999965
        },
        "http_req_failed": {
            "fails": 123063,
            "passes": 0,
            "thresholds": {
                "rate<0.01": false
            },
            "value": 0
        },
        "http_req_duration": {
            "p(95)": 11.159612599999999,
            "avg": 5.312274717039209,
            "min": 1.729839,
            "med": 4.248766,
            "max": 80.246927,
            "p(90)": 8.9848548
        },
        "http_req_blocked": {
            "avg": 0.00659554610240273,
            "min": 0.001602,
            "med": 0.004586,
            "max": 14.62959,
            "p(90)": 0.006216,
            "p(95)": 0.007093899999999994
        },
        "rest_select_latency_ms": {
            "med": 4.248766,
            "max": 80.246927,
            "p(90)": 8.9848548,
            "p(95)": 11.159612599999999,
            "avg": 5.312274717039209,
            "min": 1.729839,
            "thresholds": {
                "p(95)<5000": false
            }
        },
        "iteration_duration": {
            "p(95)": 11.614286499999999,
            "avg": 5.670586672590503,
            "min": 1.942635,
            "med": 4.603938,
            "max": 80.686815,
            "p(90)": 9.417563200000004
        },
        "data_sent": {
            "count": 160597215,
            "rate": 4014776.5832619215
        },
        "rest_select_success_rate": {
            "passes": 123063,
            "fails": 0,
            "thresholds": {
                "rate>0.99": false
            },
            "value": 1
        }
    }
}