{
    "metrics": {
        "http_req_tls_handshaking": {
            "avg": 0,
            "min": 0,
            "med": 0,
            "max": 0,
            "p(90)": 0,
            "p(95)": 0
        },
        "http_req_connecting": {
            "p(95)": 0,
            "avg": 0.0001436037783723934,
            "min": 0,
            "med": 0,
            "max": 0.817123,
            "p(90)": 0
        },
        "http_req_waiting": {
            "avg": 7.8309553188086705,
            "min": 3.211441,
            "med": 7.06712,
            "max": 301.386256,
            "p(90)": 9.6877462,
            "p(95)": 10.964704549999999
        },
        "vus": {
            "value": 1,
            "min": 1,
            "max": 20
        },
        "http_req_duration{expected_response:true}": {
            "avg": 7.886835237209414,
            "min": 3.246312,
            "med": 7.122667,
            "max": 301.411206,
            "p(90)": 9.7520502,
            "p(95)": 11.036604049999994
        },
        "http_req_duration": {
            "max": 301.411206,
            "p(90)": 9.7520502,
            "p(95)": 11.036604049999994,
            "avg": 7.886835237209414,
            "min": 3.246312,
            "med": 7.122667
        },
        "http_req_blocked": {
            "avg": 0.004453437903672217,
            "min": 0.001072,
            "med": 0.002624,
            "max": 2.555223,
            "p(90)": 0.003896,
            "p(95)": 0.0050198499999999915
        },
        "http_req_receiving": {
            "p(95)": 0.10465624999999995,
            "avg": 0.03566480080503779,
            "min": 0.00528,
            "med": 0.020896,
            "max": 6.997359,
            "p(90)": 0.05649709999999999
        },
        "iteration_duration": {
            "p(90)": 9.9800314,
            "p(95)": 11.276023749999997,
            "avg": 8.060508220255132,
            "min": 3.354158,
            "med": 7.288206000000001,
            "max": 301.506644
        },
        "vus_max": {
            "value": 20,
            "min": 20,
            "max": 20
        },
        "checks": {
            "passes": 86704,
            "fails": 0,
            "value": 1
        },
        "http_req_failed": {
            "passes": 0,
            "fails": 86704,
            "thresholds": {
                "rate<0.01": false
            },
            "value": 0
        },
        "data_sent": {
            "count": 56902252,
            "rate": 1422469.469654195
        },
        "http_reqs": {
            "count": 86704,
            "rate": 2167.4676934912404
        },
        "http_req_sending": {
            "p(90)": 0.028370399999999994,
            "p(95)": 0.055151499999999916,
            "avg": 0.020215117595497267,
            "min": 0.005076,
            "med": 0.010534,
            "max": 2.833008
        },
        "iterations": {
            "count": 86704,
            "rate": 2167.4676934912404
        },
        "rest_insert_latency_ms": {
            "p(90)": 9.7520502,
            "p(95)": 11.036604049999994,
            "avg": 7.886835237209416,
            "min": 3.246312,
            "med": 7.122667,
            "max": 301.411206,
            "thresholds": {
                "p(95)<8000": false
            }
        },
        "rest_insert_success_rate": {
            "passes": 86704,
            "fails": 0,
            "thresholds": {
                "rate>0.99": false
            },
            "value": 1
        },
        "data_received": {
            "count": 5549056,
            "rate": 138717.9323834394
        }
    },
    "root_group": {
        "name": "",
        "path": "",
        "id": "d41d8cd98f00b204e9800998ecf8427e",
        "groups": {},
        "checks": {
                "status 2xx": {
                    "name": "status 2xx",
                    "path": "::status 2xx",
                    "id": "5bf9cd1e387741ed8e40bbdbca9b6c92",
                    "passes": 86704,
                    "fails": 0
                }
            }
    }
}