{
    "root_group": {
        "path": "",
        "id": "d41d8cd98f00b204e9800998ecf8427e",
        "groups": {},
        "checks": {
                "status 2xx": {
                    "name": "status 2xx",
                    "path": "::status 2xx",
                    "id": "5bf9cd1e387741ed8e40bbdbca9b6c92",
                    "passes": 23097,
                    "fails": 0
                }
            },
        "name": ""
    },
    "metrics": {
        "http_req_tls_handshaking": {
            "p(90)": 0,
            "p(95)": 0,
            "avg": 0,
            "min": 0,
            "med": 0,
            "max": 0
        },
        "data_sent": {
            "count": 15002249,
            "rate": 375029.98938331124
        },
        "http_req_blocked": {
            "avg": 0.005549501536996152,
            "min": 0.001937,
            "med": 0.002836,
            "max": 8.538432,
            "p(90)": 0.004092,
            "p(95)": 0.008265200000000006
        },
        "http_req_sending": {
            "max": 1.149027,
            "p(90)": 0.047329200000000037,
            "p(95)": 0.0742492,
            "avg": 0.02446471727930034,
            "min": 0.007797,
            "med": 0.016856
        },
        "rest_insert_success_rate": {
            "passes": 23097,
            "fails": 0,
            "thresholds": {
                "rate>0.99": false
            },
            "value": 1
        },
        "data_received": {
            "count": 1478208,
            "rate": 36952.61494102156
        },
        "http_req_failed": {
            "passes": 0,
            "fails": 23097,
            "thresholds": {
                "rate<0.01": false
            },
            "value": 0
        },
        "http_req_waiting": {
            "avg": 30.059606922241244,
            "min": 3.289041,
            "med": 30.575584,
            "max": 547.434519,
            "p(90)": 33.3918328,
            "p(95)": 43.317566600000006
        },
        "http_req_connecting": {
            "avg": 0.0008667416547603586,
            "min": 0,
            "med": 0,
            "max": 8.378058,
            "p(90)": 0,
            "p(95)": 0
        },
        "http_req_receiving": {
            "p(95)": 0.08789620000000002,
            "avg": 0.03933157639520296,
            "min": 0.011458,
            "med": 0.029376,
            "max": 1.346847,
            "p(90)": 0.05936600000000005
        },
        "http_req_duration": {
            "min": 3.322452,
            "med": 30.636087,
            "max": 547.598202,
            "p(90)": 33.464330000000004,
            "p(95)": 43.3768666,
            "avg": 30.123403215915317
        },
        "http_req_duration{expected_response:true}": {
            "avg": 30.123403215915317,
            "min": 3.322452,
            "med": 30.636087,
            "max": 547.598202,
            "p(90)": 33.464330000000004,
            "p(95)": 43.3768666
        },
        "http_reqs": {
            "count": 23097,
            "rate": 577.3846084534619
        },
        "iterations": {
            "count": 23097,
            "rate": 577.3846084534619
        },
        "vus": {
            "min": 1,
            "max": 20,
            "value": 1
        },
        "vus_max": {
            "value": 20,
            "min": 20,
            "max": 20
        },
        "iteration_duration": {
            "p(95)": 43.62292500000004,
            "avg": 30.30030432874423,
            "min": 3.425244,
            "med": 30.81686,
            "max": 547.795536,
            "p(90)": 33.6520396
        },
        "rest_insert_latency_ms": {
            "p(90)": 33.464330000000004,
            "p(95)": 43.3768666,
            "avg": 30.123403215915317,
            "min": 3.322452,
            "med": 30.636087,
            "max": 547.598202,
            "thresholds": {
                "p(95)<8000": false
            }
        },
        "checks": {
            "passes": 23097,
            "fails": 0,
            "value": 1
        }
    }
}