{
    "root_group": {
        "groups": {},
        "checks": {
                "status 2xx": {
                    "path": "::status 2xx",
                    "id": "5bf9cd1e387741ed8e40bbdbca9b6c92",
                    "passes": 74593,
                    "fails": 0,
                    "name": "status 2xx"
                }
            },
        "name": "",
        "path": "",
        "id": "d41d8cd98f00b204e9800998ecf8427e"
    },
    "metrics": {
        "vus_max": {
            "value": 20,
            "min": 20,
            "max": 20
        },
        "rest_insert_latency_ms": {
            "min": 1.892446,
            "med": 8.459851,
            "max": 285.975965,
            "p(90)": 14.476966000000003,
            "p(95)": 16.941675,
            "avg": 9.249795273403675,
            "thresholds": {
                "p(95)<8000": false
            }
        },
        "http_req_receiving": {
            "avg": 0.030809634469722846,
            "min": 0.005581,
            "med": 0.025007,
            "max": 2.087303,
            "p(90)": 0.0373278,
            "p(95)": 0.049103999999999884
        },
        "iteration_duration": {
            "avg": 9.374912893381374,
            "min": 1.987992,
            "med": 8.590857,
            "max": 286.088993,
            "p(90)": 14.6079564,
            "p(95)": 17.0525634
        },
        "rest_insert_success_rate": {
            "passes": 74593,
            "fails": 0,
            "thresholds": {
                "rate>0.99": false
            },
            "value": 1
        },
        "http_req_tls_handshaking": {
            "p(90)": 0,
            "p(95)": 0,
            "avg": 0,
            "min": 0,
            "med": 0,
            "max": 0
        },
        "iterations": {
            "count": 74593,
            "rate": 1864.7208797200933
        },
        "data_received": {
            "count": 11934880,
            "rate": 298355.3407552149
        },
        "http_req_sending": {
            "avg": 0.013431706741919404,
            "min": 0.005352,
            "med": 0.009668,
            "max": 2.67081,
            "p(90)": 0.0167828,
            "p(95)": 0.022149599999999978
        },
        "vus": {
            "value": 1,
            "min": 1,
            "max": 20
        },
        "http_req_connecting": {
            "med": 0,
            "max": 0.520405,
            "p(90)": 0,
            "p(95)": 0,
            "avg": 0.00006611651227326961,
            "min": 0
        },
        "checks": {
            "passes": 74593,
            "fails": 0,
            "value": 1
        },
        "data_sent": {
            "count": 96167205,
            "rate": 2404045.8904699176
        },
        "http_req_failed": {
            "passes": 0,
            "fails": 74593,
            "thresholds": {
                "rate<0.01": false
            },
            "value": 0
        },
        "http_req_duration{expected_response:true}": {
            "med": 8.459851,
            "max": 285.975965,
            "p(90)": 14.476966000000003,
            "p(95)": 16.941675,
            "avg": 9.249795273403675,
            "min": 1.892446
        },
        "http_req_waiting": {
            "p(95)": 16.90813339999999,
            "avg": 9.20555393219201,
            "min": 1.854441,
            "med": 8.412482,
            "max": 285.946097,
            "p(90)": 14.432829400000001
        },
        "http_req_duration": {
            "min": 1.892446,
            "med": 8.459851,
            "max": 285.975965,
            "p(90)": 14.476966000000003,
            "p(95)": 16.941675,
            "avg": 9.249795273403675
        },
        "http_reqs": {
            "count": 74593,
            "rate": 1864.7208797200933
        },
        "http_req_blocked": {
            "med": 0.002454,
            "max": 2.407516,
            "p(90)": 0.003196,
            "p(95)": 0.003743,
            "avg": 0.0031987197324146147,
            "min": 0.001066
        }
    }
}