{
    "root_group": {
        "path": "",
        "id": "d41d8cd98f00b204e9800998ecf8427e",
        "groups": {},
        "checks": {
                "status 2xx": {
                    "passes": 73641,
                    "fails": 0,
                    "name": "status 2xx",
                    "path": "::status 2xx",
                    "id": "5bf9cd1e387741ed8e40bbdbca9b6c92"
                }
            },
        "name": ""
    },
    "metrics": {
        "http_reqs": {
            "count": 73641,
            "rate": 1840.9259649024682
        },
        "vus": {
            "min": 1,
            "max": 20,
            "value": 1
        },
        "http_req_connecting": {
            "max": 1.066587,
            "p(90)": 0,
            "p(95)": 0,
            "avg": 0.00006862849499599408,
            "min": 0,
            "med": 0
        },
        "http_req_receiving": {
            "min": 0.00763,
            "med": 0.024844,
            "max": 5.982352,
            "p(90)": 0.037929,
            "p(95)": 0.051093,
            "avg": 0.0319827190966988
        },
        "iterations": {
            "count": 73641,
            "rate": 1840.9259649024682
        },
        "vus_max": {
            "value": 20,
            "min": 20,
            "max": 20
        },
        "checks": {
            "passes": 73641,
            "fails": 0,
            "value": 1
        },
        "data_sent": {
            "rate": 2373427.7432504245,
            "count": 94942217
        },
        "http_req_failed": {
            "passes": 0,
            "fails": 73641,
            "thresholds": {
                "rate<0.01": false
            },
            "value": 0
        },
        "http_req_tls_handshaking": {
            "avg": 0,
            "min": 0,
            "med": 0,
            "max": 0,
            "p(90)": 0,
            "p(95)": 0
        },
        "rest_insert_success_rate": {
            "passes": 73641,
            "fails": 0,
            "thresholds": {
                "rate>0.99": false
            },
            "value": 1
        },
        "http_req_duration": {
            "avg": 9.367802110359635,
            "min": 1.86822,
            "med": 8.683257,
            "max": 264.704382,
            "p(90)": 14.698669,
            "p(95)": 17.135336
        },
        "http_req_blocked": {
            "p(90)": 0.003222,
            "p(95)": 0.003824,
            "avg": 0.0030790552817044742,
            "min": 0.001065,
            "med": 0.00242,
            "max": 2.450469
        },
        "http_req_waiting": {
            "p(95)": 17.079661,
            "avg": 9.322156826618237,
            "min": 1.829008,
            "med": 8.63622,
            "max": 264.665442,
            "p(90)": 14.653823
        },
        "data_received": {
            "count": 11782560,
            "rate": 294548.1543843949
        },
        "iteration_duration": {
            "avg": 9.496645101193618,
            "min": 1.970303,
            "med": 8.810671,
            "max": 264.815591,
            "p(90)": 14.831778,
            "p(95)": 17.283162
        },
        "rest_insert_latency_ms": {
            "med": 8.683257,
            "max": 264.704382,
            "p(90)": 14.698669,
            "p(95)": 17.135336,
            "avg": 9.367802110359635,
            "min": 1.86822,
            "thresholds": {
                "p(95)<8000": false
            }
        },
        "http_req_duration{expected_response:true}": {
            "avg": 9.367802110359635,
            "min": 1.86822,
            "med": 8.683257,
            "max": 264.704382,
            "p(90)": 14.698669,
            "p(95)": 17.135336
        },
        "http_req_sending": {
            "p(90)": 0.017162,
            "p(95)": 0.022827,
            "avg": 0.013662564644695351,
            "min": 0.005507,
            "med": 0.009584,
            "max": 2.858808
        }
    }
}