{
    "root_group": {
        "groups": {},
        "checks": {
                "status 2xx": {
                    "name": "status 2xx",
                    "path": "::status 2xx",
                    "id": "5bf9cd1e387741ed8e40bbdbca9b6c92",
                    "passes": 15415,
                    "fails": 0
                }
            },
        "name": "",
        "path": "",
        "id": "d41d8cd98f00b204e9800998ecf8427e"
    },
    "metrics": {
        "http_req_connecting": {
            "med": 0,
            "max": 2.262786,
            "p(90)": 0,
            "p(95)": 0,
            "avg": 0.0012537331170937402,
            "min": 0
        },
        "iteration_duration": {
            "p(95)": 70.85682929999993,
            "avg": 45.388445202335184,
            "min": 7.035852,
            "med": 47.339689,
            "max": 166.391074,
            "p(90)": 54.1531676
        },
        "rest_insert_success_rate": {
            "passes": 15415,
            "fails": 0,
            "thresholds": {
                "rate>0.99": false
            },
            "value": 1
        },
        "http_req_duration{expected_response:true}": {
            "avg": 44.9078125544599,
            "min": 6.760412,
            "med": 46.85689,
            "max": 165.340617,
            "p(90)": 53.6503554,
            "p(95)": 70.34147599999997
        },
        "http_req_waiting": {
            "avg": 44.75111502082367,
            "min": 6.660577,
            "med": 46.703687,
            "max": 165.15877,
            "p(90)": 53.4813668,
            "p(95)": 70.11045619999992
        },
        "http_req_failed": {
            "passes": 0,
            "fails": 15415,
            "thresholds": {
                "rate<0.01": false
            },
            "value": 0
        },
        "rest_insert_latency_ms": {
            "max": 165.340617,
            "p(90)": 53.6503554,
            "p(95)": 70.34147599999997,
            "avg": 44.9078125544599,
            "min": 6.760412,
            "med": 46.85689,
            "thresholds": {
                "p(95)<8000": false
            }
        },
        "http_req_duration": {
            "avg": 44.9078125544599,
            "min": 6.760412,
            "med": 46.85689,
            "max": 165.340617,
            "p(90)": 53.6503554,
            "p(95)": 70.34147599999997
        },
        "http_req_tls_handshaking": {
            "p(90)": 0,
            "p(95)": 0,
            "avg": 0,
            "min": 0,
            "med": 0,
            "max": 0
        },
        "vus_max": {
            "value": 20,
            "min": 20,
            "max": 20
        },
        "http_req_blocked": {
            "avg": 0.013339451313655578,
            "min": 0.003477,
            "med": 0.008328,
            "max": 2.879724,
            "p(90)": 0.0112054,
            "p(95)": 0.027239899999999952
        },
        "data_sent": {
            "count": 10011502,
            "rate": 249877.9925488361
        },
        "http_req_receiving": {
            "p(90)": 0.13878000000000001,
            "p(95)": 0.2034654,
            "avg": 0.09563552364579941,
            "min": 0.018812,
            "med": 0.073974,
            "max": 11.04653
        },
        "iterations": {
            "count": 15415,
            "rate": 384.7443925137615
        },
        "vus": {
            "value": 1,
            "min": 1,
            "max": 20
        },
        "http_req_sending": {
            "p(95)": 0.15656509999999998,
            "avg": 0.061062009990268944,
            "min": 0.011299,
            "med": 0.046429,
            "max": 1.159987,
            "p(90)": 0.1036458
        },
        "checks": {
            "fails": 0,
            "passes": 15415,
            "value": 1
        },
        "data_received": {
            "count": 986560,
            "rate": 24623.641120880737
        },
        "http_reqs": {
            "count": 15415,
            "rate": 384.7443925137615
        }
    }
}