{"metrics":{"storage_upload_latency_large_ms":{"avg":178.0930690177277,"min":11.977678,"med":179.784059,"max":416.428478,"p(90)":243.389595,"p(95)":276.472572,"thresholds":{"p(95)<30000":false}},"http_req_waiting":{"p(90)":171.4397743,"p(95)":193.57291084999997,"avg":82.90358007137415,"min":2.254242,"med":64.70667499999999,"max":412.41262},"vus":{"value":2,"min":2,"max":20},"storage_download_latency_large_ms":{"avg":131.41195968493153,"min":6.278457,"med":133.534259,"max":349.77908,"p(90)":182.80286,"p(95)":205.235963,"thresholds":{"p(95)<30000":false}},"iterations":{"count":4137,"rate":103.39457639662714},"storage_upload_success_rate":{"passes":2482,"fails":2896,"thresholds":{"rate>0.99":true},"value":0.4615098549646709},"http_req_receiving":{"med":0.06589249999999999,"max":168.738691,"p(90)":32.823510500000005,"p(95)":42.54480459999999,"avg":6.00835516030534,"min":0.013718},"http_req_connecting":{"med":0,"max":0.507207,"p(90)":0,"p(95)":0,"avg":0.00039984058524173023,"min":0},"data_received":{"count":1384809398,"rate":34610051.02641485},"checks":{"passes":7446,"fails":2896,"value":0.7199767936569329},"iteration_duration":{"p(95)":566.7103013999999,"avg":169.78901356393516,"min":2.877253,"med":52.38809,"max":885.878926,"p(90)":508.4632974000001},"http_req_sending":{"min":0.004429,"med":0.06790650000000001,"max":81.424658,"p(90)":0.3652332000000001,"p(95)":0.46413934999999995,"avg":0.164709867302799},"storage_download_latency_small_ms":{"p(90)":81.634729,"p(95)":88.777906,"avg":58.31839117002408,"min":3.17985,"med":58.747815,"max":150.542307,"thresholds":{"p(95)<10000":false}},"http_reqs":{"rate":196.4421973597992,"count":7860},"http_req_tls_handshaking":{"max":0,"p(90)":0,"p(95)":0,"avg":0,"min":0,"med":0},"data_sent":{"rate":39400990.3041504,"count":1576503358},"http_req_duration{expected_response:true}":{"avg":117.81776512389234,"min":3.17985,"med":113.47814,"max":416.428478,"p(90)":192.59089589999994,"p(95)":217.50922879999985},"storage_upload_latency_small_ms":{"avg":58.90103128257191,"min":2.732854,"med":51.301022,"max":260.164677,"p(90)":114.70920060000002,"p(95)":132.6554488,"thresholds":{"p(95)<10000":false}},"http_req_failed":{"passes":2896,"fails":4964,"thresholds":{"rate<0.01":true},"value":0.36844783715012724},"storage_download_success_rate":{"passes":2482,"fails":0,"thresholds":{"rate>0.99":false},"value":1},"http_req_duration":{"avg":89.07664509898265,"min":2.732854,"med":65.4310245,"max":416.428478,"p(90)":179.12627680000003,"p(95)":200.59349764999996},"storage_upload_errors":{"count":2896,"rate":72.37870274223646},"http_req_blocked":{"med":0.003838,"max":0.9798,"p(90)":0.0057881,"p(95)":0.006820049999999999,"avg":0.005364052162849872,"min":0.001307},"vus_max":{"value":20,"min":20,"max":20}},"root_group":{"name":"","path":"","id":"d41d8cd98f00b204e9800998ecf8427e","groups":{},"checks":{"upload small: 2xx":{"name":"upload small: 2xx","path":"::upload small: 2xx","id":"9b78e7f8d042046407ce2843b9099f47","passes":1241,"fails":2896},"upload large: 2xx":{"name":"upload large: 2xx","path":"::upload large: 2xx","id":"913fbb8ef39ab0a4099ac11b8bdac29a","passes":1241,"fails":0},"download small: 200":{"passes":1241,"fails":0,"name":"download small: 200","path":"::download small: 200","id":"55be9db100b79a8c7487de0023a297bd"},"download small: exact size":{"fails":0,"name":"download small: exact size","path":"::download small: exact size","id":"70e0ea1870a9f7e3913e05e679827c31","passes":1241},"download large: 200":{"name":"download large: 200","path":"::download large: 200","id":"cfab91118480a59b6fa810589e9e3b56","passes":1241,"fails":0},"download large: exact size":{"name":"download large: exact size","path":"::download large: exact size","id":"7b6f24557fbf84980cfa4dc2883a0090","passes":1241,"fails":0}}},"__bench_threshold_failed":true,"__bench_target":"supabase"}