{
    "root_group": {
        "checks": {
            "status 2xx": {
                "name": "status 2xx",
                "path": "::status 2xx",
                "id": "5bf9cd1e387741ed8e40bbdbca9b6c92",
                "passes": 74448,
                "fails": 0
            }
        },
        "name": "",
        "path": "",
        "id": "d41d8cd98f00b204e9800998ecf8427e",
        "groups": {}
    },
    "metrics": {
        "vus_max": {
            "value": 20,
            "min": 20,
            "max": 20
        },
        "http_req_duration{expected_response:true}": {
            "avg": 9.26911676961097,
            "min": 1.859738,
            "med": 8.4357095,
            "max": 301.286228,
            "p(90)": 14.451200600000004,
            "p(95)": 17.293156299999996
        },
        "http_req_connecting": {
            "avg": 0.000047783835697399526,
            "min": 0,
            "med": 0,
            "max": 0.426756,
            "p(90)": 0,
            "p(95)": 0
        },
        "http_req_failed": {
            "passes": 0,
            "fails": 74448,
            "thresholds": {
                "rate<0.01": false
            },
            "value": 0
        },
        "http_req_waiting": {
            "max": 301.247697,
            "p(90)": 14.4056921,
            "p(95)": 17.23791704999999,
            "avg": 9.224556190790732,
            "min": 1.823023,
            "med": 8.392713
        },
        "data_sent": {
            "count": 95531982,
            "rate": 2388235.5217041923
        },
        "rest_insert_latency_ms": {
            "p(95)": 17.293156299999996,
            "avg": 9.26911676961097,
            "min": 1.859738,
            "med": 8.4357095,
            "max": 301.286228,
            "p(90)": 14.451200600000004,
            "thresholds": {
                "p(95)<8000": false
            }
        },
        "http_req_blocked": {
            "avg": 0.0032306880372877933,
            "min": 0.001099,
            "med": 0.002421,
            "max": 1.86986,
            "p(90)": 0.003196300000000003,
            "p(95)": 0.003762
        },
        "http_req_sending": {
            "avg": 0.013785987790135384,
            "min": 0.005317,
            "med": 0.009645,
            "max": 3.818263,
            "p(90)": 0.017236300000000003,
            "p(95)": 0.02318929999999999
        },
        "data_received": {
            "count": 11911680,
            "rate": 297784.016447742
        },
        "http_req_receiving": {
            "avg": 0.030774591029980706,
            "min": 0.007338,
            "med": 0.024691,
            "max": 2.707574,
            "p(90)": 0.0377423,
            "p(95)": 0.05030779999999993
        },
        "http_req_duration": {
            "avg": 9.26911676961097,
            "min": 1.859738,
            "med": 8.4357095,
            "max": 301.286228,
            "p(90)": 14.451200600000004,
            "p(95)": 17.293156299999996
        },
        "http_reqs": {
            "count": 74448,
            "rate": 1861.1501027983877
        },
        "checks": {
            "passes": 74448,
            "fails": 0,
            "value": 1
        },
        "iterations": {
            "count": 74448,
            "rate": 1861.1501027983877
        },
        "iteration_duration": {
            "avg": 9.394214886659151,
            "min": 1.95735,
            "med": 8.5665355,
            "max": 301.397078,
            "p(90)": 14.588322700000006,
            "p(95)": 17.410253549999997
        },
        "vus": {
            "value": 1,
            "min": 1,
            "max": 20
        },
        "rest_insert_success_rate": {
            "passes": 74448,
            "fails": 0,
            "thresholds": {
                "rate>0.99": false
            },
            "value": 1
        },
        "http_req_tls_handshaking": {
            "p(90)": 0,
            "p(95)": 0,
            "avg": 0,
            "min": 0,
            "med": 0,
            "max": 0
        }
    }
}