{
    "root_group": {
        "name": "",
        "path": "",
        "id": "d41d8cd98f00b204e9800998ecf8427e",
        "groups": {},
        "checks": {
                "status 2xx": {
                    "path": "::status 2xx",
                    "id": "5bf9cd1e387741ed8e40bbdbca9b6c92",
                    "passes": 87255,
                    "fails": 0,
                    "name": "status 2xx"
                }
            }
    },
    "metrics": {
        "http_req_tls_handshaking": {
            "p(90)": 0,
            "p(95)": 0,
            "avg": 0,
            "min": 0,
            "med": 0,
            "max": 0
        },
        "http_req_receiving": {
            "avg": 0.03509155799667577,
            "min": 0.004944,
            "med": 0.020679,
            "max": 5.972172,
            "p(90)": 0.05463300000000003,
            "p(95)": 0.10030700000000015
        },
        "http_req_connecting": {
            "avg": 0.0001536677668901496,
            "min": 0,
            "med": 0,
            "max": 1.477683,
            "p(90)": 0,
            "p(95)": 0
        },
        "rest_insert_latency_ms": {
            "min": 3.281405,
            "med": 7.069016,
            "max": 315.608432,
            "p(90)": 9.728539000000001,
            "p(95)": 11.060907100000001,
            "avg": 7.840328111775767,
            "thresholds": {
                "p(95)<8000": false
            }
        },
        "http_req_duration": {
            "avg": 7.840328111775765,
            "min": 3.281405,
            "med": 7.069016,
            "max": 315.608432,
            "p(90)": 9.728539000000001,
            "p(95)": 11.060907100000001
        },
        "data_received": {
            "count": 5584320,
            "rate": 139594.44282851293
        },
        "vus": {
            "min": 1,
            "max": 20,
            "value": 1
        },
        "iterations": {
            "count": 87255,
            "rate": 2181.1631691955145
        },
        "checks": {
            "passes": 87255,
            "fails": 0,
            "value": 1
        },
        "http_req_waiting": {
            "p(90)": 9.657977800000001,
            "p(95)": 11.001685100000008,
            "avg": 7.785914752747753,
            "min": 3.236869,
            "med": 7.01415,
            "max": 315.519146
        },
        "iteration_duration": {
            "max": 315.881587,
            "p(90)": 9.9425614,
            "p(95)": 11.2807668,
            "avg": 8.009798748977104,
            "min": 3.395604,
            "med": 7.235743
        },
        "http_req_failed": {
            "fails": 87255,
            "passes": 0,
            "thresholds": {
                "rate<0.01": false
            },
            "value": 0
        },
        "data_sent": {
            "rate": 1431432.3317611602,
            "count": 57262854
        },
        "vus_max": {
            "value": 20,
            "min": 20,
            "max": 20
        },
        "rest_insert_success_rate": {
            "passes": 87255,
            "fails": 0,
            "thresholds": {
                "rate>0.99": false
            },
            "value": 1
        },
        "http_req_duration{expected_response:true}": {
            "min": 3.281405,
            "med": 7.069016,
            "max": 315.608432,
            "p(90)": 9.728539000000001,
            "p(95)": 11.060907100000001,
            "avg": 7.840328111775765
        },
        "http_req_blocked": {
            "p(95)": 0.004806300000000003,
            "avg": 0.00448754705174484,
            "min": 0.000998,
            "med": 0.002557,
            "max": 2.911233,
            "p(90)": 0.003771
        },
        "http_req_sending": {
            "avg": 0.019321801031459557,
            "min": 0.004758,
            "med": 0.010236,
            "max": 3.344887,
            "p(90)": 0.027581600000000005,
            "p(95)": 0.05335500000000003
        },
        "http_reqs": {
            "count": 87255,
            "rate": 2181.1631691955145
        }
    }
}