{
    "root_group": {
        "path": "",
        "id": "d41d8cd98f00b204e9800998ecf8427e",
        "groups": {},
        "checks": {
                "status 200": {
                    "name": "status 200",
                    "path": "::status 200",
                    "id": "fad9fa412b86fcb03bee97c80dcd61f1",
                    "passes": 60501,
                    "fails": 0
                },
                "body is non-empty array": {
                    "name": "body is non-empty array",
                    "path": "::body is non-empty array",
                    "id": "4a612b9605825888f90f82b3870dfa0a",
                    "passes": 60501,
                    "fails": 0
                }
            },
        "name": ""
    },
    "metrics": {
        "http_req_failed": {
            "passes": 0,
            "fails": 60501,
            "thresholds": {
                "rate<0.01": false
            },
            "value": 0
        },
        "rest_select_latency_ms": {
            "min": 2.29033,
            "med": 9.312399,
            "max": 124.540665,
            "p(90)": 16.921216,
            "p(95)": 23.348844,
            "avg": 10.916881358126437,
            "thresholds": {
                "p(95)<5000": false
            }
        },
        "vus_max": {
            "value": 20,
            "min": 20,
            "max": 20
        },
        "http_req_tls_handshaking": {
            "max": 0,
            "p(90)": 0,
            "p(95)": 0,
            "avg": 0,
            "min": 0,
            "med": 0
        },
        "iterations": {
            "count": 60501,
            "rate": 1512.3228825081053
        },
        "http_req_duration{expected_response:true}": {
            "p(95)": 23.348844,
            "avg": 10.916881358126437,
            "min": 2.29033,
            "med": 9.312399,
            "max": 124.540665,
            "p(90)": 16.921216
        },
        "http_req_connecting": {
            "avg": 0.0002744607857721361,
            "min": 0,
            "med": 0,
            "max": 1.90538,
            "p(90)": 0,
            "p(95)": 0
        },
        "http_req_blocked": {
            "avg": 0.009899369299681028,
            "min": 0.00132,
            "med": 0.005226,
            "max": 14.650557,
            "p(90)": 0.00748,
            "p(95)": 0.009755
        },
        "http_req_waiting": {
            "avg": 10.771257157253595,
            "min": 2.240772,
            "med": 9.172936,
            "max": 124.313042,
            "p(90)": 16.728269,
            "p(95)": 23.176265
        },
        "http_reqs": {
            "count": 60501,
            "rate": 1512.3228825081053
        },
        "http_req_duration": {
            "max": 124.540665,
            "p(90)": 16.921216,
            "p(95)": 23.348844,
            "avg": 10.916881358126437,
            "min": 2.29033,
            "med": 9.312399
        },
        "data_sent": {
            "rate": 854462.4286170795,
            "count": 34183065
        },
        "checks": {
            "passes": 121002,
            "fails": 0,
            "value": 1
        },
        "http_req_sending": {
            "avg": 0.03488517688963786,
            "min": 0.004659,
            "med": 0.016981,
            "max": 20.333093,
            "p(90)": 0.041608,
            "p(95)": 0.078389
        },
        "iteration_duration": {
            "max": 124.980648,
            "p(90)": 17.752169,
            "p(95)": 24.064514,
            "avg": 11.545143415166757,
            "min": 2.540551,
            "med": 9.924812
        },
        "rest_select_success_rate": {
            "passes": 60501,
            "fails": 0,
            "thresholds": {
                "rate>0.99": false
            },
            "value": 1
        },
        "http_req_receiving": {
            "avg": 0.11073902398307403,
            "min": 0.011457,
            "med": 0.053876,
            "max": 20.001462,
            "p(90)": 0.152715,
            "p(95)": 0.311749
        },
        "data_received": {
            "count": 111321840,
            "rate": 2782674.103814914
        },
        "vus": {
            "value": 1,
            "min": 1,
            "max": 20
        }
    }
}