{"root_group":{"name":"","path":"","id":"d41d8cd98f00b204e9800998ecf8427e","groups":{},"checks":{"upload small: 2xx":{"name":"upload small: 2xx","path":"::upload small: 2xx","id":"9b78e7f8d042046407ce2843b9099f47","passes":914,"fails":5209},"upload large: 2xx":{"path":"::upload large: 2xx","id":"913fbb8ef39ab0a4099ac11b8bdac29a","passes":914,"fails":0,"name":"upload large: 2xx"},"download small: 200":{"name":"download small: 200","path":"::download small: 200","id":"55be9db100b79a8c7487de0023a297bd","passes":914,"fails":0},"download small: exact size":{"path":"::download small: exact size","id":"70e0ea1870a9f7e3913e05e679827c31","passes":914,"fails":0,"name":"download small: exact size"},"download large: 200":{"name":"download large: 200","path":"::download large: 200","id":"cfab91118480a59b6fa810589e9e3b56","passes":914,"fails":0},"download large: exact size":{"name":"download large: exact size","path":"::download large: exact size","id":"7b6f24557fbf84980cfa4dc2883a0090","passes":914,"fails":0}}},"metrics":{"data_received":{"count":1020715818,"rate":25499719.530415636},"iteration_duration":{"max":916.476895,"p(90)":459.4092748,"p(95)":516.4474896999999,"avg":114.66498424791753,"min":2.686382,"med":58.847135},"http_req_duration{expected_response:true}":{"avg":117.22976558725375,"min":3.333695,"med":109.0472475,"max":380.601038,"p(90)":202.408459,"p(95)":234.3184225},"http_req_failed":{"passes":5209,"fails":3656,"thresholds":{"rate<0.01":true},"value":0.5875916525662719},"storage_download_latency_small_ms":{"max":121.503991,"p(90)":83.6489407,"p(95)":94.52373114999999,"avg":55.89339732603935,"min":3.333695,"med":56.171583999999996,"thresholds":{"p(95)<10000":false}},"storage_download_success_rate":{"fails":0,"passes":1828,"thresholds":{"rate>0.99":false},"value":1},"storage_upload_success_rate":{"passes":1828,"fails":5209,"thresholds":{"rate>0.99":true},"value":0.2597697882620435},"data_sent":{"rate":34084680.989322305,"count":1364359047},"storage_upload_latency_small_ms":{"min":2.538779,"med":58.182277,"max":271.294207,"p(90)":91.1177322,"p(95)":110.77604769999996,"avg":59.20888751020737,"thresholds":{"p(95)<10000":false}},"http_req_connecting":{"avg":0.0003603195713479978,"min":0,"med":0,"max":0.375599,"p(90)":0,"p(95)":0},"http_req_receiving":{"p(95)":39.36351359999999,"avg":4.113504975747322,"min":0.014954,"med":0.061955,"max":102.190756,"p(90)":3.8345932000000262},"iterations":{"count":6123,"rate":152.96596754096245},"http_req_sending":{"med":0.070062,"max":94.95721,"p(90)":0.32499060000000013,"p(95)":0.41970539999999995,"avg":0.2773881756345174,"min":0.005135},"http_reqs":{"count":8865,"rate":221.46714065827734},"http_req_waiting":{"min":2.245723,"med":60.586232,"max":380.12494,"p(90)":150.1622666,"p(95)":185.82016299999995,"avg":74.54405802842642},"vus_max":{"value":20,"min":20,"max":20},"checks":{"passes":5484,"fails":5209,"value":0.5128588796408866},"storage_download_latency_large_ms":{"p(90)":198.91777160000004,"p(95)":223.04522154999995,"avg":134.28567541684922,"min":6.311265,"med":139.91307799999998,"max":296.495274,"thresholds":{"p(95)<30000":false}},"http_req_duration":{"med":60.811135,"max":380.601038,"p(90)":165.70722060000008,"p(95)":194.994849,"avg":78.93495117980821,"min":2.538779},"storage_upload_latency_large_ms":{"min":12.063748,"med":183.90240649999998,"max":380.601038,"p(90)":263.28944020000006,"p(95)":295.0513038999998,"avg":178.7731416816192,"thresholds":{"p(95)<30000":false}},"http_req_blocked":{"avg":0.0053765904117315366,"min":0.001392,"med":0.003666,"max":1.18817,"p(90)":0.005711400000000001,"p(95)":0.006767199999999997},"http_req_tls_handshaking":{"max":0,"p(90)":0,"p(95)":0,"avg":0,"min":0,"med":0},"vus":{"value":2,"min":2,"max":20},"storage_upload_errors":{"rate":130.13224316852416,"count":5209}},"__bench_threshold_failed":true,"__bench_target":"supabase"}