{
    "metrics": {
        "vus": {
            "min": 1,
            "max": 20,
            "value": 1
        },
        "http_req_duration{expected_response:true}": {
            "avg": 7.718874775464991,
            "min": 3.242683,
            "med": 7.004607,
            "max": 352.516312,
            "p(90)": 9.5694823,
            "p(95)": 10.75277235
        },
        "data_received": {
            "count": 5669888,
            "rate": 141742.12785008727
        },
        "http_req_receiving": {
            "p(90)": 0.05547760000000004,
            "p(95)": 0.10281754999999988,
            "avg": 0.03525272131795207,
            "min": 0.005694,
            "med": 0.020823,
            "max": 3.296868
        },
        "checks": {
            "passes": 88592,
            "fails": 0,
            "value": 1
        },
        "iterations": {
            "rate": 2214.7207476576136,
            "count": 88592
        },
        "http_req_failed": {
            "passes": 0,
            "fails": 88592,
            "thresholds": {
                "rate<0.01": false
            },
            "value": 0
        },
        "rest_insert_success_rate": {
            "passes": 88592,
            "fails": 0,
            "thresholds": {
                "rate>0.99": false
            },
            "value": 1
        },
        "http_req_duration": {
            "max": 352.516312,
            "p(90)": 9.5694823,
            "p(95)": 10.75277235,
            "avg": 7.718874775464991,
            "min": 3.242683,
            "med": 7.004607
        },
        "http_req_sending": {
            "p(95)": 0.05276719999999996,
            "avg": 0.019412431652970834,
            "min": 0.004819,
            "med": 0.010374,
            "max": 3.01861,
            "p(90)": 0.02763
        },
        "iteration_duration": {
            "avg": 7.888331955729606,
            "min": 3.340459,
            "med": 7.1699295,
            "max": 352.663882,
            "p(90)": 9.768778,
            "p(95)": 10.9793466
        },
        "http_req_waiting": {
            "p(95)": 10.694002849999995,
            "avg": 7.664209622494105,
            "min": 3.206226,
            "med": 6.9523174999999995,
            "max": 352.453399,
            "p(90)": 9.5008898
        },
        "vus_max": {
            "max": 20,
            "value": 20,
            "min": 20
        },
        "http_req_blocked": {
            "avg": 0.00429615232752399,
            "min": 0.001051,
            "med": 0.002565,
            "max": 1.842782,
            "p(90)": 0.003762,
            "p(95)": 0.004834899999999994
        },
        "data_sent": {
            "count": 58142093,
            "rate": 1453500.3124360947
        },
        "rest_insert_latency_ms": {
            "p(95)": 10.75277235,
            "avg": 7.718874775464991,
            "min": 3.242683,
            "med": 7.004607,
            "max": 352.516312,
            "p(90)": 9.5694823,
            "thresholds": {
                "p(95)<8000": false
            }
        },
        "http_req_connecting": {
            "max": 0.841877,
            "p(90)": 0,
            "p(95)": 0,
            "avg": 0.00013925110619469023,
            "min": 0,
            "med": 0
        },
        "http_req_tls_handshaking": {
            "max": 0,
            "p(90)": 0,
            "p(95)": 0,
            "avg": 0,
            "min": 0,
            "med": 0
        },
        "http_reqs": {
            "rate": 2214.7207476576136,
            "count": 88592
        }
    },
    "root_group": {
        "groups": {},
        "checks": {
                "status 2xx": {
                    "path": "::status 2xx",
                    "id": "5bf9cd1e387741ed8e40bbdbca9b6c92",
                    "passes": 88592,
                    "fails": 0,
                    "name": "status 2xx"
                }
            },
        "name": "",
        "path": "",
        "id": "d41d8cd98f00b204e9800998ecf8427e"
    }
}