{
    "root_group": {
        "path": "",
        "id": "d41d8cd98f00b204e9800998ecf8427e",
        "groups": {},
        "checks": {
                "status 2xx": {
                    "path": "::status 2xx",
                    "id": "5bf9cd1e387741ed8e40bbdbca9b6c92",
                    "passes": 23755,
                    "fails": 0,
                    "name": "status 2xx"
                }
            },
        "name": ""
    },
    "metrics": {
        "http_req_tls_handshaking": {
            "min": 0,
            "med": 0,
            "max": 0,
            "p(90)": 0,
            "p(95)": 0,
            "avg": 0
        },
        "vus": {
            "value": 1,
            "min": 1,
            "max": 20
        },
        "rest_insert_latency_ms": {
            "p(90)": 33.058171,
            "p(95)": 35.60462579999997,
            "avg": 29.280059100484166,
            "min": 3.33905,
            "med": 30.430761,
            "max": 209.553679,
            "thresholds": {
                "p(95)<8000": false
            }
        },
        "http_req_blocked": {
            "avg": 0.0052243879183329935,
            "min": 0.001856,
            "med": 0.00288,
            "max": 1.195824,
            "p(90)": 0.00412,
            "p(95)": 0.008208399999999972
        },
        "http_req_waiting": {
            "min": 3.299696,
            "med": 30.368713,
            "max": 209.497115,
            "p(90)": 32.9992668,
            "p(95)": 35.5351894,
            "avg": 29.215275040201767
        },
        "http_req_failed": {
            "passes": 0,
            "fails": 23755,
            "thresholds": {
                "rate<0.01": false
            },
            "value": 0
        },
        "checks": {
            "passes": 23755,
            "fails": 0,
            "value": 1
        },
        "http_req_receiving": {
            "avg": 0.04069318126710161,
            "min": 0.011084,
            "med": 0.029655,
            "max": 3.554111,
            "p(90)": 0.06078160000000001,
            "p(95)": 0.08972229999999999
        },
        "iterations": {
            "count": 23755,
            "rate": 593.8398191475943
        },
        "http_req_duration{expected_response:true}": {
            "p(95)": 35.60462579999997,
            "avg": 29.280059100484166,
            "min": 3.33905,
            "med": 30.430761,
            "max": 209.553679,
            "p(90)": 33.058171
        },
        "http_reqs": {
            "count": 23755,
            "rate": 593.8398191475943
        },
        "http_req_sending": {
            "avg": 0.024090879014944267,
            "min": 0.007735,
            "med": 0.017052,
            "max": 1.041793,
            "p(90)": 0.04562400000000001,
            "p(95)": 0.07276859999999997
        },
        "data_received": {
            "count": 1520320,
            "rate": 38005.748425446036
        },
        "rest_insert_success_rate": {
            "fails": 0,
            "passes": 23755,
            "thresholds": {
                "rate>0.99": false
            },
            "value": 1
        },
        "http_req_duration": {
            "avg": 29.280059100484166,
            "min": 3.33905,
            "med": 30.430761,
            "max": 209.553679,
            "p(90)": 33.058171,
            "p(95)": 35.60462579999997
        },
        "data_sent": {
            "count": 15432223,
            "rate": 385782.7200743147
        },
        "iteration_duration": {
            "avg": 29.461587398610657,
            "min": 3.443385,
            "med": 30.6027,
            "max": 209.823026,
            "p(90)": 33.256873399999996,
            "p(95)": 35.84644459999999
        },
        "http_req_connecting": {
            "p(95)": 0,
            "avg": 0.0005202216375499894,
            "min": 0,
            "med": 0,
            "max": 0.883074,
            "p(90)": 0
        },
        "vus_max": {
            "max": 20,
            "value": 20,
            "min": 20
        }
    }
}