{
    "root_group": {
        "checks": {
            "status 200": {
                "id": "fad9fa412b86fcb03bee97c80dcd61f1",
                "passes": 103206,
                "fails": 0,
                "name": "status 200",
                "path": "::status 200"
            },
            "body is non-empty array": {
                "name": "body is non-empty array",
                "path": "::body is non-empty array",
                "id": "4a612b9605825888f90f82b3870dfa0a",
                "passes": 103206,
                "fails": 0
            }
        },
        "name": "",
        "path": "",
        "id": "d41d8cd98f00b204e9800998ecf8427e",
        "groups": {}
    },
    "metrics": {
        "http_req_failed": {
            "passes": 0,
            "fails": 103206,
            "thresholds": {
                "rate<0.01": false
            },
            "value": 0
        },
        "http_req_connecting": {
            "med": 0,
            "max": 1.18244,
            "p(90)": 0,
            "p(95)": 0,
            "avg": 0.00008168350677286202,
            "min": 0
        },
        "vus": {
            "value": 1,
            "min": 1,
            "max": 20
        },
        "vus_max": {
            "min": 20,
            "max": 20,
            "value": 20
        },
        "http_reqs": {
            "count": 103206,
            "rate": 2580.0060708138312
        },
        "http_req_blocked": {
            "p(95)": 0.007951,
            "avg": 0.007628051363292819,
            "min": 0.001579,
            "med": 0.004915,
            "max": 16.452994,
            "p(90)": 0.006754
        },
        "http_req_waiting": {
            "avg": 6.1485295098347255,
            "min": 1.987177,
            "med": 4.955679,
            "max": 122.040626,
            "p(90)": 10.374030999999999,
            "p(95)": 13.10127775
        },
        "data_sent": {
            "count": 134683830,
            "rate": 3366907.92241205
        },
        "http_req_tls_handshaking": {
            "avg": 0,
            "min": 0,
            "med": 0,
            "max": 0,
            "p(90)": 0,
            "p(95)": 0
        },
        "data_received": {
            "count": 211985124,
            "rate": 5299332.469451609
        },
        "http_req_duration": {
            "p(90)": 10.528877999999999,
            "p(95)": 13.286866,
            "avg": 6.271911490494695,
            "min": 2.063845,
            "med": 5.077545499999999,
            "max": 122.105241
        },
        "http_req_receiving": {
            "max": 16.373273,
            "p(90)": 0.096233,
            "p(95)": 0.1785475,
            "avg": 0.09373712570974639,
            "min": 0.018966,
            "med": 0.048634
        },
        "checks": {
            "passes": 206412,
            "fails": 0,
            "value": 1
        },
        "iteration_duration": {
            "avg": 6.763152962424561,
            "min": 2.35868,
            "med": 5.5687485,
            "max": 123.60541,
            "p(90)": 11.100674,
            "p(95)": 13.9635765
        },
        "rest_select_latency_ms": {
            "p(90)": 10.528877999999999,
            "p(95)": 13.286866,
            "avg": 6.271911490494695,
            "min": 2.063845,
            "med": 5.077545499999999,
            "max": 122.105241,
            "thresholds": {
                "p(95)<5000": false
            }
        },
        "http_req_duration{expected_response:true}": {
            "avg": 6.271911490494695,
            "min": 2.063845,
            "med": 5.077545499999999,
            "max": 122.105241,
            "p(90)": 10.528877999999999,
            "p(95)": 13.286866
        },
        "http_req_sending": {
            "p(95)": 0.0529485,
            "avg": 0.029644854950293356,
            "min": 0.007501,
            "med": 0.015865,
            "max": 6.963198,
            "p(90)": 0.0302925
        },
        "rest_select_success_rate": {
            "passes": 103206,
            "fails": 0,
            "thresholds": {
                "rate>0.99": false
            },
            "value": 1
        },
        "iterations": {
            "count": 103206,
            "rate": 2580.0060708138312
        }
    }
}