{"metrics":{"http_req_duration{expected_response:true}":{"med":116.10871,"max":358.738435,"p(90)":193.187917,"p(95)":215.69040680000003,"avg":117.86598783718406,"min":3.793851},"data_received":{"count":1545047900,"rate":38606467.41581543},"checks":{"passes":8310,"fails":1511,"value":0.8461460136442317},"iterations":{"rate":72.36301841269872,"count":2896},"data_sent":{"rate":41121742.71814865,"count":1645710330},"storage_upload_latency_small_ms":{"p(95)":141.1041555,"avg":65.54831942472374,"min":2.81348,"med":48.556849,"max":253.024151,"p(90)":123.1527285,"thresholds":{"p(95)<10000":false}},"http_req_sending":{"avg":0.204486880300667,"min":0.004365,"med":0.066867,"max":74.827106,"p(90)":0.368887,"p(95)":0.4650165},"storage_upload_errors":{"count":1511,"rate":37.755704703586936},"iteration_duration":{"avg":242.44756198584236,"min":2.954369,"med":53.222181,"max":803.339463,"p(90)":542.6203325,"p(95)":603.26112025},"http_req_failed":{"passes":1511,"fails":5540,"thresholds":{"rate<0.01":true},"value":0.21429584456105516},"storage_download_latency_large_ms":{"med":135.737515,"max":257.761455,"p(90)":180.85884240000001,"p(95)":196.56017139999997,"avg":132.532768168231,"min":7.02811,"thresholds":{"p(95)<30000":false}},"storage_upload_success_rate":{"passes":2770,"fails":1511,"thresholds":{"rate>0.99":true},"value":0.6470450829245503},"http_req_connecting":{"min":0,"med":0,"max":0.546779,"p(90)":0,"p(95)":0,"avg":0.0004564220677918025},"storage_download_success_rate":{"passes":2770,"fails":0,"thresholds":{"rate>0.99":false},"value":1},"http_req_tls_handshaking":{"p(90)":0,"p(95)":0,"avg":0,"min":0,"med":0,"max":0},"http_req_waiting":{"min":2.453276,"med":83.178158,"max":358.124021,"p(90)":181.619801,"p(95)":201.404904,"avg":91.54631014707144},"storage_upload_latency_large_ms":{"max":358.738435,"p(90)":236.9509918000001,"p(95)":256.4173718,"avg":178.00715863971126,"min":13.437544,"med":180.844596,"thresholds":{"p(95)<30000":false}},"http_reqs":{"count":7051,"rate":176.18495954003407},"http_req_duration":{"p(95)":207.277997,"avg":99.28311879478092,"min":2.81348,"med":89.581893,"max":358.738435,"p(90)":186.925386},"http_req_blocked":{"med":0.003993,"max":1.147427,"p(90)":0.006169,"p(95)":0.0072955,"avg":0.0057960754502907556,"min":0.001148},"http_req_receiving":{"p(90)":37.663301,"p(95)":46.5898865,"avg":7.5323217674089085,"min":0.013437,"med":0.072906,"max":129.352024},"storage_download_latency_small_ms":{"avg":57.84804255523462,"min":3.793851,"med":57.855773,"max":132.963687,"p(90)":79.26154000000001,"p(95)":86.622682,"thresholds":{"p(95)<10000":false}},"vus":{"value":2,"min":2,"max":20},"vus_max":{"value":20,"min":20,"max":20}},"root_group":{"name":"","path":"","id":"d41d8cd98f00b204e9800998ecf8427e","groups":{},"checks":{"upload small: 2xx":{"name":"upload small: 2xx","path":"::upload small: 2xx","id":"9b78e7f8d042046407ce2843b9099f47","passes":1385,"fails":1511},"upload large: 2xx":{"name":"upload large: 2xx","path":"::upload large: 2xx","id":"913fbb8ef39ab0a4099ac11b8bdac29a","passes":1385,"fails":0},"download small: 200":{"name":"download small: 200","path":"::download small: 200","id":"55be9db100b79a8c7487de0023a297bd","passes":1385,"fails":0},"download small: exact size":{"name":"download small: exact size","path":"::download small: exact size","id":"70e0ea1870a9f7e3913e05e679827c31","passes":1385,"fails":0},"download large: 200":{"path":"::download large: 200","id":"cfab91118480a59b6fa810589e9e3b56","passes":1385,"fails":0,"name":"download large: 200"},"download large: exact size":{"path":"::download large: exact size","id":"7b6f24557fbf84980cfa4dc2883a0090","passes":1385,"fails":0,"name":"download large: exact size"}}},"__bench_threshold_failed":true,"__bench_target":"supabase"}