{"root_group":{"name":"","path":"","id":"d41d8cd98f00b204e9800998ecf8427e","groups":{},"checks":{"upload small: 2xx":{"name":"upload small: 2xx","path":"::upload small: 2xx","id":"9b78e7f8d042046407ce2843b9099f47","passes":1303,"fails":3204},"upload large: 2xx":{"passes":1303,"fails":0,"name":"upload large: 2xx","path":"::upload large: 2xx","id":"913fbb8ef39ab0a4099ac11b8bdac29a"},"download small: 200":{"name":"download small: 200","path":"::download small: 200","id":"55be9db100b79a8c7487de0023a297bd","passes":1303,"fails":0},"download small: exact size":{"name":"download small: exact size","path":"::download small: exact size","id":"70e0ea1870a9f7e3913e05e679827c31","passes":1303,"fails":0},"download large: 200":{"fails":0,"name":"download large: 200","path":"::download large: 200","id":"cfab91118480a59b6fa810589e9e3b56","passes":1303},"download large: exact size":{"name":"download large: exact size","path":"::download large: exact size","id":"7b6f24557fbf84980cfa4dc2883a0090","passes":1303,"fails":0}}},"metrics":{"data_received":{"count":1454036500,"rate":36286872.2086872},"storage_upload_latency_small_ms":{"p(95)":113.82652639999999,"avg":58.06279579365425,"min":2.781371,"med":55.335275,"max":252.950211,"p(90)":98.43468800000001,"thresholds":{"p(95)<10000":false}},"storage_download_latency_small_ms":{"avg":51.83863295855732,"min":5.047082,"med":49.605888,"max":151.588566,"p(90)":75.4037632,"p(95)":85.79608709999998,"thresholds":{"p(95)<10000":false}},"vus":{"value":2,"min":2,"max":20},"storage_upload_errors":{"count":3204,"rate":79.95888587159524},"vus_max":{"min":20,"max":20,"value":20},"http_req_waiting":{"max":482.175969,"p(90)":153.108117,"p(95)":176.10621350000002,"avg":77.29571589603128,"min":2.341595,"med":62.925205500000004},"http_req_tls_handshaking":{"med":0,"max":0,"p(90)":0,"p(95)":0,"avg":0,"min":0},"http_req_sending":{"min":0.004843,"med":0.06690950000000001,"max":74.705442,"p(90)":0.34960800000000003,"p(95)":0.4391735,"avg":0.1770280439638786},"storage_download_success_rate":{"passes":2606,"fails":0,"thresholds":{"rate>0.99":false},"value":1},"storage_upload_success_rate":{"passes":2606,"fails":3204,"thresholds":{"rate>0.99":true},"value":0.4485370051635112},"http_req_receiving":{"avg":5.693452137476248,"min":0.015066,"med":0.06521,"max":133.226924,"p(90)":30.7788835,"p(95)":39.84468975},"checks":{"passes":7818,"fails":3204,"value":0.7093086554164398},"storage_download_latency_large_ms":{"p(95)":204.764896,"avg":124.230831302379,"min":11.48338,"med":122.981638,"max":362.248559,"p(90)":177.6491042,"thresholds":{"p(95)<30000":false}},"http_reqs":{"count":8416,"rate":210.02933317582568},"http_req_blocked":{"med":0.003858,"max":1.086739,"p(90)":0.0059915,"p(95)":0.007184,"avg":0.005560123574144469,"min":0.001426},"iterations":{"count":4507,"rate":112.47649769765285},"http_req_duration{expected_response:true}":{"avg":106.96274957233246,"min":5.047082,"med":102.034546,"max":482.676002,"p(90)":177.11954830000002,"p(95)":201.39808234999992},"storage_upload_latency_large_ms":{"p(95)":263.68778869999994,"avg":160.2603020828856,"min":16.924184,"med":157.886492,"max":482.676002,"p(90)":218.75790979999996,"thresholds":{"p(95)<30000":false}},"iteration_duration":{"avg":155.8230211890393,"min":2.942767,"med":56.951678,"max":1033.495283,"p(90)":449.3642132,"p(95)":507.48486029999987},"http_req_connecting":{"p(95)":0,"avg":0.00035866421102661596,"min":0,"med":0,"max":0.387706,"p(90)":0},"http_req_failed":{"passes":3204,"fails":5212,"thresholds":{"rate<0.01":true},"value":0.38070342205323193},"http_req_duration":{"p(95)":183.282496,"avg":83.16619607747133,"min":2.781371,"med":63.816626,"max":482.676002,"p(90)":161.022477},"data_sent":{"count":1666056583,"rate":41578036.25958706}},"__bench_threshold_failed":true,"__bench_target":"supabase"}