{
    "root_group": {
        "checks": {
            "status 2xx": {
                "name": "status 2xx",
                "path": "::status 2xx",
                "id": "5bf9cd1e387741ed8e40bbdbca9b6c92",
                "passes": 23335,
                "fails": 0
            }
        },
        "name": "",
        "path": "",
        "id": "d41d8cd98f00b204e9800998ecf8427e",
        "groups": {}
    },
    "metrics": {
        "checks": {
            "passes": 23335,
            "fails": 0,
            "value": 1
        },
        "iterations": {
            "count": 23335,
            "rate": 583.368281464176
        },
        "http_req_connecting": {
            "max": 0.905738,
            "p(90)": 0,
            "p(95)": 0,
            "avg": 0.00053299074351832,
            "min": 0,
            "med": 0
        },
        "rest_insert_latency_ms": {
            "avg": 29.80831084941066,
            "min": 3.241307,
            "med": 30.702948,
            "max": 430.489227,
            "p(90)": 33.7073148,
            "p(95)": 44.077737299999974,
            "thresholds": {
                "p(95)<8000": false
            }
        },
        "http_req_sending": {
            "max": 2.466669,
            "p(90)": 0.04622780000000002,
            "p(95)": 0.07388,
            "avg": 0.02451597373044809,
            "min": 0.007477,
            "med": 0.01707
        },
        "iteration_duration": {
            "avg": 29.992216942747135,
            "min": 3.335631,
            "med": 30.876196,
            "max": 430.68381,
            "p(90)": 33.89712960000001,
            "p(95)": 44.27703039999994
        },
        "http_req_waiting": {
            "min": 3.205128,
            "med": 30.634042,
            "max": 430.400023,
            "p(90)": 33.640132,
            "p(95)": 43.98703819999997,
            "avg": 29.74275317938719
        },
        "data_received": {
            "count": 1493440,
            "rate": 37335.57001370726
        },
        "vus": {
            "value": 1,
            "min": 1,
            "max": 20
        },
        "http_req_duration{expected_response:true}": {
            "min": 3.241307,
            "med": 30.702948,
            "max": 430.489227,
            "p(90)": 33.7073148,
            "p(95)": 44.077737299999974,
            "avg": 29.80831084941066
        },
        "vus_max": {
            "value": 20,
            "min": 20,
            "max": 20
        },
        "rest_insert_success_rate": {
            "passes": 23335,
            "fails": 0,
            "thresholds": {
                "rate>0.99": false
            },
            "value": 1
        },
        "http_req_duration": {
            "med": 30.702948,
            "max": 430.489227,
            "p(90)": 33.7073148,
            "p(95)": 44.077737299999974,
            "avg": 29.80831084941066,
            "min": 3.241307
        },
        "http_req_blocked": {
            "min": 0.001586,
            "med": 0.002826,
            "max": 1.204476,
            "p(90)": 0.004111,
            "p(95)": 0.008955999999999992,
            "avg": 0.0052103850439254055
        },
        "data_sent": {
            "count": 15157745,
            "rate": 378939.26083232084
        },
        "http_req_failed": {
            "passes": 0,
            "fails": 23335,
            "thresholds": {
                "rate<0.01": false
            },
            "value": 0
        },
        "http_req_receiving": {
            "avg": 0.04104169629312184,
            "min": 0.014302,
            "med": 0.029725,
            "max": 12.378682,
            "p(90)": 0.06015840000000001,
            "p(95)": 0.09288919999999999
        },
        "http_reqs": {
            "count": 23335,
            "rate": 583.368281464176
        },
        "http_req_tls_handshaking": {
            "min": 0,
            "med": 0,
            "max": 0,
            "p(90)": 0,
            "p(95)": 0,
            "avg": 0
        }
    }
}