{
    "metrics": {
        "http_req_blocked": {
            "med": 0.002442,
            "max": 1.708366,
            "p(90)": 0.003189,
            "p(95)": 0.003753,
            "avg": 0.00304060400770916,
            "min": 0.001137
        },
        "http_req_waiting": {
            "min": 1.847973,
            "med": 8.457419999999999,
            "max": 278.363939,
            "p(90)": 14.2787899,
            "p(95)": 16.621280599999995,
            "avg": 9.061017456015543
        },
        "http_req_receiving": {
            "avg": 0.031260219209546775,
            "min": 0.007216,
            "med": 0.025149,
            "max": 4.54243,
            "p(90)": 0.037427,
            "p(95)": 0.04979439999999996
        },
        "iteration_duration": {
            "p(95)": 16.78471775,
            "avg": 9.231174807838554,
            "min": 1.967043,
            "med": 8.638902999999999,
            "max": 278.511074,
            "p(90)": 14.467647799999998
        },
        "iterations": {
            "count": 75754,
            "rate": 1893.734341690069
        },
        "http_req_failed": {
            "passes": 0,
            "fails": 75754,
            "thresholds": {
                "rate<0.01": false
            },
            "value": 0
        },
        "checks": {
            "fails": 0,
            "passes": 75754,
            "value": 1
        },
        "data_received": {
            "count": 12120640,
            "rate": 302997.49467041105
        },
        "data_sent": {
            "rate": 2430212.0267446362,
            "count": 97214418
        },
        "http_req_sending": {
            "p(90)": 0.016886399999999992,
            "p(95)": 0.022643849999999903,
            "avg": 0.01357420847744017,
            "min": 0.005323,
            "med": 0.009725,
            "max": 2.350639
        },
        "http_req_duration{expected_response:true}": {
            "p(90)": 14.324193899999994,
            "p(95)": 16.659542999999996,
            "avg": 9.10585188370254,
            "min": 1.879598,
            "med": 8.508192000000001,
            "max": 278.403279
        },
        "rest_insert_latency_ms": {
            "med": 8.508192000000001,
            "max": 278.403279,
            "p(90)": 14.324193899999994,
            "p(95)": 16.659542999999996,
            "avg": 9.10585188370254,
            "min": 1.879598,
            "thresholds": {
                "p(95)<8000": false
            }
        },
        "http_reqs": {
            "count": 75754,
            "rate": 1893.734341690069
        },
        "http_req_duration": {
            "avg": 9.10585188370254,
            "min": 1.879598,
            "med": 8.508192000000001,
            "max": 278.403279,
            "p(90)": 14.324193899999994,
            "p(95)": 16.659542999999996
        },
        "vus": {
            "value": 1,
            "min": 1,
            "max": 20
        },
        "http_req_connecting": {
            "p(95)": 0,
            "avg": 0.00006410403411041001,
            "min": 0,
            "med": 0,
            "max": 1.075418,
            "p(90)": 0
        },
        "http_req_tls_handshaking": {
            "p(90)": 0,
            "p(95)": 0,
            "avg": 0,
            "min": 0,
            "med": 0,
            "max": 0
        },
        "rest_insert_success_rate": {
            "passes": 75754,
            "fails": 0,
            "thresholds": {
                "rate>0.99": false
            },
            "value": 1
        },
        "vus_max": {
            "value": 20,
            "min": 20,
            "max": 20
        }
    },
    "root_group": {
        "checks": {
            "status 2xx": {
                "name": "status 2xx",
                "path": "::status 2xx",
                "id": "5bf9cd1e387741ed8e40bbdbca9b6c92",
                "passes": 75754,
                "fails": 0
            }
        },
        "name": "",
        "path": "",
        "id": "d41d8cd98f00b204e9800998ecf8427e",
        "groups": {}
    }
}