{
    "root_group": {
        "name": "",
        "path": "",
        "id": "d41d8cd98f00b204e9800998ecf8427e",
        "groups": {},
        "checks": {
                "status 2xx": {
                    "name": "status 2xx",
                    "path": "::status 2xx",
                    "id": "5bf9cd1e387741ed8e40bbdbca9b6c92",
                    "passes": 23538,
                    "fails": 0
                }
            }
    },
    "metrics": {
        "http_req_sending": {
            "avg": 0.024727790636417706,
            "min": 0.008129,
            "med": 0.017375,
            "max": 1.246718,
            "p(90)": 0.04663869999999998,
            "p(95)": 0.07554144999999986
        },
        "data_sent": {
            "count": 15291360,
            "rate": 382244.3642409342
        },
        "rest_insert_success_rate": {
            "fails": 0,
            "passes": 23538,
            "thresholds": {
                "rate>0.99": false
            },
            "value": 1
        },
        "http_reqs": {
            "count": 23538,
            "rate": 588.3889886513109
        },
        "http_req_waiting": {
            "avg": 29.488602072265987,
            "min": 3.31335,
            "med": 30.751834000000002,
            "max": 194.148375,
            "p(90)": 33.5880732,
            "p(95)": 40.78166444999982
        },
        "iteration_duration": {
            "max": 194.40497,
            "p(90)": 33.8613998,
            "p(95)": 41.13280869999996,
            "avg": 29.733990993414913,
            "min": 3.477776,
            "med": 30.993270000000003
        },
        "http_req_duration": {
            "max": 194.214912,
            "p(90)": 33.6582937,
            "p(95)": 40.86257119999991,
            "avg": 29.553196940606433,
            "min": 3.337294,
            "med": 30.815606
        },
        "rest_insert_latency_ms": {
            "avg": 29.553196940606433,
            "min": 3.337294,
            "med": 30.815606,
            "max": 194.214912,
            "p(90)": 33.6582937,
            "p(95)": 40.86257119999991,
            "thresholds": {
                "p(95)<8000": false
            }
        },
        "data_received": {
            "count": 1506432,
            "rate": 37656.8952736839
        },
        "http_req_duration{expected_response:true}": {
            "avg": 29.553196940606433,
            "min": 3.337294,
            "med": 30.815606,
            "max": 194.214912,
            "p(90)": 33.6582937,
            "p(95)": 40.86257119999991
        },
        "http_req_tls_handshaking": {
            "min": 0,
            "med": 0,
            "max": 0,
            "p(90)": 0,
            "p(95)": 0,
            "avg": 0
        },
        "checks": {
            "fails": 0,
            "passes": 23538,
            "value": 1
        },
        "vus": {
            "value": 1,
            "min": 1,
            "max": 20
        },
        "http_req_blocked": {
            "min": 0.001976,
            "med": 0.002866,
            "max": 1.205433,
            "p(90)": 0.004058299999999999,
            "p(95)": 0.008370899999999987,
            "avg": 0.005104616152604289
        },
        "http_req_failed": {
            "passes": 0,
            "fails": 23538,
            "thresholds": {
                "rate<0.01": false
            },
            "value": 0
        },
        "iterations": {
            "count": 23538,
            "rate": 588.3889886513109
        },
        "http_req_connecting": {
            "med": 0,
            "max": 0.878796,
            "p(90)": 0,
            "p(95)": 0,
            "avg": 0.0005152510408700824,
            "min": 0
        },
        "vus_max": {
            "value": 20,
            "min": 20,
            "max": 20
        },
        "http_req_receiving": {
            "p(95)": 0.08792124999999988,
            "avg": 0.039867077704138,
            "min": 0.013831,
            "med": 0.0296935,
            "max": 1.360341,
            "p(90)": 0.06067119999999996
        }
    }
}