{
    "root_group": {
        "groups": {},
        "checks": {
                "status 2xx": {
                    "id": "5bf9cd1e387741ed8e40bbdbca9b6c92",
                    "passes": 75160,
                    "fails": 0,
                    "name": "status 2xx",
                    "path": "::status 2xx"
                }
            },
        "name": "",
        "path": "",
        "id": "d41d8cd98f00b204e9800998ecf8427e"
    },
    "metrics": {
        "http_req_receiving": {
            "avg": 0.03121470646620505,
            "min": 0.007334,
            "med": 0.024815,
            "max": 5.611549,
            "p(90)": 0.03760760000000004,
            "p(95)": 0.05032805
        },
        "data_sent": {
            "count": 96897147,
            "rate": 2421312.899209671
        },
        "iteration_duration": {
            "med": 8.619349499999998,
            "max": 300.906533,
            "p(90)": 14.4736259,
            "p(95)": 16.987441350000005,
            "avg": 9.304155124454518,
            "min": 1.937732
        },
        "rest_insert_latency_ms": {
            "max": 300.79896,
            "p(90)": 14.3344865,
            "p(95)": 16.857387100000004,
            "avg": 9.177422261828132,
            "min": 1.840121,
            "med": 8.486578999999999,
            "thresholds": {
                "p(95)<8000": false
            }
        },
        "vus": {
            "max": 20,
            "value": 1,
            "min": 1
        },
        "http_req_connecting": {
            "avg": 0.00005495918041511442,
            "min": 0,
            "med": 0,
            "max": 1.029827,
            "p(90)": 0,
            "p(95)": 0
        },
        "http_reqs": {
            "count": 75160,
            "rate": 1878.1345286110322
        },
        "http_req_blocked": {
            "max": 3.82887,
            "p(90)": 0.003162,
            "p(95)": 0.003793,
            "avg": 0.0031655766764236443,
            "min": 0.001116,
            "med": 0.002371
        },
        "http_req_duration": {
            "med": 8.486578999999999,
            "max": 300.79896,
            "p(90)": 14.3344865,
            "p(95)": 16.857387100000004,
            "avg": 9.177422261828132,
            "min": 1.840121
        },
        "http_req_duration{expected_response:true}": {
            "avg": 9.177422261828132,
            "min": 1.840121,
            "med": 8.486578999999999,
            "max": 300.79896,
            "p(90)": 14.3344865,
            "p(95)": 16.857387100000004
        },
        "vus_max": {
            "max": 20,
            "value": 20,
            "min": 20
        },
        "rest_insert_success_rate": {
            "passes": 75160,
            "fails": 0,
            "thresholds": {
                "rate>0.99": false
            },
            "value": 1
        },
        "http_req_sending": {
            "avg": 0.01348505106439607,
            "min": 0.005309,
            "med": 0.009715,
            "max": 2.075546,
            "p(90)": 0.017112100000000005,
            "p(95)": 0.023068550000000035
        },
        "http_req_failed": {
            "passes": 0,
            "fails": 75160,
            "thresholds": {
                "rate<0.01": false
            },
            "value": 0
        },
        "checks": {
            "passes": 75160,
            "fails": 0,
            "value": 1
        },
        "data_received": {
            "count": 12025600,
            "rate": 300501.52457776514
        },
        "http_req_tls_handshaking": {
            "p(90)": 0,
            "p(95)": 0,
            "avg": 0,
            "min": 0,
            "med": 0,
            "max": 0
        },
        "http_req_waiting": {
            "min": 1.797488,
            "med": 8.439036000000002,
            "max": 300.759454,
            "p(90)": 14.2866694,
            "p(95)": 16.8122408,
            "avg": 9.132722504297506
        },
        "iterations": {
            "count": 75160,
            "rate": 1878.1345286110322
        }
    }
}