{
    "root_group": {
        "id": "d41d8cd98f00b204e9800998ecf8427e",
        "groups": {},
        "checks": {
                "status 200": {
                    "name": "status 200",
                    "path": "::status 200",
                    "id": "fad9fa412b86fcb03bee97c80dcd61f1",
                    "passes": 119,
                    "fails": 0
                },
                "user.id present": {
                    "id": "0fb08cd9e34258cf608b6400bd265a60",
                    "passes": 119,
                    "fails": 0,
                    "name": "user.id present",
                    "path": "::user.id present"
                }
            },
        "name": "",
        "path": ""
    },
    "metrics": {
        "http_req_waiting": {
            "max": 25102.839531,
            "p(90)": 90.2624064,
            "p(95)": 121.79786299999996,
            "avg": 901.9564990504202,
            "min": 44.98552,
            "med": 56.252446
        },
        "checks": {
            "passes": 238,
            "fails": 0,
            "value": 1
        },
        "http_req_failed": {
            "passes": 0,
            "fails": 119,
            "thresholds": {
                "rate<0.01": false
            },
            "value": 0
        },
        "auth_signup_success_rate": {
            "passes": 119,
            "fails": 0,
            "thresholds": {
                "rate>0.99": false
            },
            "value": 1
        },
        "http_req_connecting": {
            "avg": 0.03050689075630252,
            "min": 0,
            "med": 0,
            "max": 0.839581,
            "p(90)": 0,
            "p(95)": 0
        },
        "iteration_duration": {
            "p(90)": 591.58743,
            "p(95)": 623.0149248,
            "avg": 1403.1308803361344,
            "min": 545.904439,
            "med": 556.857126,
            "max": 25605.109449
        },
        "data_received": {
            "count": 90221,
            "rate": 2172.6349836982863
        },
        "http_req_duration{expected_response:true}": {
            "avg": 902.1098223613445,
            "min": 45.062345,
            "med": 56.357867,
            "max": 25103.22355,
            "p(90)": 90.3490754,
            "p(95)": 121.99473269999994
        },
        "data_sent": {
            "count": 33790,
            "rate": 813.7056350424524
        },
        "http_reqs": {
            "rate": 2.8656694456955263,
            "count": 119
        },
        "auth_signup_latency_ms": {
            "min": 45.062345,
            "med": 56.357867,
            "max": 25103.22355,
            "p(90)": 90.3490754,
            "p(95)": 121.99473269999994,
            "avg": 902.1098223613445,
            "thresholds": {
                "p(95)<15000": false
            }
        },
        "http_req_receiving": {
            "p(95)": 0.35907219999999995,
            "avg": 0.12599294117647056,
            "min": 0.034041,
            "med": 0.067871,
            "max": 1.10714,
            "p(90)": 0.2853226000000001
        },
        "iterations": {
            "count": 119,
            "rate": 2.8656694456955263
        },
        "http_req_duration": {
            "avg": 902.1098223613445,
            "min": 45.062345,
            "med": 56.357867,
            "max": 25103.22355,
            "p(90)": 90.3490754,
            "p(95)": 121.99473269999994
        },
        "vus": {
            "min": 0,
            "max": 5,
            "value": 5
        },
        "vus_max": {
            "value": 5,
            "min": 5,
            "max": 5
        },
        "http_req_tls_handshaking": {
            "max": 0,
            "p(90)": 0,
            "p(95)": 0,
            "avg": 0,
            "min": 0,
            "med": 0
        },
        "http_req_blocked": {
            "p(90)": 0.01208140000000001,
            "p(95)": 0.040096999999999376,
            "avg": 0.041865848739495795,
            "min": 0.002503,
            "med": 0.00474,
            "max": 1.031712
        },
        "http_req_sending": {
            "min": 0.014261,
            "med": 0.019666,
            "max": 0.172386,
            "p(90)": 0.043650800000000003,
            "p(95)": 0.06734249999999997,
            "avg": 0.027330369747899156
        }
    }
}