{
    "metrics": {
        "iterations": {
            "count": 53394,
            "rate": 1334.730610449096
        },
        "checks": {
            "passes": 53394,
            "fails": 0,
            "value": 1
        },
        "rest_insert_success_rate": {
            "passes": 53394,
            "fails": 0,
            "thresholds": {
                "rate>0.99": false
            },
            "value": 1
        },
        "http_req_waiting": {
            "min": 3.19638,
            "med": 11.1313605,
            "max": 318.908373,
            "p(90)": 19.420396500000006,
            "p(95)": 23.695296299999995,
            "avg": 12.73198088041726
        },
        "http_req_connecting": {
            "p(95)": 0,
            "avg": 0.0001607577443158408,
            "min": 0,
            "med": 0,
            "max": 1.602488,
            "p(90)": 0
        },
        "vus": {
            "min": 1,
            "max": 20,
            "value": 1
        },
        "http_req_receiving": {
            "avg": 0.06419218605086746,
            "min": 0.014744,
            "med": 0.046359,
            "max": 6.700807,
            "p(90)": 0.08384210000000002,
            "p(95)": 0.10543204999999997
        },
        "data_sent": {
            "count": 74222559,
            "rate": 1855398.0125700273
        },
        "rest_insert_latency_ms": {
            "min": 3.316458,
            "med": 11.223648,
            "max": 318.986646,
            "p(90)": 19.50726020000001,
            "p(95)": 23.7942979,
            "avg": 12.827697987039794,
            "thresholds": {
                "p(95)<8000": false
            }
        },
        "http_req_sending": {
            "p(90)": 0.040968600000000036,
            "p(95)": 0.056156099999999994,
            "avg": 0.03152492057159972,
            "min": 0.009279,
            "med": 0.021856,
            "max": 3.998747
        },
        "http_reqs": {
            "count": 53394,
            "rate": 1334.730610449096
        },
        "data_received": {
            "count": 8543040,
            "rate": 213556.89767185535
        },
        "http_req_failed": {
            "passes": 0,
            "fails": 53394,
            "thresholds": {
                "rate<0.01": false
            },
            "value": 0
        },
        "http_req_duration{expected_response:true}": {
            "avg": 12.827697987039794,
            "min": 3.316458,
            "med": 11.223648,
            "max": 318.986646,
            "p(90)": 19.50726020000001,
            "p(95)": 23.7942979
        },
        "iteration_duration": {
            "p(95)": 24.05722395,
            "avg": 13.09112457909119,
            "min": 3.549128,
            "med": 11.489054,
            "max": 319.196356,
            "p(90)": 19.772257200000002
        },
        "http_req_tls_handshaking": {
            "avg": 0,
            "min": 0,
            "med": 0,
            "max": 0,
            "p(90)": 0,
            "p(95)": 0
        },
        "http_req_duration": {
            "max": 318.986646,
            "p(90)": 19.50726020000001,
            "p(95)": 23.7942979,
            "avg": 12.827697987039794,
            "min": 3.316458,
            "med": 11.223648
        },
        "http_req_blocked": {
            "max": 3.554604,
            "p(90)": 0.007522,
            "p(95)": 0.008556349999999999,
            "avg": 0.007128227291455958,
            "min": 0.001529,
            "med": 0.005322
        },
        "vus_max": {
            "value": 20,
            "min": 20,
            "max": 20
        }
    },
    "root_group": {
        "groups": {},
        "checks": {
                "status 2xx": {
                    "id": "5bf9cd1e387741ed8e40bbdbca9b6c92",
                    "passes": 53394,
                    "fails": 0,
                    "name": "status 2xx",
                    "path": "::status 2xx"
                }
            },
        "name": "",
        "path": "",
        "id": "d41d8cd98f00b204e9800998ecf8427e"
    }
}