{
    "root_group": {
        "name": "",
        "path": "",
        "id": "d41d8cd98f00b204e9800998ecf8427e",
        "groups": {},
        "checks": {
                "status 2xx": {
                    "name": "status 2xx",
                    "path": "::status 2xx",
                    "id": "5bf9cd1e387741ed8e40bbdbca9b6c92",
                    "passes": 50739,
                    "fails": 0
                }
            }
    },
    "metrics": {
        "vus": {
            "value": 1,
            "min": 1,
            "max": 20
        },
        "http_req_blocked": {
            "avg": 0.007496215455566684,
            "min": 0.001679,
            "med": 0.005358,
            "max": 7.492843,
            "p(90)": 0.007581,
            "p(95)": 0.008501
        },
        "http_req_tls_handshaking": {
            "avg": 0,
            "min": 0,
            "med": 0,
            "max": 0,
            "p(90)": 0,
            "p(95)": 0
        },
        "vus_max": {
            "value": 20,
            "min": 20,
            "max": 20
        },
        "http_req_sending": {
            "avg": 0.03163140789136568,
            "min": 0.00856,
            "med": 0.021899,
            "max": 3.956741,
            "p(90)": 0.040906200000000004,
            "p(95)": 0.05659059999999999
        },
        "http_req_duration": {
            "p(95)": 25.5429593,
            "avg": 13.507527682019823,
            "min": 3.211865,
            "med": 11.73515,
            "max": 377.484617,
            "p(90)": 20.766838800000006
        },
        "data_received": {
            "count": 8118240,
            "rate": 202932.0758657591
        },
        "http_req_waiting": {
            "avg": 13.409630900313353,
            "min": 3.1265,
            "med": 11.640509,
            "max": 377.392656,
            "p(90)": 20.6734038,
            "p(95)": 25.45486769999999
        },
        "checks": {
            "passes": 50739,
            "fails": 0,
            "value": 1
        },
        "data_sent": {
            "count": 70529837,
            "rate": 1763038.0763421163
        },
        "rest_insert_success_rate": {
            "passes": 50739,
            "fails": 0,
            "thresholds": {
                "rate>0.99": false
            },
            "value": 1
        },
        "http_req_receiving": {
            "med": 0.046126,
            "max": 9.622192,
            "p(90)": 0.08467740000000001,
            "p(95)": 0.107148,
            "avg": 0.06626537381501355,
            "min": 0.013608
        },
        "http_reqs": {
            "count": 50739,
            "rate": 1268.3254741609944
        },
        "http_req_duration{expected_response:true}": {
            "p(90)": 20.766838800000006,
            "p(95)": 25.5429593,
            "avg": 13.507527682019823,
            "min": 3.211865,
            "med": 11.73515,
            "max": 377.484617
        },
        "http_req_connecting": {
            "min": 0,
            "med": 0,
            "max": 1.364503,
            "p(90)": 0,
            "p(95)": 0,
            "avg": 0.0001443453162261771
        },
        "iterations": {
            "rate": 1268.3254741609944,
            "count": 50739
        },
        "iteration_duration": {
            "p(90)": 21.035675000000005,
            "p(95)": 25.83504329999999,
            "avg": 13.775501007528794,
            "min": 3.49658,
            "med": 11.993602,
            "max": 377.860737
        },
        "http_req_failed": {
            "passes": 0,
            "fails": 50739,
            "thresholds": {
                "rate<0.01": false
            },
            "value": 0
        },
        "rest_insert_latency_ms": {
            "min": 3.211865,
            "med": 11.73515,
            "max": 377.484617,
            "p(90)": 20.766838800000006,
            "p(95)": 25.5429593,
            "avg": 13.507527682019823,
            "thresholds": {
                "p(95)<8000": false
            }
        }
    }
}