{
    "metrics": {
        "data_received": {
            "count": 5141120,
            "rate": 128526.96066673257
        },
        "iteration_duration": {
            "avg": 21.852272791640623,
            "min": 1.986411,
            "med": 11.181346,
            "max": 4279.618332,
            "p(90)": 21.042216699999997,
            "p(95)": 28.863550549999964
        },
        "data_sent": {
            "count": 44658268,
            "rate": 1116447.6718459018
        },
        "http_req_sending": {
            "avg": 0.02860793097223965,
            "min": 0.00584,
            "med": 0.019786,
            "max": 3.808871,
            "p(90)": 0.038051600000000005,
            "p(95)": 0.05354379999999999
        },
        "iterations": {
            "count": 32132,
            "rate": 803.2935041670786
        },
        "vus_max": {
            "value": 20,
            "min": 20,
            "max": 20
        },
        "rest_insert_success_rate": {
            "passes": 32132,
            "fails": 0,
            "thresholds": {
                "rate>0.99": false
            },
            "value": 1
        },
        "http_reqs": {
            "count": 32132,
            "rate": 803.2935041670786
        },
        "http_req_duration": {
            "min": 1.892922,
            "med": 10.9347025,
            "max": 4279.452957,
            "p(90)": 20.774133000000003,
            "p(95)": 28.63035109999996,
            "avg": 21.605985488702828
        },
        "http_req_blocked": {
            "min": 0.001173,
            "med": 0.004989,
            "max": 1.729694,
            "p(90)": 0.007298,
            "p(95)": 0.008313449999999997,
            "avg": 0.006417520415784915
        },
        "checks": {
            "passes": 32132,
            "fails": 0,
            "value": 1
        },
        "rest_insert_latency_ms": {
            "min": 1.892922,
            "med": 10.9347025,
            "max": 4279.452957,
            "p(90)": 20.774133000000003,
            "p(95)": 28.63035109999996,
            "avg": 21.605985488702824,
            "thresholds": {
                "p(95)<8000": false
            }
        },
        "http_req_failed": {
            "fails": 32132,
            "passes": 0,
            "thresholds": {
                "rate<0.01": false
            },
            "value": 0
        },
        "http_req_receiving": {
            "avg": 0.06147378575874551,
            "min": 0.008445,
            "med": 0.041605500000000004,
            "max": 4.797449,
            "p(90)": 0.0811429,
            "p(95)": 0.10451904999999968
        },
        "http_req_duration{expected_response:true}": {
            "med": 10.9347025,
            "max": 4279.452957,
            "p(90)": 20.774133000000003,
            "p(95)": 28.63035109999996,
            "avg": 21.605985488702828,
            "min": 1.892922
        },
        "http_req_tls_handshaking": {
            "p(90)": 0,
            "p(95)": 0,
            "avg": 0,
            "min": 0,
            "med": 0,
            "max": 0
        },
        "http_req_waiting": {
            "avg": 21.51590377197179,
            "min": 1.853441,
            "med": 10.849367,
            "max": 4279.417771,
            "p(90)": 20.6913736,
            "p(95)": 28.55280534999997
        },
        "http_req_connecting": {
            "avg": 0.00024003025021785137,
            "min": 0,
            "med": 0,
            "max": 1.089492,
            "p(90)": 0,
            "p(95)": 0
        },
        "vus": {
            "value": 1,
            "min": 1,
            "max": 20
        }
    },
    "root_group": {
        "id": "d41d8cd98f00b204e9800998ecf8427e",
        "groups": {},
        "checks": {
                "status 2xx": {
                    "id": "5bf9cd1e387741ed8e40bbdbca9b6c92",
                    "passes": 32132,
                    "fails": 0,
                    "name": "status 2xx",
                    "path": "::status 2xx"
                }
            },
        "name": "",
        "path": ""
    }
}