{"root_group":{"name":"","path":"","id":"d41d8cd98f00b204e9800998ecf8427e","groups":{},"checks":{"upload small: 2xx":{"path":"::upload small: 2xx","id":"9b78e7f8d042046407ce2843b9099f47","passes":1072,"fails":4137,"name":"upload small: 2xx"},"upload large: 2xx":{"passes":1072,"fails":0,"name":"upload large: 2xx","path":"::upload large: 2xx","id":"913fbb8ef39ab0a4099ac11b8bdac29a"},"download small: 200":{"name":"download small: 200","path":"::download small: 200","id":"55be9db100b79a8c7487de0023a297bd","passes":1072,"fails":0},"download small: exact size":{"name":"download small: exact size","path":"::download small: exact size","id":"70e0ea1870a9f7e3913e05e679827c31","passes":1072,"fails":0},"download large: 200":{"name":"download large: 200","path":"::download large: 200","id":"cfab91118480a59b6fa810589e9e3b56","passes":1072,"fails":0},"download large: exact size":{"name":"download large: exact size","path":"::download large: exact size","id":"7b6f24557fbf84980cfa4dc2883a0090","passes":1072,"fails":0}}},"metrics":{"storage_upload_success_rate":{"passes":2144,"fails":4137,"thresholds":{"rate>0.99":true},"value":0.34134691928036937},"vus_max":{"value":20,"min":20,"max":20},"http_req_duration{expected_response:true}":{"p(95)":218.19048239999998,"avg":115.97381326166065,"min":3.238744,"med":111.41463350000001,"max":399.391291,"p(90)":194.04308270000007},"storage_upload_latency_large_ms":{"avg":173.8035245363807,"min":11.294634,"med":177.9442425,"max":399.391291,"p(90)":236.33554879999997,"p(95)":272.74610115,"thresholds":{"p(95)<30000":false}},"http_req_failed":{"passes":4137,"fails":4288,"thresholds":{"rate<0.01":true},"value":0.4910385756676558},"storage_download_latency_large_ms":{"max":336.228579,"p(90)":179.7682643,"p(95)":206.56785795,"avg":129.00672667723885,"min":6.265112,"med":131.6943035,"thresholds":{"p(95)<30000":false}},"http_req_blocked":{"avg":0.0051427350741839834,"min":0.001098,"med":0.003686,"max":1.515595,"p(90)":0.0056376,"p(95)":0.0066727999999999996},"data_received":{"count":1196650668,"rate":29904181.716672417},"iterations":{"count":5209,"rate":130.17239427316863},"vus":{"max":20,"value":2,"min":2},"http_req_waiting":{"med":63.17037,"max":398.925514,"p(90)":156.26303640000003,"p(95)":188.6429028,"avg":78.1893735794658,"min":2.037171},"iteration_duration":{"avg":134.90296644211938,"min":2.739993,"med":57.225911,"max":1126.45898,"p(90)":477.8789776,"p(95)":535.6285537999997},"storage_download_success_rate":{"passes":2144,"fails":0,"thresholds":{"rate>0.99":false},"value":1},"http_req_duration":{"p(90)":168.95410180000005,"p(95)":194.73378079999992,"avg":83.14002444367945,"min":2.593236,"med":63.619155,"max":399.391291},"data_sent":{"count":1469876099,"rate":36732058.1861653},"storage_download_latency_small_ms":{"min":3.238744,"med":57.6116625,"max":182.691477,"p(90)":83.9872408,"p(95)":91.84017835,"avg":58.64352017817163,"thresholds":{"p(95)<10000":false}},"http_req_receiving":{"p(95)":39.360594999999975,"avg":4.743773802848656,"min":0.012709,"med":0.062706,"max":177.2697,"p(90)":23.759756600000003},"http_reqs":{"count":8425,"rate":210.5399158670466},"storage_upload_latency_small_ms":{"p(95)":123.60216099999997,"avg":60.08375177692467,"min":2.593236,"med":56.263211,"max":236.134866,"p(90)":104.67943100000001,"thresholds":{"p(95)<10000":false}},"storage_upload_errors":{"count":4137,"rate":103.38322040854266},"http_req_connecting":{"avg":0.0003194889020771513,"min":0,"med":0,"max":0.21801,"p(90)":0,"p(95)":0},"http_req_tls_handshaking":{"max":0,"p(90)":0,"p(95)":0,"avg":0,"min":0,"med":0},"http_req_sending":{"max":85.799436,"p(90)":0.34412640000000005,"p(95)":0.411791,"avg":0.2068770613649847,"min":0.004582,"med":0.069804},"checks":{"passes":6432,"fails":4137,"value":0.6085722395685496}},"__bench_threshold_failed":true,"__bench_target":"supabase"}