{
    "metrics": {
        "data_sent": {
            "count": 93607303,
            "rate": 2340087.912476716
        },
        "http_req_duration": {
            "p(95)": 17.303200000000007,
            "avg": 9.459505141257099,
            "min": 1.858148,
            "med": 8.577327,
            "max": 468.096925,
            "p(90)": 14.688894000000001
        },
        "http_req_tls_handshaking": {
            "avg": 0,
            "min": 0,
            "med": 0,
            "max": 0,
            "p(90)": 0,
            "p(95)": 0
        },
        "http_req_sending": {
            "max": 2.750388,
            "p(90)": 0.017131,
            "p(95)": 0.022963,
            "avg": 0.013658727644115475,
            "min": 0.005311,
            "med": 0.009604
        },
        "http_req_receiving": {
            "p(90)": 0.0376456,
            "p(95)": 0.05030940000000001,
            "avg": 0.03143218209609956,
            "min": 0.007029,
            "med": 0.024967,
            "max": 2.535767
        },
        "iterations": {
            "count": 72945,
            "rate": 1823.5512327025815
        },
        "rest_insert_latency_ms": {
            "p(95)": 17.303200000000007,
            "avg": 9.459505141257099,
            "min": 1.858148,
            "med": 8.577327,
            "max": 468.096925,
            "p(90)": 14.688894000000001,
            "thresholds": {
                "p(95)<8000": false
            }
        },
        "rest_insert_success_rate": {
            "passes": 72945,
            "fails": 0,
            "thresholds": {
                "rate>0.99": false
            },
            "value": 1
        },
        "http_req_duration{expected_response:true}": {
            "p(90)": 14.688894000000001,
            "p(95)": 17.303200000000007,
            "avg": 9.459505141257099,
            "min": 1.858148,
            "med": 8.577327,
            "max": 468.096925
        },
        "http_req_failed": {
            "passes": 0,
            "fails": 72945,
            "thresholds": {
                "rate<0.01": false
            },
            "value": 0
        },
        "iteration_duration": {
            "p(95)": 17.426440600000003,
            "avg": 9.586960995105924,
            "min": 1.987539,
            "med": 8.708252,
            "max": 468.189835,
            "p(90)": 14.8081622
        },
        "data_received": {
            "count": 11671200,
            "rate": 291768.19723241305
        },
        "http_reqs": {
            "count": 72945,
            "rate": 1823.5512327025815
        },
        "checks": {
            "passes": 72945,
            "fails": 0,
            "value": 1
        },
        "http_req_connecting": {
            "p(95)": 0,
            "avg": 0.000060940777297964224,
            "min": 0,
            "med": 0,
            "max": 0.520308,
            "p(90)": 0
        },
        "vus": {
            "max": 20,
            "value": 1,
            "min": 1
        },
        "vus_max": {
            "value": 20,
            "min": 20,
            "max": 20
        },
        "http_req_waiting": {
            "avg": 9.414414231516814,
            "min": 1.811232,
            "med": 8.530246,
            "max": 468.070327,
            "p(90)": 14.6407036,
            "p(95)": 17.25927220000001
        },
        "http_req_blocked": {
            "p(95)": 0.003847,
            "avg": 0.003086900157653046,
            "min": 0.00109,
            "med": 0.002435,
            "max": 1.49416,
            "p(90)": 0.003246
        }
    },
    "root_group": {
        "id": "d41d8cd98f00b204e9800998ecf8427e",
        "groups": {},
        "checks": {
                "status 2xx": {
                    "name": "status 2xx",
                    "path": "::status 2xx",
                    "id": "5bf9cd1e387741ed8e40bbdbca9b6c92",
                    "passes": 72945,
                    "fails": 0
                }
            },
        "name": "",
        "path": ""
    }
}