{
    "root_group": {
        "name": "",
        "path": "",
        "id": "d41d8cd98f00b204e9800998ecf8427e",
        "groups": {},
        "checks": {
                "status 2xx": {
                    "path": "::status 2xx",
                    "id": "5bf9cd1e387741ed8e40bbdbca9b6c92",
                    "passes": 88285,
                    "fails": 0,
                    "name": "status 2xx"
                }
            }
    },
    "metrics": {
        "http_req_blocked": {
            "p(90)": 0.003686,
            "p(95)": 0.004644800000000003,
            "avg": 0.004145269524834392,
            "min": 0.001046,
            "med": 0.002478,
            "max": 1.79652
        },
        "http_reqs": {
            "rate": 2206.8926695397313,
            "count": 88285
        },
        "http_req_receiving": {
            "avg": 0.034863301115704654,
            "min": 0.005284,
            "med": 0.020771,
            "max": 3.715333,
            "p(90)": 0.05441100000000003,
            "p(95)": 0.1016602
        },
        "http_req_sending": {
            "avg": 0.01969182596137512,
            "min": 0.004812,
            "med": 0.010334,
            "max": 3.011024,
            "p(90)": 0.02734680000000002,
            "p(95)": 0.05357960000000002
        },
        "iterations": {
            "count": 88285,
            "rate": 2206.8926695397313
        },
        "rest_insert_latency_ms": {
            "min": 3.192496,
            "med": 7.059606,
            "max": 184.894008,
            "p(90)": 9.7135166,
            "p(95)": 11.002603600000002,
            "avg": 7.749803149311893,
            "thresholds": {
                "p(95)<8000": false
            }
        },
        "rest_insert_success_rate": {
            "passes": 88285,
            "fails": 0,
            "thresholds": {
                "rate>0.99": false
            },
            "value": 1
        },
        "data_sent": {
            "count": 57937836,
            "rate": 1448293.4310176715
        },
        "vus": {
            "value": 1,
            "min": 1,
            "max": 20
        },
        "http_req_connecting": {
            "min": 0,
            "med": 0,
            "max": 1.396087,
            "p(90)": 0,
            "p(95)": 0,
            "avg": 0.0001482883955371807
        },
        "http_req_failed": {
            "passes": 0,
            "fails": 88285,
            "thresholds": {
                "rate<0.01": false
            },
            "value": 0
        },
        "http_req_duration": {
            "max": 184.894008,
            "p(90)": 9.7135166,
            "p(95)": 11.002603600000002,
            "avg": 7.749803149311893,
            "min": 3.192496,
            "med": 7.059606
        },
        "http_req_duration{expected_response:true}": {
            "max": 184.894008,
            "p(90)": 9.7135166,
            "p(95)": 11.002603600000002,
            "avg": 7.749803149311893,
            "min": 3.192496,
            "med": 7.059606
        },
        "http_req_tls_handshaking": {
            "avg": 0,
            "min": 0,
            "med": 0,
            "max": 0,
            "p(90)": 0,
            "p(95)": 0
        },
        "vus_max": {
            "value": 20,
            "min": 20,
            "max": 20
        },
        "iteration_duration": {
            "avg": 7.916642896007266,
            "min": 3.287652,
            "med": 7.220598,
            "max": 184.984364,
            "p(90)": 9.927965600000002,
            "p(95)": 11.2304614
        },
        "checks": {
            "passes": 88285,
            "fails": 0,
            "value": 1
        },
        "data_received": {
            "count": 5650240,
            "rate": 141241.1308505428
        },
        "http_req_waiting": {
            "min": 3.156991,
            "med": 7.006562,
            "max": 184.873018,
            "p(90)": 9.645168000000002,
            "p(95)": 10.9382218,
            "avg": 7.695248022234827
        }
    }
}