{"metrics":{"iterations":{"count":3204,"rate":80.03926393741115},"vus_max":{"value":20,"min":20,"max":20},"storage_download_latency_small_ms":{"min":3.271075,"med":50.189189,"max":143.201958,"p(90)":71.67375510000001,"p(95)":78.41102444999999,"avg":51.12611096387099,"thresholds":{"p(95)<10000":false}},"storage_download_latency_large_ms":{"avg":120.60628140064514,"min":6.458377,"med":122.4492245,"max":275.490628,"p(90)":165.08492520000001,"p(95)":182.56737179999996,"thresholds":{"p(95)<30000":false}},"http_req_connecting":{"med":0,"max":0.569689,"p(90)":0,"p(95)":0,"avg":0.0004206591545709193,"min":0},"http_req_tls_handshaking":{"max":0,"p(90)":0,"p(95)":0,"avg":0,"min":0,"med":0},"vus":{"value":2,"min":2,"max":20},"http_req_duration{expected_response:true}":{"p(95)":191.7220236999999,"avg":104.78293980338759,"min":3.271075,"med":101.7750365,"max":315.582301,"p(90)":171.96438970000003},"storage_upload_latency_large_ms":{"max":315.582301,"p(90)":214.8240768,"p(95)":231.74001475,"avg":158.4420053367741,"min":11.45154,"med":160.341142,"thresholds":{"p(95)<30000":false}},"http_req_failed":{"passes":1654,"fails":6200,"thresholds":{"rate<0.01":true},"value":0.21059332824038707},"storage_upload_latency_small_ms":{"avg":58.70634575780274,"min":2.891921,"med":48.522537,"max":231.776211,"p(90)":106.68875150000001,"p(95)":120.83451864999999,"thresholds":{"p(95)<10000":false}},"checks":{"passes":9300,"fails":1654,"value":0.8490049297060435},"http_reqs":{"count":7854,"rate":196.20111703009587},"http_req_receiving":{"p(95)":42.08813015,"avg":7.04482618894834,"min":0.012408,"med":0.0703425,"max":115.03804,"p(90)":33.7924187},"iteration_duration":{"max":795.206197,"p(90)":479.8296454,"p(95)":528.2827928499999,"avg":219.1426156903865,"min":3.026306,"med":59.275760500000004},"http_req_waiting":{"avg":81.84419374204222,"min":2.409858,"med":74.5932785,"max":315.22669,"p(90)":160.8468909,"p(95)":177.9511239},"data_sent":{"count":1839324712,"rate":45948250.96453519},"data_received":{"count":1729105610,"rate":43194862.763560645},"storage_upload_success_rate":{"passes":3100,"fails":1654,"thresholds":{"rate>0.99":true},"value":0.6520824568784181},"http_req_sending":{"max":57.065583,"p(90)":0.3707234,"p(95)":0.46497849999999974,"avg":0.22040816233766258,"min":0.003976,"med":0.0645055},"http_req_duration":{"avg":89.10942809332848,"min":2.891921,"med":79.5406485,"max":315.582301,"p(90)":166.5152869,"p(95)":184.91297489999997},"storage_upload_errors":{"count":1654,"rate":41.31864623984958},"storage_download_success_rate":{"passes":3100,"fails":0,"thresholds":{"rate>0.99":false},"value":1},"http_req_blocked":{"p(90)":0.006006399999999999,"p(95)":0.007303049999999998,"avg":0.0057911490960020455,"min":0.001156,"med":0.003989,"max":1.933632}},"root_group":{"name":"","path":"","id":"d41d8cd98f00b204e9800998ecf8427e","groups":{},"checks":{"upload small: 2xx":{"fails":1654,"name":"upload small: 2xx","path":"::upload small: 2xx","id":"9b78e7f8d042046407ce2843b9099f47","passes":1550},"upload large: 2xx":{"name":"upload large: 2xx","path":"::upload large: 2xx","id":"913fbb8ef39ab0a4099ac11b8bdac29a","passes":1550,"fails":0},"download small: 200":{"path":"::download small: 200","id":"55be9db100b79a8c7487de0023a297bd","passes":1550,"fails":0,"name":"download small: 200"},"download small: exact size":{"name":"download small: exact size","path":"::download small: exact size","id":"70e0ea1870a9f7e3913e05e679827c31","passes":1550,"fails":0},"download large: 200":{"fails":0,"name":"download large: 200","path":"::download large: 200","id":"cfab91118480a59b6fa810589e9e3b56","passes":1550},"download large: exact size":{"name":"download large: exact size","path":"::download large: exact size","id":"7b6f24557fbf84980cfa4dc2883a0090","passes":1550,"fails":0}}},"__bench_threshold_failed":true,"__bench_target":"supabase"}