{
    "root_group": {
        "id": "d41d8cd98f00b204e9800998ecf8427e",
        "groups": {},
        "checks": {
                "status 200": {
                    "fails": 0,
                    "name": "status 200",
                    "path": "::status 200",
                    "id": "fad9fa412b86fcb03bee97c80dcd61f1",
                    "passes": 108514
                },
                "body is non-empty array": {
                    "name": "body is non-empty array",
                    "path": "::body is non-empty array",
                    "id": "4a612b9605825888f90f82b3870dfa0a",
                    "passes": 108514,
                    "fails": 0
                }
            },
        "name": "",
        "path": ""
    },
    "metrics": {
        "http_reqs": {
            "count": 108514,
            "rate": 2712.5978760306684
        },
        "http_req_receiving": {
            "p(95)": 0.17035324999999885,
            "avg": 0.08933012425124762,
            "min": 0.018581,
            "med": 0.04761,
            "max": 18.86663,
            "p(90)": 0.09200319999999998
        },
        "vus": {
            "value": 1,
            "min": 1,
            "max": 20
        },
        "vus_max": {
            "max": 20,
            "value": 20,
            "min": 20
        },
        "iteration_duration": {
            "med": 5.367801999999999,
            "max": 121.155776,
            "p(90)": 10.497266399999997,
            "p(95)": 12.884858899999996,
            "avg": 6.432114354009653,
            "min": 2.344508
        },
        "iterations": {
            "count": 108514,
            "rate": 2712.5978760306684
        },
        "http_req_blocked": {
            "avg": 0.007325503658514166,
            "min": 0.001783,
            "med": 0.004867,
            "max": 9.140145,
            "p(90)": 0.006635,
            "p(95)": 0.007684
        },
        "http_req_sending": {
            "p(95)": 0.05179574999999995,
            "avg": 0.029585516965552346,
            "min": 0.007855,
            "med": 0.015739,
            "max": 7.700036,
            "p(90)": 0.0296267
        },
        "data_received": {
            "count": 222887756,
            "rate": 5571676.037366993
        },
        "http_req_tls_handshaking": {
            "max": 0,
            "p(90)": 0,
            "p(95)": 0,
            "avg": 0,
            "min": 0,
            "med": 0
        },
        "http_req_waiting": {
            "med": 4.782764,
            "max": 120.600421,
            "p(90)": 9.771007799999996,
            "p(95)": 12.124229499999997,
            "avg": 5.838844685017558,
            "min": 2.002821
        },
        "checks": {
            "passes": 217028,
            "fails": 0,
            "value": 1
        },
        "http_req_duration{expected_response:true}": {
            "min": 2.062116,
            "med": 4.8980635,
            "max": 120.772638,
            "p(90)": 9.9094217,
            "p(95)": 12.275626399999995,
            "avg": 5.957760326234433
        },
        "rest_select_latency_ms": {
            "avg": 5.957760326234433,
            "min": 2.062116,
            "med": 4.8980635,
            "max": 120.772638,
            "p(90)": 9.9094217,
            "p(95)": 12.275626399999995,
            "thresholds": {
                "p(95)<5000": false
            }
        },
        "http_req_duration": {
            "avg": 5.957760326234433,
            "min": 2.062116,
            "med": 4.8980635,
            "max": 120.772638,
            "p(90)": 9.9094217,
            "p(95)": 12.275626399999995
        },
        "http_req_connecting": {
            "avg": 0.00007871987024715705,
            "min": 0,
            "med": 0,
            "max": 2.033959,
            "p(90)": 0,
            "p(95)": 0
        },
        "data_sent": {
            "rate": 3539940.2282200223,
            "count": 141610770
        },
        "rest_select_success_rate": {
            "passes": 108514,
            "fails": 0,
            "thresholds": {
                "rate>0.99": false
            },
            "value": 1
        },
        "http_req_failed": {
            "passes": 0,
            "fails": 108514,
            "thresholds": {
                "rate<0.01": false
            },
            "value": 0
        }
    }
}