{
    "root_group": {
        "id": "d41d8cd98f00b204e9800998ecf8427e",
        "groups": {},
        "checks": {
                "status 2xx": {
                    "passes": 76268,
                    "fails": 0,
                    "name": "status 2xx",
                    "path": "::status 2xx",
                    "id": "5bf9cd1e387741ed8e40bbdbca9b6c92"
                }
            },
        "name": "",
        "path": ""
    },
    "metrics": {
        "rest_insert_success_rate": {
            "passes": 76268,
            "fails": 0,
            "thresholds": {
                "rate>0.99": false
            },
            "value": 1
        },
        "http_req_duration{expected_response:true}": {
            "med": 8.385192,
            "max": 88.60421,
            "p(90)": 14.411632200000001,
            "p(95)": 16.934521749999995,
            "avg": 9.043091998754365,
            "min": 1.768712
        },
        "http_req_connecting": {
            "min": 0,
            "med": 0,
            "max": 1.136075,
            "p(90)": 0,
            "p(95)": 0,
            "avg": 0.00007549008758588138
        },
        "checks": {
            "fails": 0,
            "passes": 76268,
            "value": 1
        },
        "http_req_waiting": {
            "avg": 8.99786015969993,
            "min": 1.72895,
            "med": 8.340914999999999,
            "max": 88.54773,
            "p(90)": 14.357181000000002,
            "p(95)": 16.89026219999999
        },
        "vus_max": {
            "value": 20,
            "min": 20,
            "max": 20
        },
        "http_req_blocked": {
            "avg": 0.0031268614228772223,
            "min": 0.001082,
            "med": 0.002429,
            "max": 2.816355,
            "p(90)": 0.003202,
            "p(95)": 0.00378
        },
        "data_received": {
            "count": 12202880,
            "rate": 305054.42076616903
        },
        "http_req_duration": {
            "avg": 9.043091998754365,
            "min": 1.768712,
            "med": 8.385192,
            "max": 88.60421,
            "p(90)": 14.411632200000001,
            "p(95)": 16.934521749999995
        },
        "http_req_tls_handshaking": {
            "med": 0,
            "max": 0,
            "p(90)": 0,
            "p(95)": 0,
            "avg": 0,
            "min": 0
        },
        "rest_insert_latency_ms": {
            "p(95)": 16.934521749999995,
            "avg": 9.043091998754365,
            "min": 1.768712,
            "med": 8.385192,
            "max": 88.60421,
            "p(90)": 14.411632200000001,
            "thresholds": {
                "p(95)<8000": false
            }
        },
        "http_req_failed": {
            "passes": 0,
            "fails": 76268,
            "thresholds": {
                "rate<0.01": false
            },
            "value": 0
        },
        "iterations": {
            "count": 76268,
            "rate": 1906.5901297885564
        },
        "vus": {
            "value": 1,
            "min": 1,
            "max": 20
        },
        "http_req_receiving": {
            "avg": 0.03168601320344047,
            "min": 0.006611,
            "med": 0.02486,
            "max": 5.605582,
            "p(90)": 0.037190600000000004,
            "p(95)": 0.04877665
        },
        "iteration_duration": {
            "max": 88.755772,
            "p(90)": 14.539981200000001,
            "p(95)": 17.064569649999996,
            "avg": 9.168961607790774,
            "min": 1.862391,
            "med": 8.520534999999999
        },
        "http_req_sending": {
            "avg": 0.013545825850946694,
            "min": 0.005496,
            "med": 0.009628,
            "max": 2.897371,
            "p(90)": 0.01688,
            "p(95)": 0.022533599999999977
        },
        "data_sent": {
            "count": 97871583,
            "rate": 2446648.5830830946
        },
        "http_reqs": {
            "rate": 1906.5901297885564,
            "count": 76268
        }
    }
}