{
    "metrics": {
        "http_req_duration": {
            "avg": 46.159428601400556,
            "min": 6.193552,
            "med": 46.940999,
            "max": 358.126574,
            "p(90)": 54.4815856,
            "p(95)": 70.76018479999999
        },
        "http_req_sending": {
            "min": 0.014884,
            "med": 0.047117,
            "max": 1.988762,
            "p(90)": 0.1049828,
            "p(95)": 0.15936229999999998,
            "avg": 0.06272885608536143
        },
        "data_received": {
            "count": 959680,
            "rate": 23980.677923995023
        },
        "http_req_blocked": {
            "med": 0.008307,
            "max": 3.202232,
            "p(90)": 0.0112356,
            "p(95)": 0.027198299999999998,
            "avg": 0.013801287295765175,
            "min": 0.003745
        },
        "iteration_duration": {
            "max": 358.445753,
            "p(90)": 55.018676799999994,
            "p(95)": 71.24378289999997,
            "avg": 46.65631275118386,
            "min": 6.494803,
            "med": 47.417647
        },
        "rest_insert_latency_ms": {
            "avg": 46.159428601400556,
            "min": 6.193552,
            "med": 46.940999,
            "max": 358.126574,
            "p(90)": 54.4815856,
            "p(95)": 70.76018479999999,
            "thresholds": {
                "p(95)<8000": false
            }
        },
        "http_reqs": {
            "count": 14995,
            "rate": 374.69809256242223
        },
        "vus": {
            "value": 1,
            "min": 1,
            "max": 20
        },
        "checks": {
            "passes": 14995,
            "fails": 0,
            "value": 1
        },
        "iterations": {
            "count": 14995,
            "rate": 374.69809256242223
        },
        "vus_max": {
            "max": 20,
            "value": 20,
            "min": 20
        },
        "http_req_waiting": {
            "p(95)": 70.62657339999998,
            "avg": 45.996254494298014,
            "min": 6.068972,
            "med": 46.780492,
            "max": 358.009232,
            "p(90)": 54.323367
        },
        "http_req_duration{expected_response:true}": {
            "avg": 46.159428601400556,
            "min": 6.193552,
            "med": 46.940999,
            "max": 358.126574,
            "p(90)": 54.4815856,
            "p(95)": 70.76018479999999
        },
        "http_req_receiving": {
            "med": 0.075691,
            "max": 19.089882,
            "p(90)": 0.15117160000000002,
            "p(95)": 0.22177659999999974,
            "avg": 0.10044525101700587,
            "min": 0.019526
        },
        "http_req_connecting": {
            "min": 0,
            "med": 0,
            "max": 1.538935,
            "p(90)": 0,
            "p(95)": 0,
            "avg": 0.0011844632210736914
        },
        "http_req_tls_handshaking": {
            "med": 0,
            "max": 0,
            "p(90)": 0,
            "p(95)": 0,
            "avg": 0,
            "min": 0
        },
        "http_req_failed": {
            "passes": 0,
            "fails": 14995,
            "thresholds": {
                "rate<0.01": false
            },
            "value": 0
        },
        "data_sent": {
            "count": 9737869,
            "rate": 243331.83994149664
        },
        "rest_insert_success_rate": {
            "passes": 14995,
            "fails": 0,
            "thresholds": {
                "rate>0.99": false
            },
            "value": 1
        }
    },
    "root_group": {
        "path": "",
        "id": "d41d8cd98f00b204e9800998ecf8427e",
        "groups": {},
        "checks": {
                "status 2xx": {
                    "path": "::status 2xx",
                    "id": "5bf9cd1e387741ed8e40bbdbca9b6c92",
                    "passes": 14995,
                    "fails": 0,
                    "name": "status 2xx"
                }
            },
        "name": ""
    }
}