{
    "root_group": {
        "name": "",
        "path": "",
        "id": "d41d8cd98f00b204e9800998ecf8427e",
        "groups": {},
        "checks": {
                "status 2xx": {
                    "name": "status 2xx",
                    "path": "::status 2xx",
                    "id": "5bf9cd1e387741ed8e40bbdbca9b6c92",
                    "passes": 75378,
                    "fails": 0
                }
            }
    },
    "metrics": {
        "iterations": {
            "count": 75378,
            "rate": 1884.3549102692518
        },
        "vus": {
            "value": 1,
            "min": 1,
            "max": 20
        },
        "http_req_failed": {
            "passes": 0,
            "fails": 75378,
            "thresholds": {
                "rate<0.01": false
            },
            "value": 0
        },
        "http_reqs": {
            "rate": 1884.3549102692518,
            "count": 75378
        },
        "http_req_blocked": {
            "med": 0.002406,
            "max": 1.542891,
            "p(90)": 0.003188,
            "p(95)": 0.003764,
            "avg": 0.003063140996046579,
            "min": 0.001086
        },
        "data_sent": {
            "count": 97179111,
            "rate": 2429355.1830567364
        },
        "vus_max": {
            "value": 20,
            "min": 20,
            "max": 20
        },
        "rest_insert_success_rate": {
            "passes": 75378,
            "fails": 0,
            "thresholds": {
                "rate>0.99": false
            },
            "value": 1
        },
        "http_req_waiting": {
            "avg": 9.105395573788128,
            "min": 1.783686,
            "med": 8.5165235,
            "max": 109.907809,
            "p(90)": 14.393904800000001,
            "p(95)": 16.83050205
        },
        "rest_insert_latency_ms": {
            "avg": 9.150261610323785,
            "min": 1.844926,
            "med": 8.5637555,
            "max": 109.949455,
            "p(90)": 14.4350485,
            "p(95)": 16.8713508,
            "thresholds": {
                "p(95)<8000": false
            }
        },
        "http_req_duration{expected_response:true}": {
            "avg": 9.150261610323785,
            "min": 1.844926,
            "med": 8.5637555,
            "max": 109.949455,
            "p(90)": 14.4350485,
            "p(95)": 16.8713508
        },
        "http_req_receiving": {
            "avg": 0.03157706211361444,
            "min": 0.007483,
            "med": 0.024931,
            "max": 4.259441,
            "p(90)": 0.037861,
            "p(95)": 0.05054859999999998
        },
        "iteration_duration": {
            "p(90)": 14.5809008,
            "p(95)": 16.999970649999995,
            "avg": 9.277683310846724,
            "min": 1.94002,
            "med": 8.6945155,
            "max": 110.075283
        },
        "http_req_sending": {
            "avg": 0.013288974422245362,
            "min": 0.005445,
            "med": 0.009698,
            "max": 1.970766,
            "p(90)": 0.017149300000000003,
            "p(95)": 0.023147149999999995
        },
        "http_req_tls_handshaking": {
            "avg": 0,
            "min": 0,
            "med": 0,
            "max": 0,
            "p(90)": 0,
            "p(95)": 0
        },
        "http_req_duration": {
            "med": 8.5637555,
            "max": 109.949455,
            "p(90)": 14.4350485,
            "p(95)": 16.8713508,
            "avg": 9.150261610323785,
            "min": 1.844926
        },
        "data_received": {
            "rate": 301496.7856430803,
            "count": 12060480
        },
        "http_req_connecting": {
            "p(95)": 0,
            "avg": 0.000057686566372151025,
            "min": 0,
            "med": 0,
            "max": 0.415056,
            "p(90)": 0
        },
        "checks": {
            "passes": 75378,
            "fails": 0,
            "value": 1
        }
    }
}