{
    "metrics": {
        "vus": {
            "value": 1,
            "min": 1,
            "max": 20
        },
        "http_req_duration": {
            "avg": 47.9268787774777,
            "min": 6.964853,
            "med": 47.1892235,
            "max": 416.883388,
            "p(90)": 57.83606370000001,
            "p(95)": 74.1426282
        },
        "checks": {
            "passes": 14448,
            "fails": 0,
            "value": 1
        },
        "http_req_connecting": {
            "avg": 0.0071375702519379846,
            "min": 0,
            "med": 0,
            "max": 86.479963,
            "p(90)": 0,
            "p(95)": 0
        },
        "rest_insert_success_rate": {
            "passes": 14448,
            "fails": 0,
            "thresholds": {
                "rate>0.99": false
            },
            "value": 1
        },
        "http_req_blocked": {
            "avg": 0.01934798401162798,
            "min": 0.003832,
            "med": 0.008321,
            "max": 86.894543,
            "p(90)": 0.011223300000000002,
            "p(95)": 0.026261599999999902
        },
        "data_sent": {
            "count": 9382120,
            "rate": 234523.9241753393
        },
        "vus_max": {
            "value": 20,
            "min": 20,
            "max": 20
        },
        "data_received": {
            "count": 924672,
            "rate": 23113.934378910028
        },
        "http_req_failed": {
            "passes": 0,
            "fails": 14448,
            "thresholds": {
                "rate<0.01": false
            },
            "value": 0
        },
        "http_req_receiving": {
            "p(95)": 0.2196564499999999,
            "avg": 0.10125862811461916,
            "min": 0.01711,
            "med": 0.076349,
            "max": 16.649466,
            "p(90)": 0.1481951
        },
        "http_reqs": {
            "count": 14448,
            "rate": 361.1552246704692
        },
        "http_req_duration{expected_response:true}": {
            "avg": 47.9268787774777,
            "min": 6.964853,
            "med": 47.1892235,
            "max": 416.883388,
            "p(90)": 57.83606370000001,
            "p(95)": 74.1426282
        },
        "rest_insert_latency_ms": {
            "med": 47.1892235,
            "max": 416.883388,
            "p(90)": 57.83606370000001,
            "p(95)": 74.1426282,
            "avg": 47.9268787774777,
            "min": 6.964853,
            "thresholds": {
                "p(95)<8000": false
            }
        },
        "http_req_tls_handshaking": {
            "avg": 0,
            "min": 0,
            "med": 0,
            "max": 0,
            "p(90)": 0,
            "p(95)": 0
        },
        "http_req_waiting": {
            "p(95)": 73.94646674999998,
            "avg": 47.762897812776856,
            "min": 6.849309,
            "med": 47.033519,
            "max": 416.767587,
            "p(90)": 57.69475830000001
        },
        "iterations": {
            "count": 14448,
            "rate": 361.1552246704692
        },
        "http_req_sending": {
            "min": 0.012962,
            "med": 0.0473695,
            "max": 1.712141,
            "p(90)": 0.1039742,
            "p(95)": 0.16169254999999996,
            "avg": 0.0627223365863788
        },
        "iteration_duration": {
            "avg": 48.42579538988075,
            "min": 7.299225,
            "med": 47.6833335,
            "max": 417.599501,
            "p(90)": 58.2513066,
            "p(95)": 74.58602069999999
        }
    },
    "root_group": {
        "name": "",
        "path": "",
        "id": "d41d8cd98f00b204e9800998ecf8427e",
        "groups": {},
        "checks": {
                "status 2xx": {
                    "name": "status 2xx",
                    "path": "::status 2xx",
                    "id": "5bf9cd1e387741ed8e40bbdbca9b6c92",
                    "passes": 14448,
                    "fails": 0
                }
            }
    }
}