{
    "metrics": {
        "iterations": {
            "count": 13918,
            "rate": 347.9467102421427
        },
        "data_sent": {
            "rate": 225933.28885158888,
            "count": 9037417
        },
        "vus_max": {
            "max": 20,
            "value": 20,
            "min": 20
        },
        "http_req_failed": {
            "passes": 0,
            "fails": 13918,
            "thresholds": {
                "rate<0.01": false
            },
            "value": 0
        },
        "rest_insert_success_rate": {
            "passes": 13918,
            "fails": 0,
            "thresholds": {
                "rate>0.99": false
            },
            "value": 1
        },
        "http_reqs": {
            "rate": 347.9467102421427,
            "count": 13918
        },
        "http_req_blocked": {
            "avg": 0.012908135579824646,
            "min": 0.002317,
            "med": 0.008091,
            "max": 2.821648,
            "p(90)": 0.010689300000000002,
            "p(95)": 0.02306015
        },
        "rest_insert_latency_ms": {
            "med": 49.6510875,
            "max": 485.068585,
            "p(90)": 60.15041910000001,
            "p(95)": 77.04041025,
            "avg": 49.79025348167801,
            "min": 7.139458,
            "thresholds": {
                "p(95)<8000": false
            }
        },
        "http_req_receiving": {
            "avg": 0.09953802766201993,
            "min": 0.019111,
            "med": 0.07684150000000001,
            "max": 3.399128,
            "p(90)": 0.14370370000000002,
            "p(95)": 0.21744745000000001
        },
        "iteration_duration": {
            "min": 7.398149,
            "med": 50.1336455,
            "max": 485.802854,
            "p(90)": 60.733401100000044,
            "p(95)": 77.547687,
            "avg": 50.28165952694359
        },
        "http_req_duration{expected_response:true}": {
            "p(90)": 60.15041910000001,
            "p(95)": 77.04041025,
            "avg": 49.79025348167801,
            "min": 7.139458,
            "med": 49.6510875,
            "max": 485.068585
        },
        "checks": {
            "passes": 13918,
            "fails": 0,
            "value": 1
        },
        "http_req_connecting": {
            "avg": 0.0011903134789481248,
            "min": 0,
            "med": 0,
            "max": 1.185822,
            "p(90)": 0,
            "p(95)": 0
        },
        "http_req_sending": {
            "avg": 0.06190105855726377,
            "min": 0.010016,
            "med": 0.047133,
            "max": 1.576618,
            "p(90)": 0.09947700000000005,
            "p(95)": 0.15258734999999993
        },
        "vus": {
            "value": 1,
            "min": 1,
            "max": 20
        },
        "http_req_tls_handshaking": {
            "p(95)": 0,
            "avg": 0,
            "min": 0,
            "med": 0,
            "max": 0,
            "p(90)": 0
        },
        "data_received": {
            "count": 890752,
            "rate": 22268.58945549713
        },
        "http_req_duration": {
            "avg": 49.79025348167801,
            "min": 7.139458,
            "med": 49.6510875,
            "max": 485.068585,
            "p(90)": 60.15041910000001,
            "p(95)": 77.04041025
        },
        "http_req_waiting": {
            "avg": 49.62881439545908,
            "min": 7.035174,
            "med": 49.48785650000001,
            "max": 484.610601,
            "p(90)": 59.99276660000001,
            "p(95)": 76.85784775
        }
    },
    "root_group": {
        "path": "",
        "id": "d41d8cd98f00b204e9800998ecf8427e",
        "groups": {},
        "checks": {
                "status 2xx": {
                    "path": "::status 2xx",
                    "id": "5bf9cd1e387741ed8e40bbdbca9b6c92",
                    "passes": 13918,
                    "fails": 0,
                    "name": "status 2xx"
                }
            },
        "name": ""
    }
}