{
    "metrics": {
        "rest_insert_success_rate": {
            "passes": 14419,
            "fails": 0,
            "thresholds": {
                "rate>0.99": false
            },
            "value": 1
        },
        "http_reqs": {
            "count": 14419,
            "rate": 360.42485890105297
        },
        "checks": {
            "passes": 14419,
            "fails": 0,
            "value": 1
        },
        "iterations": {
            "count": 14419,
            "rate": 360.42485890105297
        },
        "vus": {
            "value": 1,
            "min": 1,
            "max": 20
        },
        "rest_insert_latency_ms": {
            "avg": 48.019856748942644,
            "min": 7.02392,
            "med": 48.344443,
            "max": 542.668948,
            "p(90)": 57.98854680000001,
            "p(95)": 75.05585069999997,
            "thresholds": {
                "p(95)<8000": false
            }
        },
        "http_req_duration": {
            "avg": 48.019856748942644,
            "min": 7.02392,
            "med": 48.344443,
            "max": 542.668948,
            "p(90)": 57.98854680000001,
            "p(95)": 75.05585069999997
        },
        "http_req_connecting": {
            "avg": 0.0012958708648311257,
            "min": 0,
            "med": 0,
            "max": 2.111282,
            "p(90)": 0,
            "p(95)": 0
        },
        "iteration_duration": {
            "avg": 48.52606414446212,
            "min": 7.366427,
            "med": 48.847124,
            "max": 543.174815,
            "p(90)": 58.4982312,
            "p(95)": 75.63284689999996
        },
        "http_req_waiting": {
            "avg": 47.85421670642885,
            "min": 6.900906,
            "med": 48.187302,
            "max": 542.484127,
            "p(90)": 57.73616920000001,
            "p(95)": 74.88209659999994
        },
        "http_req_sending": {
            "avg": 0.06362744781191527,
            "min": 0.011776,
            "med": 0.047135,
            "max": 11.278189,
            "p(90)": 0.10404380000000003,
            "p(95)": 0.15688249999999995
        },
        "data_received": {
            "count": 922816,
            "rate": 23067.19096966739
        },
        "http_req_duration{expected_response:true}": {
            "p(95)": 75.05585069999997,
            "avg": 48.019856748942644,
            "min": 7.02392,
            "med": 48.344443,
            "max": 542.668948,
            "p(90)": 57.98854680000001
        },
        "http_req_receiving": {
            "avg": 0.10201259470143553,
            "min": 0.01733,
            "med": 0.075294,
            "max": 12.731332,
            "p(90)": 0.15073200000000042,
            "p(95)": 0.22619519999999935
        },
        "http_req_blocked": {
            "p(90)": 0.011136200000000008,
            "p(95)": 0.02594149999999998,
            "avg": 0.013895203134752709,
            "min": 0.002609,
            "med": 0.00826,
            "max": 2.198748
        },
        "data_sent": {
            "count": 9363723,
            "rate": 234060.51328549447
        },
        "http_req_failed": {
            "passes": 0,
            "fails": 14419,
            "thresholds": {
                "rate<0.01": false
            },
            "value": 0
        },
        "http_req_tls_handshaking": {
            "avg": 0,
            "min": 0,
            "med": 0,
            "max": 0,
            "p(90)": 0,
            "p(95)": 0
        },
        "vus_max": {
            "value": 20,
            "min": 20,
            "max": 20
        }
    },
    "root_group": {
        "path": "",
        "id": "d41d8cd98f00b204e9800998ecf8427e",
        "groups": {},
        "checks": {
                "status 2xx": {
                    "path": "::status 2xx",
                    "id": "5bf9cd1e387741ed8e40bbdbca9b6c92",
                    "passes": 14419,
                    "fails": 0,
                    "name": "status 2xx"
                }
            },
        "name": ""
    }
}