{
    "metrics": {
        "vus_max": {
            "min": 20,
            "max": 20,
            "value": 20
        },
        "http_req_receiving": {
            "p(95)": 0.10439725,
            "avg": 0.03560007928483686,
            "min": 0.005508,
            "med": 0.0209475,
            "max": 3.187842,
            "p(90)": 0.056135500000000005
        },
        "iteration_duration": {
            "avg": 8.103815462502645,
            "min": 3.414973,
            "med": 7.2742685,
            "max": 393.155544,
            "p(90)": 9.914534,
            "p(95)": 11.24110175
        },
        "http_req_duration": {
            "p(90)": 9.687638,
            "p(95)": 11.00375275,
            "avg": 7.932259413653966,
            "min": 3.323353,
            "med": 7.106619500000001,
            "max": 393.034117
        },
        "http_req_sending": {
            "avg": 0.01977325183776669,
            "min": 0.004866,
            "med": 0.010372,
            "max": 2.285829,
            "p(90)": 0.0278615,
            "p(95)": 0.0543515
        },
        "iterations": {
            "count": 86246,
            "rate": 2156.1185778598087
        },
        "vus": {
            "value": 1,
            "min": 1,
            "max": 20
        },
        "http_req_duration{expected_response:true}": {
            "p(95)": 11.00375275,
            "avg": 7.932259413653966,
            "min": 3.323353,
            "med": 7.106619500000001,
            "max": 393.034117,
            "p(90)": 9.687638
        },
        "rest_insert_success_rate": {
            "passes": 86246,
            "fails": 0,
            "thresholds": {
                "rate>0.99": false
            },
            "value": 1
        },
        "http_req_waiting": {
            "p(95)": 10.935080000000001,
            "avg": 7.876886082531221,
            "min": 3.294252,
            "med": 7.050212,
            "max": 392.996289,
            "p(90)": 9.623225999999999
        },
        "http_reqs": {
            "count": 86246,
            "rate": 2156.1185778598087
        },
        "data_sent": {
            "count": 56600902,
            "rate": 1415001.9285047702
        },
        "http_req_tls_handshaking": {
            "avg": 0,
            "min": 0,
            "med": 0,
            "max": 0,
            "p(90)": 0,
            "p(95)": 0
        },
        "checks": {
            "passes": 86246,
            "fails": 0,
            "value": 1
        },
        "http_req_connecting": {
            "avg": 0.0001531875333348793,
            "min": 0,
            "med": 0,
            "max": 0.927736,
            "p(90)": 0,
            "p(95)": 0
        },
        "http_req_failed": {
            "passes": 0,
            "fails": 86246,
            "thresholds": {
                "rate<0.01": false
            },
            "value": 0
        },
        "rest_insert_latency_ms": {
            "p(95)": 11.00375275,
            "avg": 7.932259413653966,
            "min": 3.323353,
            "med": 7.106619500000001,
            "max": 393.034117,
            "p(90)": 9.687638,
            "thresholds": {
                "p(95)<8000": false
            }
        },
        "http_req_blocked": {
            "min": 0.001003,
            "med": 0.002578,
            "max": 1.894578,
            "p(90)": 0.00383,
            "p(95)": 0.0049775,
            "avg": 0.004381797984834121
        },
        "data_received": {
            "count": 5519744,
            "rate": 137991.58898302776
        }
    },
    "root_group": {
        "name": "",
        "path": "",
        "id": "d41d8cd98f00b204e9800998ecf8427e",
        "groups": {},
        "checks": {
                "status 2xx": {
                    "fails": 0,
                    "name": "status 2xx",
                    "path": "::status 2xx",
                    "id": "5bf9cd1e387741ed8e40bbdbca9b6c92",
                    "passes": 86246
                }
            }
    }
}