{
    "metrics": {
        "http_req_receiving": {
            "min": 0.013992,
            "med": 0.0463395,
            "max": 4.511666,
            "p(90)": 0.08503630000000001,
            "p(95)": 0.10658899999999993,
            "avg": 0.06462673652971607
        },
        "http_req_duration": {
            "p(90)": 20.3651139,
            "p(95)": 25.292477849999997,
            "avg": 13.204992038522434,
            "min": 3.195048,
            "med": 11.4375,
            "max": 397.131902
        },
        "http_req_waiting": {
            "p(95)": 25.16361934999999,
            "avg": 13.10903225497194,
            "min": 3.10814,
            "med": 11.341706,
            "max": 397.026056,
            "p(90)": 20.273302400000002
        },
        "http_req_tls_handshaking": {
            "med": 0,
            "max": 0,
            "p(90)": 0,
            "p(95)": 0,
            "avg": 0,
            "min": 0
        },
        "http_req_blocked": {
            "max": 2.968667,
            "p(90)": 0.007597,
            "p(95)": 0.008559,
            "avg": 0.00723074071147763,
            "min": 0.00175,
            "med": 0.005371
        },
        "http_req_sending": {
            "med": 0.021353,
            "max": 3.427996,
            "p(90)": 0.039621,
            "p(95)": 0.054254899999999995,
            "avg": 0.031333047020735104,
            "min": 0.008541
        },
        "checks": {
            "passes": 51892,
            "fails": 0,
            "value": 1
        },
        "iteration_duration": {
            "avg": 13.469027910390992,
            "min": 3.397235,
            "med": 11.695333999999999,
            "max": 397.441094,
            "p(90)": 20.6495813,
            "p(95)": 25.5278079
        },
        "vus": {
            "max": 20,
            "value": 1,
            "min": 1
        },
        "vus_max": {
            "value": 20,
            "min": 20,
            "max": 20
        },
        "rest_insert_success_rate": {
            "fails": 0,
            "passes": 51892,
            "thresholds": {
                "rate>0.99": false
            },
            "value": 1
        },
        "data_sent": {
            "count": 72133152,
            "rate": 1803156.0597681825
        },
        "data_received": {
            "count": 8302720,
            "rate": 207548.11713424756
        },
        "http_req_duration{expected_response:true}": {
            "avg": 13.204992038522434,
            "min": 3.195048,
            "med": 11.4375,
            "max": 397.131902,
            "p(90)": 20.3651139,
            "p(95)": 25.292477849999997
        },
        "iterations": {
            "rate": 1297.1757320890472,
            "count": 51892
        },
        "http_reqs": {
            "count": 51892,
            "rate": 1297.1757320890472
        },
        "http_req_failed": {
            "passes": 0,
            "fails": 51892,
            "thresholds": {
                "rate<0.01": false
            },
            "value": 0
        },
        "http_req_connecting": {
            "avg": 0.00017757359515917679,
            "min": 0,
            "med": 0,
            "max": 2.785558,
            "p(90)": 0,
            "p(95)": 0
        },
        "rest_insert_latency_ms": {
            "avg": 13.204992038522434,
            "min": 3.195048,
            "med": 11.4375,
            "max": 397.131902,
            "p(90)": 20.3651139,
            "p(95)": 25.292477849999997,
            "thresholds": {
                "p(95)<8000": false
            }
        }
    },
    "root_group": {
        "name": "",
        "path": "",
        "id": "d41d8cd98f00b204e9800998ecf8427e",
        "groups": {},
        "checks": {
                "status 2xx": {
                    "name": "status 2xx",
                    "path": "::status 2xx",
                    "id": "5bf9cd1e387741ed8e40bbdbca9b6c92",
                    "passes": 51892,
                    "fails": 0
                }
            }
    }
}