{
    "root_group": {
        "name": "",
        "path": "",
        "id": "d41d8cd98f00b204e9800998ecf8427e",
        "groups": {},
        "checks": {
                "status 200": {
                    "path": "::status 200",
                    "id": "fad9fa412b86fcb03bee97c80dcd61f1",
                    "passes": 288,
                    "fails": 0,
                    "name": "status 200"
                },
                "access_token present": {
                    "name": "access_token present",
                    "path": "::access_token present",
                    "id": "e7169eb8030ab7cf928cbeede2caae48",
                    "passes": 288,
                    "fails": 0
                }
            }
    },
    "metrics": {
        "http_req_connecting": {
            "avg": 0.0131929375,
            "min": 0,
            "med": 0,
            "max": 0.858609,
            "p(90)": 0,
            "p(95)": 0
        },
        "http_req_tls_handshaking": {
            "med": 0,
            "max": 0,
            "p(90)": 0,
            "p(95)": 0,
            "avg": 0,
            "min": 0
        },
        "checks": {
            "passes": 576,
            "fails": 0,
            "value": 1
        },
        "data_sent": {
            "count": 76032,
            "rate": 1897.3401654869097
        },
        "http_req_blocked": {
            "avg": 0.02341408680555555,
            "min": 0.002407,
            "med": 0.005268999999999999,
            "max": 1.368365,
            "p(90)": 0.010036200000000002,
            "p(95)": 0.014363599999999995
        },
        "http_req_waiting": {
            "med": 114.0588605,
            "max": 329.420888,
            "p(90)": 164.99603860000002,
            "p(95)": 202.28740749999983,
            "avg": 111.77975114583336,
            "min": 45.90782
        },
        "data_received": {
            "count": 195840,
            "rate": 4887.08830504204
        },
        "vus_max": {
            "value": 5,
            "min": 5,
            "max": 5
        },
        "http_req_duration": {
            "max": 329.559209,
            "p(90)": 165.2016996,
            "p(95)": 202.39694169999981,
            "avg": 111.9202628993056,
            "min": 45.97728,
            "med": 114.1805755
        },
        "http_req_sending": {
            "avg": 0.03377578124999996,
            "min": 0.006927,
            "med": 0.0220365,
            "max": 0.38905,
            "p(90)": 0.05997870000000002,
            "p(95)": 0.08253735
        },
        "http_req_failed": {
            "passes": 0,
            "fails": 288,
            "thresholds": {
                "rate<0.01": false
            },
            "value": 0
        },
        "http_reqs": {
            "count": 288,
            "rate": 7.186894566238294
        },
        "iterations": {
            "count": 288,
            "rate": 7.186894566238294
        },
        "auth_signin_success_rate": {
            "passes": 288,
            "fails": 0,
            "thresholds": {
                "rate>0.99": false
            },
            "value": 1
        },
        "http_req_duration{expected_response:true}": {
            "max": 329.559209,
            "p(90)": 165.2016996,
            "p(95)": 202.39694169999981,
            "avg": 111.9202628993056,
            "min": 45.97728,
            "med": 114.1805755
        },
        "iteration_duration": {
            "avg": 612.9482275381946,
            "min": 546.741199,
            "med": 614.941155,
            "max": 830.624093,
            "p(90)": 666.1213357,
            "p(95)": 703.7074018499998
        },
        "auth_signin_latency_ms": {
            "p(90)": 165.2016996,
            "p(95)": 202.39694169999981,
            "avg": 111.9202628993056,
            "min": 45.97728,
            "med": 114.1805755,
            "max": 329.559209,
            "thresholds": {
                "p(95)<10000": false
            }
        },
        "vus": {
            "value": 1,
            "min": 0,
            "max": 5
        },
        "http_req_receiving": {
            "avg": 0.10673597222222218,
            "min": 0.040179,
            "med": 0.071664,
            "max": 1.918903,
            "p(90)": 0.1601419,
            "p(95)": 0.22865979999999997
        }
    }
}