{
    "metrics": {
        "checks": {
            "passes": 508,
            "fails": 0,
            "value": 1
        },
        "data_sent": {
            "count": 111202,
            "rate": 2774.4166774726964
        },
        "http_req_failed": {
            "passes": 0,
            "fails": 254,
            "thresholds": {
                "rate<0.01": false
            },
            "value": 0
        },
        "auth_signup_latency_ms": {
            "avg": 192.31038801968515,
            "min": 106.851622,
            "med": 178.02910150000002,
            "max": 433.804429,
            "p(90)": 286.5531541000002,
            "p(95)": 339.03724224999996,
            "thresholds": {
                "p(95)<15000": false
            }
        },
        "http_req_waiting": {
            "p(95)": 338.90953019999995,
            "avg": 192.12393883464557,
            "min": 106.766726,
            "med": 177.801221,
            "max": 433.649851,
            "p(90)": 286.28262680000023
        },
        "iteration_duration": {
            "max": 934.954959,
            "p(90)": 788.4813938000002,
            "p(95)": 841.0444371,
            "avg": 694.2892958661417,
            "min": 607.467055,
            "med": 679.924591
        },
        "http_req_duration{expected_response:true}": {
            "p(95)": 339.03724224999996,
            "avg": 192.31038801968515,
            "min": 106.851622,
            "med": 178.02910150000002,
            "max": 433.804429,
            "p(90)": 286.5531541000002
        },
        "auth_signup_success_rate": {
            "passes": 254,
            "fails": 0,
            "thresholds": {
                "rate>0.99": false
            },
            "value": 1
        },
        "data_received": {
            "rate": 16576.616959194183,
            "count": 664411
        },
        "http_reqs": {
            "count": 254,
            "rate": 6.337132750112991
        },
        "http_req_connecting": {
            "med": 0,
            "max": 0.710551,
            "p(90)": 0,
            "p(95)": 0,
            "avg": 0.007710830708661417,
            "min": 0
        },
        "http_req_sending": {
            "med": 0.0337075,
            "max": 0.621297,
            "p(90)": 0.07673650000000001,
            "p(95)": 0.11248549999999999,
            "avg": 0.04707008267716536,
            "min": 0.009506
        },
        "http_req_receiving": {
            "avg": 0.13937910236220472,
            "min": 0.023208,
            "med": 0.10031799999999999,
            "max": 1.555444,
            "p(90)": 0.22097310000000012,
            "p(95)": 0.30874219999999997
        },
        "http_req_blocked": {
            "p(95)": 0.034880349999999984,
            "avg": 0.029645901574803155,
            "min": 0.002492,
            "med": 0.006935,
            "max": 2.071781,
            "p(90)": 0.012298300000000009
        },
        "http_req_tls_handshaking": {
            "avg": 0,
            "min": 0,
            "med": 0,
            "max": 0,
            "p(90)": 0,
            "p(95)": 0
        },
        "iterations": {
            "count": 254,
            "rate": 6.337132750112991
        },
        "vus": {
            "value": 1,
            "min": 0,
            "max": 5
        },
        "http_req_duration": {
            "p(90)": 286.5531541000002,
            "p(95)": 339.03724224999996,
            "avg": 192.31038801968515,
            "min": 106.851622,
            "med": 178.02910150000002,
            "max": 433.804429
        },
        "vus_max": {
            "value": 5,
            "min": 5,
            "max": 5
        }
    },
    "root_group": {
        "name": "",
        "path": "",
        "id": "d41d8cd98f00b204e9800998ecf8427e",
        "groups": {},
        "checks": {
                "status 200": {
                    "path": "::status 200",
                    "id": "fad9fa412b86fcb03bee97c80dcd61f1",
                    "passes": 254,
                    "fails": 0,
                    "name": "status 200"
                },
                "user.id present": {
                    "fails": 0,
                    "name": "user.id present",
                    "path": "::user.id present",
                    "id": "0fb08cd9e34258cf608b6400bd265a60",
                    "passes": 254
                }
            }
    }
}