{
    "root_group": {
        "name": "",
        "path": "",
        "id": "d41d8cd98f00b204e9800998ecf8427e",
        "groups": {},
        "checks": {
                "status 200": {
                    "fails": 0,
                    "name": "status 200",
                    "path": "::status 200",
                    "id": "fad9fa412b86fcb03bee97c80dcd61f1",
                    "passes": 58855
                },
                "body is non-empty array": {
                    "path": "::body is non-empty array",
                    "id": "4a612b9605825888f90f82b3870dfa0a",
                    "passes": 58855,
                    "fails": 0,
                    "name": "body is non-empty array"
                }
            }
    },
    "metrics": {
        "checks": {
            "passes": 117710,
            "fails": 0,
            "value": 1
        },
        "http_req_waiting": {
            "p(90)": 17.596419599999997,
            "p(95)": 23.41651809999999,
            "avg": 11.04399420937907,
            "min": 4.572889,
            "med": 9.265726,
            "max": 82.478676
        },
        "rest_select_success_rate": {
            "passes": 58855,
            "fails": 0,
            "thresholds": {
                "rate>0.99": false
            },
            "value": 1
        },
        "http_req_duration{expected_response:true}": {
            "avg": 11.205442601138419,
            "min": 4.630432,
            "med": 9.420758,
            "max": 82.574186,
            "p(90)": 17.825709999999997,
            "p(95)": 23.645232899999996
        },
        "vus_max": {
            "value": 20,
            "min": 20,
            "max": 20
        },
        "vus": {
            "value": 1,
            "min": 1,
            "max": 20
        },
        "rest_select_latency_ms": {
            "p(90)": 17.825709999999997,
            "p(95)": 23.645232899999996,
            "avg": 11.205442601138419,
            "min": 4.630432,
            "med": 9.420758,
            "max": 82.574186,
            "thresholds": {
                "p(95)<5000": false
            }
        },
        "http_req_duration": {
            "min": 4.630432,
            "med": 9.420758,
            "max": 82.574186,
            "p(90)": 17.825709999999997,
            "p(95)": 23.645232899999996,
            "avg": 11.205442601138419
        },
        "http_req_blocked": {
            "max": 14.720148,
            "p(90)": 0.007913,
            "p(95)": 0.010184999999999956,
            "avg": 0.010656945340243043,
            "min": 0.001921,
            "med": 0.005547
        },
        "http_req_sending": {
            "avg": 0.03887216662985314,
            "min": 0.007739,
            "med": 0.017329,
            "max": 27.596453,
            "p(90)": 0.04340859999999999,
            "p(95)": 0.08757749999999975
        },
        "http_req_failed": {
            "passes": 0,
            "fails": 58855,
            "thresholds": {
                "rate<0.01": false
            },
            "value": 0
        },
        "data_sent": {
            "rate": 831224.227120193,
            "count": 33253075
        },
        "iterations": {
            "count": 58855,
            "rate": 1471.1933223366245
        },
        "http_reqs": {
            "count": 58855,
            "rate": 1471.1933223366245
        },
        "http_req_tls_handshaking": {
            "p(95)": 0,
            "avg": 0,
            "min": 0,
            "med": 0,
            "max": 0,
            "p(90)": 0
        },
        "data_received": {
            "count": 108293200,
            "rate": 2706995.7130993893
        },
        "iteration_duration": {
            "min": 4.954595,
            "med": 10.051447,
            "max": 84.375924,
            "p(90)": 18.6627884,
            "p(95)": 24.475311899999994,
            "avg": 11.864450712853587
        },
        "http_req_connecting": {
            "avg": 0.00040412060147820914,
            "min": 0,
            "med": 0,
            "max": 5.818564,
            "p(90)": 0,
            "p(95)": 0
        },
        "http_req_receiving": {
            "p(95)": 0.3357642999999996,
            "avg": 0.1225762251295562,
            "min": 0.018383,
            "med": 0.056753,
            "max": 20.718456,
            "p(90)": 0.1664578
        }
    }
}