{
    "root_group": {
        "name": "",
        "path": "",
        "id": "d41d8cd98f00b204e9800998ecf8427e",
        "groups": {},
        "checks": {
                "status 2xx": {
                    "fails": 0,
                    "name": "status 2xx",
                    "path": "::status 2xx",
                    "id": "5bf9cd1e387741ed8e40bbdbca9b6c92",
                    "passes": 63979
                }
            }
    },
    "metrics": {
        "http_req_failed": {
            "passes": 0,
            "fails": 63979,
            "thresholds": {
                "rate<0.01": false
            },
            "value": 0
        },
        "http_req_tls_handshaking": {
            "p(95)": 0,
            "avg": 0,
            "min": 0,
            "med": 0,
            "max": 0,
            "p(90)": 0
        },
        "http_req_duration{expected_response:true}": {
            "avg": 10.772420542068522,
            "min": 1.929653,
            "med": 9.040253,
            "max": 785.235618,
            "p(90)": 15.589217600000003,
            "p(95)": 18.58682
        },
        "http_req_blocked": {
            "min": 0.001048,
            "med": 0.002685,
            "max": 2.169168,
            "p(90)": 0.00452,
            "p(95)": 0.005426,
            "avg": 0.0037682449553759676
        },
        "http_req_duration": {
            "avg": 10.772420542068522,
            "min": 1.929653,
            "med": 9.040253,
            "max": 785.235618,
            "p(90)": 15.589217600000003,
            "p(95)": 18.58682
        },
        "vus": {
            "value": 1,
            "min": 1,
            "max": 20
        },
        "iterations": {
            "count": 63979,
            "rate": 1598.3315992462246
        },
        "data_received": {
            "count": 10236640,
            "rate": 255733.05587939595
        },
        "rest_insert_success_rate": {
            "passes": 63979,
            "fails": 0,
            "thresholds": {
                "rate>0.99": false
            },
            "value": 1
        },
        "http_req_sending": {
            "max": 4.776615,
            "p(90)": 0.02169600000000002,
            "p(95)": 0.03145979999999999,
            "avg": 0.017194485346754513,
            "min": 0.005571,
            "med": 0.010857
        },
        "iteration_duration": {
            "p(95)": 18.753778699999998,
            "avg": 10.929570123556141,
            "min": 2.042154,
            "med": 9.195555,
            "max": 785.355604,
            "p(90)": 15.752213800000003
        },
        "vus_max": {
            "value": 20,
            "min": 20,
            "max": 20
        },
        "http_req_connecting": {
            "avg": 0.00015727468388064834,
            "min": 0,
            "med": 0,
            "max": 2.017074,
            "p(90)": 0,
            "p(95)": 0
        },
        "rest_insert_latency_ms": {
            "avg": 10.772420542068522,
            "min": 1.929653,
            "med": 9.040253,
            "max": 785.235618,
            "p(90)": 15.589217600000003,
            "p(95)": 18.58682,
            "thresholds": {
                "p(95)<8000": false
            }
        },
        "http_req_receiving": {
            "avg": 0.039278954469435155,
            "min": 0.007906,
            "med": 0.028783,
            "max": 11.303203,
            "p(90)": 0.05223320000000001,
            "p(95)": 0.0687574
        },
        "checks": {
            "fails": 0,
            "passes": 63979,
            "value": 1
        },
        "data_sent": {
            "count": 88946581,
            "rate": 2222074.916100812
        },
        "http_reqs": {
            "count": 63979,
            "rate": 1598.3315992462246
        },
        "http_req_waiting": {
            "max": 785.183637,
            "p(90)": 15.529358200000008,
            "p(95)": 18.5315793,
            "avg": 10.715947102252272,
            "min": 1.88431,
            "med": 8.988775
        }
    }
}