{"metrics":{"http_req_blocked":{"max":1.26884,"p(90)":0.005614,"p(95)":0.0067066999999999995,"avg":0.005202447184271901,"min":0.001117,"med":0.003635},"http_req_duration{expected_response:true}":{"max":472.650892,"p(90)":197.610521,"p(95)":224.37588,"avg":117.83863682122441,"min":3.355874,"med":110.016231},"storage_download_latency_small_ms":{"med":58.3393675,"max":213.544159,"p(90)":83.1209676,"p(95)":92.89646175,"avg":58.029210757437106,"min":3.355874,"thresholds":{"p(95)<10000":false}},"http_req_connecting":{"max":0.422077,"p(90)":0,"p(95)":0,"avg":0.000329644007553038,"min":0,"med":0},"http_req_receiving":{"med":0.058391,"max":167.701051,"p(90)":0.4183256000000023,"p(95)":39.03227829999997,"avg":3.8798263789847915,"min":0.013894},"http_req_waiting":{"avg":73.68753262779114,"min":2.239521,"med":60.254152,"max":472.221324,"p(90)":140.6271388,"p(95)":182.26504069999993},"checks":{"passes":5244,"fails":5507,"value":0.4877685796670077},"storage_download_success_rate":{"passes":1748,"fails":0,"thresholds":{"rate>0.99":false},"value":1},"iterations":{"count":6381,"rate":159.46088117036055},"storage_upload_latency_small_ms":{"max":316.362246,"p(90)":90.818224,"p(95)":106.393578,"avg":58.80701184923984,"min":2.454468,"med":57.258859,"thresholds":{"p(95)<10000":false}},"data_received":{"count":976182262,"rate":24394747.4818047},"storage_upload_success_rate":{"passes":1748,"fails":5507,"thresholds":{"rate>0.99":true},"value":0.24093728463128877},"http_req_sending":{"max":88.927327,"p(90)":0.30899260000000006,"p(95)":0.3989982,"avg":0.23241797367544165,"min":0.004158,"med":0.069978},"vus_max":{"value":20,"min":20,"max":20},"http_req_failed":{"passes":5507,"fails":3496,"thresholds":{"rate<0.01":true},"value":0.6116849938909252},"storage_upload_latency_large_ms":{"med":180.84898299999998,"max":472.650892,"p(90)":251.49680050000006,"p(95)":299.3630598999995,"avg":179.0342544290619,"min":11.878659,"thresholds":{"p(95)<30000":false}},"http_reqs":{"count":9003,"rate":224.98453426998216},"http_req_duration":{"avg":77.79977698045064,"min":2.454468,"med":60.523282,"max":472.650892,"p(90)":158.6153614,"p(95)":187.823491},"data_sent":{"count":1339403871,"rate":33471637.91140134},"iteration_duration":{"p(95)":500.537982,"avg":110.13211545588499,"min":2.630386,"med":58.1319,"max":1128.160454,"p(90)":452.572125},"vus":{"value":2,"min":2,"max":20},"storage_download_latency_large_ms":{"avg":135.00043589473685,"min":7.163847,"med":139.576612,"max":390.977501,"p(90)":189.7074531,"p(95)":222.5864516,"thresholds":{"p(95)<30000":false}},"http_req_tls_handshaking":{"p(90)":0,"p(95)":0,"avg":0,"min":0,"med":0,"max":0},"storage_upload_errors":{"count":5507,"rate":137.6196634704867}},"root_group":{"path":"","id":"d41d8cd98f00b204e9800998ecf8427e","groups":{},"checks":{"upload small: 2xx":{"name":"upload small: 2xx","path":"::upload small: 2xx","id":"9b78e7f8d042046407ce2843b9099f47","passes":874,"fails":5507},"upload large: 2xx":{"path":"::upload large: 2xx","id":"913fbb8ef39ab0a4099ac11b8bdac29a","passes":874,"fails":0,"name":"upload large: 2xx"},"download small: 200":{"id":"55be9db100b79a8c7487de0023a297bd","passes":874,"fails":0,"name":"download small: 200","path":"::download small: 200"},"download small: exact size":{"name":"download small: exact size","path":"::download small: exact size","id":"70e0ea1870a9f7e3913e05e679827c31","passes":874,"fails":0},"download large: 200":{"name":"download large: 200","path":"::download large: 200","id":"cfab91118480a59b6fa810589e9e3b56","passes":874,"fails":0},"download large: exact size":{"name":"download large: exact size","path":"::download large: exact size","id":"7b6f24557fbf84980cfa4dc2883a0090","passes":874,"fails":0}},"name":""},"__bench_threshold_failed":true,"__bench_target":"supabase"}