{
    "root_group": {
        "name": "",
        "path": "",
        "id": "d41d8cd98f00b204e9800998ecf8427e",
        "groups": {},
        "checks": {
                "status 2xx": {
                    "id": "5bf9cd1e387741ed8e40bbdbca9b6c92",
                    "passes": 70959,
                    "fails": 0,
                    "name": "status 2xx",
                    "path": "::status 2xx"
                }
            }
    },
    "metrics": {
        "http_req_receiving": {
            "p(90)": 0.05281060000000001,
            "p(95)": 0.07555509999999956,
            "avg": 0.041302806183852715,
            "min": 0.009033,
            "med": 0.03065,
            "max": 4.930197
        },
        "http_req_connecting": {
            "max": 1.338369,
            "p(90)": 0,
            "p(95)": 0,
            "avg": 0.001836667850448852,
            "min": 0,
            "med": 0
        },
        "rest_insert_latency_ms": {
            "p(90)": 14.467713800000002,
            "p(95)": 16.877547199999995,
            "avg": 9.697513225087576,
            "min": 2.220711,
            "med": 8.822269,
            "max": 214.994039,
            "thresholds": {
                "p(95)<8000": false
            }
        },
        "http_reqs": {
            "count": 70959,
            "rate": 1773.879138773095
        },
        "iteration_duration": {
            "min": 2.316724,
            "med": 8.975053,
            "max": 215.109102,
            "p(90)": 14.618101000000001,
            "p(95)": 17.029518099999976,
            "avg": 9.854054914429385
        },
        "http_req_duration": {
            "min": 2.220711,
            "med": 8.822269,
            "max": 214.994039,
            "p(90)": 14.467713800000002,
            "p(95)": 16.877547199999995,
            "avg": 9.697513225087576
        },
        "http_req_tls_handshaking": {
            "min": 0,
            "med": 0,
            "max": 0,
            "p(90)": 0,
            "p(95)": 0,
            "avg": 0
        },
        "vus": {
            "max": 20,
            "value": 1,
            "min": 1
        },
        "vus_max": {
            "value": 20,
            "min": 20,
            "max": 20
        },
        "http_req_blocked": {
            "max": 2.186078,
            "p(90)": 0.003616,
            "p(95)": 0.00445,
            "avg": 0.005974830648684499,
            "min": 0.001016,
            "med": 0.002538
        },
        "rest_insert_success_rate": {
            "passes": 70959,
            "fails": 0,
            "thresholds": {
                "rate>0.99": false
            },
            "value": 1
        },
        "http_req_waiting": {
            "p(90)": 14.414185600000001,
            "p(95)": 16.822196699999992,
            "avg": 9.639727025676825,
            "min": 2.183115,
            "med": 8.763077,
            "max": 214.952043
        },
        "data_sent": {
            "count": 92050565,
            "rate": 2301139.770371296
        },
        "http_req_failed": {
            "passes": 0,
            "fails": 70959,
            "thresholds": {
                "rate<0.01": false
            },
            "value": 0
        },
        "checks": {
            "passes": 70959,
            "fails": 0,
            "value": 1
        },
        "http_req_sending": {
            "p(95)": 0.03448339999999996,
            "avg": 0.016483393227074684,
            "min": 0.005396,
            "med": 0.010638,
            "max": 1.765324,
            "p(90)": 0.02197
        },
        "http_req_duration{expected_response:true}": {
            "min": 2.220711,
            "med": 8.822269,
            "max": 214.994039,
            "p(90)": 14.467713800000002,
            "p(95)": 16.877547199999995,
            "avg": 9.697513225087576
        },
        "data_received": {
            "count": 20313660,
            "rate": 507814.05749981635
        },
        "iterations": {
            "count": 70959,
            "rate": 1773.879138773095
        }
    }
}