{
    "root_group": {
        "path": "",
        "id": "d41d8cd98f00b204e9800998ecf8427e",
        "groups": {},
        "checks": {
                "status 200": {
                    "name": "status 200",
                    "path": "::status 200",
                    "id": "fad9fa412b86fcb03bee97c80dcd61f1",
                    "passes": 106,
                    "fails": 0
                },
                "user.id present": {
                    "name": "user.id present",
                    "path": "::user.id present",
                    "id": "0fb08cd9e34258cf608b6400bd265a60",
                    "passes": 106,
                    "fails": 0
                }
            },
        "name": ""
    },
    "metrics": {
        "vus_max": {
            "max": 5,
            "value": 5,
            "min": 5
        },
        "vus": {
            "value": 5,
            "min": 0,
            "max": 5
        },
        "http_req_blocked": {
            "max": 1.030129,
            "p(90)": 0.0093975,
            "p(95)": 0.01124325,
            "avg": 0.04437049056603776,
            "min": 0.003007,
            "med": 0.0074055
        },
        "http_req_duration{expected_response:true}": {
            "avg": 1058.4926352075472,
            "min": 38.87771,
            "med": 42.395605,
            "max": 26737.056146,
            "p(90)": 83.360565,
            "p(95)": 105.29295175
        },
        "http_req_tls_handshaking": {
            "p(95)": 0,
            "avg": 0,
            "min": 0,
            "med": 0,
            "max": 0,
            "p(90)": 0
        },
        "checks": {
            "passes": 212,
            "fails": 0,
            "value": 1
        },
        "http_reqs": {
            "count": 106,
            "rate": 2.5534461541720526
        },
        "auth_signup_latency_ms": {
            "p(90)": 83.360565,
            "p(95)": 105.29295175,
            "avg": 1058.4926352075472,
            "min": 38.87771,
            "med": 42.395605,
            "max": 26737.056146,
            "thresholds": {
                "p(95)<15000": false
            }
        },
        "data_sent": {
            "count": 30124,
            "rate": 725.660490078103
        },
        "http_req_failed": {
            "passes": 0,
            "fails": 106,
            "thresholds": {
                "rate<0.01": false
            },
            "value": 0
        },
        "http_req_sending": {
            "max": 0.153134,
            "p(90)": 0.0620965,
            "p(95)": 0.08742375,
            "avg": 0.038050999999999995,
            "min": 0.009146,
            "med": 0.030108000000000003
        },
        "data_received": {
            "count": 80354,
            "rate": 1935.656719550388
        },
        "auth_signup_success_rate": {
            "passes": 106,
            "fails": 0,
            "thresholds": {
                "rate>0.99": false
            },
            "value": 1
        },
        "http_req_connecting": {
            "med": 0,
            "max": 0.700859,
            "p(90)": 0,
            "p(95)": 0,
            "avg": 0.030696849056603775,
            "min": 0
        },
        "http_req_duration": {
            "avg": 1058.4926352075472,
            "min": 38.87771,
            "med": 42.395605,
            "max": 26737.056146,
            "p(90)": 83.360565,
            "p(95)": 105.29295175
        },
        "http_req_waiting": {
            "max": 26736.935639,
            "p(90)": 83.20623,
            "p(95)": 105.187417,
            "avg": 1058.3432685754717,
            "min": 38.73242,
            "med": 42.1944265
        },
        "http_req_receiving": {
            "avg": 0.1113156320754717,
            "min": 0.044821,
            "med": 0.102605,
            "max": 0.260266,
            "p(90)": 0.1627815,
            "p(95)": 0.18269449999999998
        },
        "iteration_duration": {
            "avg": 1559.668743226415,
            "min": 539.698392,
            "med": 543.7274365000001,
            "max": 27237.811146,
            "p(90)": 584.8542239999999,
            "p(95)": 606.09924925
        },
        "iterations": {
            "count": 106,
            "rate": 2.5534461541720526
        }
    }
}