{
    "root_group": {
        "groups": {},
        "checks": {
                "status 2xx": {
                    "name": "status 2xx",
                    "path": "::status 2xx",
                    "id": "5bf9cd1e387741ed8e40bbdbca9b6c92",
                    "passes": 71942,
                    "fails": 0
                }
            },
        "name": "",
        "path": "",
        "id": "d41d8cd98f00b204e9800998ecf8427e"
    },
    "metrics": {
        "http_req_sending": {
            "p(95)": 0.03375395,
            "avg": 0.017040446693169408,
            "min": 0.005565,
            "med": 0.010707,
            "max": 2.592844,
            "p(90)": 0.021941800000000004
        },
        "vus_max": {
            "value": 20,
            "min": 20,
            "max": 20
        },
        "iteration_duration": {
            "avg": 9.71884843443329,
            "min": 2.141074,
            "med": 8.8759435,
            "max": 165.916308,
            "p(90)": 14.450228000000001,
            "p(95)": 16.6650666
        },
        "http_req_blocked": {
            "p(90)": 0.003789,
            "p(95)": 0.004686899999999995,
            "avg": 0.0062795071585443766,
            "min": 0.00105,
            "med": 0.002619,
            "max": 3.055444
        },
        "http_req_waiting": {
            "max": 165.593753,
            "p(90)": 14.228802700000001,
            "p(95)": 16.447476749999996,
            "avg": 9.50031663690194,
            "min": 2.00561,
            "med": 8.6595565
        },
        "http_req_duration": {
            "avg": 9.560113112257167,
            "min": 2.042973,
            "med": 8.7157155,
            "max": 165.675527,
            "p(90)": 14.2894974,
            "p(95)": 16.49759415
        },
        "http_req_tls_handshaking": {
            "med": 0,
            "max": 0,
            "p(90)": 0,
            "p(95)": 0,
            "avg": 0,
            "min": 0
        },
        "data_sent": {
            "count": 100588239,
            "rate": 2514677.230604714
        },
        "data_received": {
            "count": 20594446,
            "rate": 514855.2648696666
        },
        "checks": {
            "passes": 71942,
            "fails": 0,
            "value": 1
        },
        "http_req_receiving": {
            "med": 0.0312235,
            "max": 3.402808,
            "p(90)": 0.05405770000000003,
            "p(95)": 0.0781551499999999,
            "avg": 0.04275602866197774,
            "min": 0.009026
        },
        "rest_insert_success_rate": {
            "passes": 71942,
            "fails": 0,
            "thresholds": {
                "rate>0.99": false
            },
            "value": 1
        },
        "http_req_duration{expected_response:true}": {
            "p(95)": 16.49759415,
            "avg": 9.560113112257167,
            "min": 2.042973,
            "med": 8.7157155,
            "max": 165.675527,
            "p(90)": 14.2894974
        },
        "http_req_connecting": {
            "avg": 0.001993942676044591,
            "min": 0,
            "med": 0,
            "max": 2.255822,
            "p(90)": 0,
            "p(95)": 0
        },
        "vus": {
            "value": 1,
            "min": 1,
            "max": 20
        },
        "rest_insert_latency_ms": {
            "p(90)": 14.2894974,
            "p(95)": 16.49759415,
            "avg": 9.560113112257167,
            "min": 2.042973,
            "med": 8.7157155,
            "max": 165.675527,
            "thresholds": {
                "p(95)<8000": false
            }
        },
        "http_req_failed": {
            "passes": 0,
            "fails": 71942,
            "thresholds": {
                "rate<0.01": false
            },
            "value": 0
        },
        "iterations": {
            "count": 71942,
            "rate": 1798.529441639438
        },
        "http_reqs": {
            "rate": 1798.529441639438,
            "count": 71942
        }
    }
}