{
    "metrics": {
        "http_req_waiting": {
            "avg": 32.83313487840179,
            "min": 3.411807,
            "med": 31.416373,
            "max": 683.799747,
            "p(90)": 38.553014000000005,
            "p(95)": 55.87588870000003
        },
        "http_req_duration{expected_response:true}": {
            "min": 3.442914,
            "med": 31.485287,
            "max": 683.859088,
            "p(90)": 38.65000680000001,
            "p(95)": 55.928743700000005,
            "avg": 32.91060293742613
        },
        "iterations": {
            "rate": 528.1625024736218,
            "count": 21127
        },
        "rest_insert_success_rate": {
            "passes": 21127,
            "fails": 0,
            "thresholds": {
                "rate>0.99": false
            },
            "value": 1
        },
        "http_reqs": {
            "count": 21127,
            "rate": 528.1625024736218
        },
        "http_req_tls_handshaking": {
            "p(95)": 0,
            "avg": 0,
            "min": 0,
            "med": 0,
            "max": 0,
            "p(90)": 0
        },
        "iteration_duration": {
            "avg": 33.12372619751979,
            "min": 3.548946,
            "med": 31.691538,
            "max": 684.001803,
            "p(90)": 38.87055600000001,
            "p(95)": 56.13929410000003
        },
        "data_sent": {
            "count": 13721350,
            "rate": 343025.6332331344
        },
        "vus_max": {
            "value": 20,
            "min": 20,
            "max": 20
        },
        "http_req_failed": {
            "passes": 0,
            "fails": 21127,
            "thresholds": {
                "rate<0.01": false
            },
            "value": 0
        },
        "http_req_duration": {
            "min": 3.442914,
            "med": 31.485287,
            "max": 683.859088,
            "p(90)": 38.65000680000001,
            "p(95)": 55.928743700000005,
            "avg": 32.91060293742613
        },
        "http_req_sending": {
            "p(90)": 0.05138000000000004,
            "p(95)": 0.08156390000000001,
            "avg": 0.028248485871160064,
            "min": 0.007044,
            "med": 0.019507,
            "max": 3.00611
        },
        "http_req_receiving": {
            "med": 0.032618,
            "max": 1.915668,
            "p(90)": 0.0828964,
            "p(95)": 0.13709800000000008,
            "avg": 0.049219573152837336,
            "min": 0.010223
        },
        "rest_insert_latency_ms": {
            "med": 31.485287,
            "max": 683.859088,
            "p(90)": 38.65000680000001,
            "p(95)": 55.928743700000005,
            "avg": 32.91060293742613,
            "min": 3.442914,
            "thresholds": {
                "p(95)<8000": false
            }
        },
        "vus": {
            "value": 1,
            "min": 1,
            "max": 20
        },
        "data_received": {
            "count": 1352128,
            "rate": 33802.40015831179
        },
        "http_req_connecting": {
            "max": 20.690882,
            "p(90)": 0,
            "p(95)": 0,
            "avg": 0.0015551315851753678,
            "min": 0,
            "med": 0
        },
        "checks": {
            "passes": 21127,
            "fails": 0,
            "value": 1
        },
        "http_req_blocked": {
            "min": 0.001766,
            "med": 0.003098,
            "max": 20.778847,
            "p(90)": 0.004864200000000004,
            "p(95)": 0.010059600000000005,
            "avg": 0.006995468594689239
        }
    },
    "root_group": {
        "name": "",
        "path": "",
        "id": "d41d8cd98f00b204e9800998ecf8427e",
        "groups": {},
        "checks": {
                "status 2xx": {
                    "passes": 21127,
                    "fails": 0,
                    "name": "status 2xx",
                    "path": "::status 2xx",
                    "id": "5bf9cd1e387741ed8e40bbdbca9b6c92"
                }
            }
    }
}