{
    "root_group": {
        "path": "",
        "id": "d41d8cd98f00b204e9800998ecf8427e",
        "groups": {},
        "checks": {
                "status 2xx": {
                    "path": "::status 2xx",
                    "id": "5bf9cd1e387741ed8e40bbdbca9b6c92",
                    "passes": 71288,
                    "fails": 0,
                    "name": "status 2xx"
                }
            },
        "name": ""
    },
    "metrics": {
        "http_req_blocked": {
            "avg": 0.006159592946919517,
            "min": 0.001034,
            "med": 0.002529,
            "max": 3.908716,
            "p(90)": 0.003601,
            "p(95)": 0.004427
        },
        "http_req_receiving": {
            "med": 0.030565,
            "max": 8.319304,
            "p(90)": 0.05276950000000002,
            "p(95)": 0.07640594999999999,
            "avg": 0.041811649955111475,
            "min": 0.009021
        },
        "iterations": {
            "count": 71288,
            "rate": 1782.166484710751
        },
        "vus": {
            "value": 1,
            "min": 1,
            "max": 20
        },
        "http_req_tls_handshaking": {
            "med": 0,
            "max": 0,
            "p(90)": 0,
            "p(95)": 0,
            "avg": 0,
            "min": 0
        },
        "http_req_duration": {
            "p(95)": 17.03415534999999,
            "avg": 9.651329698434518,
            "min": 2.202706,
            "med": 8.6516315,
            "max": 223.371652,
            "p(90)": 14.619456000000001
        },
        "vus_max": {
            "value": 20,
            "min": 20,
            "max": 20
        },
        "http_req_sending": {
            "avg": 0.017114015514532538,
            "min": 0.005187,
            "med": 0.010502,
            "max": 4.30445,
            "p(90)": 0.021736,
            "p(95)": 0.034594949999999985
        },
        "rest_insert_latency_ms": {
            "p(95)": 17.03415534999999,
            "avg": 9.651329698434518,
            "min": 2.202706,
            "med": 8.6516315,
            "max": 223.371652,
            "p(90)": 14.619456000000001,
            "thresholds": {
                "p(95)<8000": false
            }
        },
        "http_req_duration{expected_response:true}": {
            "med": 8.6516315,
            "max": 223.371652,
            "p(90)": 14.619456000000001,
            "p(95)": 17.03415534999999,
            "avg": 9.651329698434518,
            "min": 2.202706
        },
        "http_req_waiting": {
            "p(95)": 16.963681799999993,
            "avg": 9.592404032964895,
            "min": 2.158625,
            "med": 8.595888,
            "max": 223.304722,
            "p(90)": 14.557611700000002
        },
        "http_req_connecting": {
            "avg": 0.0019127894175737857,
            "min": 0,
            "med": 0,
            "max": 1.826197,
            "p(90)": 0,
            "p(95)": 0
        },
        "data_sent": {
            "count": 92475640,
            "rate": 2311847.5235688603
        },
        "checks": {
            "passes": 71288,
            "fails": 0,
            "value": 1
        },
        "data_received": {
            "count": 20407444,
            "rate": 510176.5056588978
        },
        "iteration_duration": {
            "p(90)": 14.7939156,
            "p(95)": 17.203239849999996,
            "avg": 9.807806078316256,
            "min": 2.306522,
            "med": 8.8074425,
            "max": 224.473069
        },
        "rest_insert_success_rate": {
            "passes": 71288,
            "fails": 0,
            "thresholds": {
                "rate>0.99": false
            },
            "value": 1
        },
        "http_req_failed": {
            "passes": 0,
            "fails": 71288,
            "thresholds": {
                "rate<0.01": false
            },
            "value": 0
        },
        "http_reqs": {
            "count": 71288,
            "rate": 1782.166484710751
        }
    }
}