{
    "metrics": {
        "http_req_connecting": {
            "max": 66.427397,
            "p(90)": 0,
            "p(95)": 0,
            "avg": 0.0033671559118758957,
            "min": 0,
            "med": 0
        },
        "http_req_tls_handshaking": {
            "p(90)": 0,
            "p(95)": 0,
            "avg": 0,
            "min": 0,
            "med": 0,
            "max": 0
        },
        "vus_max": {
            "min": 20,
            "max": 20,
            "value": 20
        },
        "rest_insert_success_rate": {
            "passes": 23013,
            "fails": 0,
            "thresholds": {
                "rate>0.99": false
            },
            "value": 1
        },
        "http_req_waiting": {
            "avg": 30.159819522487282,
            "min": 3.258228,
            "med": 30.8481,
            "max": 466.084126,
            "p(90)": 34.5204614,
            "p(95)": 44.38014459999997
        },
        "data_sent": {
            "count": 14948884,
            "rate": 373717.01306679036
        },
        "http_req_sending": {
            "min": 0.007838,
            "med": 0.017446,
            "max": 1.48215,
            "p(90)": 0.046731800000000004,
            "p(95)": 0.07511239999999998,
            "avg": 0.024751924738191544
        },
        "vus": {
            "value": 1,
            "min": 1,
            "max": 20
        },
        "http_req_blocked": {
            "med": 0.002889,
            "max": 66.69191,
            "p(90)": 0.0041297999999999994,
            "p(95)": 0.008285,
            "avg": 0.008055938121931068,
            "min": 0.001844
        },
        "data_received": {
            "rate": 36820.298812218156,
            "count": 1472832
        },
        "http_req_failed": {
            "passes": 0,
            "fails": 23013,
            "thresholds": {
                "rate<0.01": false
            },
            "value": 0
        },
        "iteration_duration": {
            "avg": 30.41193054173717,
            "min": 3.416985,
            "med": 31.091887,
            "max": 466.294787,
            "p(90)": 34.81060279999999,
            "p(95)": 44.79944739999998
        },
        "rest_insert_latency_ms": {
            "avg": 30.22560601759878,
            "min": 3.291658,
            "med": 30.9158,
            "max": 466.133218,
            "p(90)": 34.5944348,
            "p(95)": 44.54499699999981,
            "thresholds": {
                "p(95)<8000": false
            }
        },
        "http_req_receiving": {
            "min": 0.011718,
            "med": 0.02945,
            "max": 6.562542,
            "p(90)": 0.05981759999999999,
            "p(95)": 0.08887819999999994,
            "avg": 0.0410345703732675
        },
        "http_req_duration{expected_response:true}": {
            "avg": 30.22560601759878,
            "min": 3.291658,
            "med": 30.9158,
            "max": 466.133218,
            "p(90)": 34.5944348,
            "p(95)": 44.54499699999981
        },
        "checks": {
            "passes": 23013,
            "fails": 0,
            "value": 1
        },
        "http_req_duration": {
            "med": 30.9158,
            "max": 466.133218,
            "p(90)": 34.5944348,
            "p(95)": 44.54499699999981,
            "avg": 30.22560601759878,
            "min": 3.291658
        },
        "http_reqs": {
            "count": 23013,
            "rate": 575.3171689409087
        },
        "iterations": {
            "count": 23013,
            "rate": 575.3171689409087
        }
    },
    "root_group": {
        "name": "",
        "path": "",
        "id": "d41d8cd98f00b204e9800998ecf8427e",
        "groups": {},
        "checks": {
                "status 2xx": {
                    "id": "5bf9cd1e387741ed8e40bbdbca9b6c92",
                    "passes": 23013,
                    "fails": 0,
                    "name": "status 2xx",
                    "path": "::status 2xx"
                }
            }
    }
}