{
    "metrics": {
        "http_req_sending": {
            "avg": 0.016515592120626758,
            "min": 0.005385,
            "med": 0.010613,
            "max": 4.091336,
            "p(90)": 0.021686,
            "p(95)": 0.033499
        },
        "http_req_receiving": {
            "p(95)": 0.0763645,
            "avg": 0.04139463672139632,
            "min": 0.008825,
            "med": 0.030839,
            "max": 3.2724,
            "p(90)": 0.053401
        },
        "http_reqs": {
            "count": 69371,
            "rate": 1734.1899291829598
        },
        "http_req_duration": {
            "min": 2.228079,
            "med": 8.91703,
            "max": 244.817394,
            "p(90)": 14.854194,
            "p(95)": 17.4620855,
            "avg": 9.92449657870019
        },
        "http_req_blocked": {
            "p(95)": 0.004567,
            "avg": 0.006149860734312653,
            "min": 0.001034,
            "med": 0.002603,
            "max": 6.171823,
            "p(90)": 0.003686
        },
        "http_req_waiting": {
            "min": 2.161499,
            "med": 8.861966,
            "max": 244.779272,
            "p(90)": 14.799534,
            "p(95)": 17.4025825,
            "avg": 9.866586349857936
        },
        "vus": {
            "value": 1,
            "min": 1,
            "max": 20
        },
        "http_req_tls_handshaking": {
            "avg": 0,
            "min": 0,
            "med": 0,
            "max": 0,
            "p(90)": 0,
            "p(95)": 0
        },
        "data_received": {
            "count": 19859954,
            "rate": 496474.49540639226
        },
        "http_req_failed": {
            "passes": 0,
            "fails": 69371,
            "thresholds": {
                "rate<0.01": false
            },
            "value": 0
        },
        "http_req_duration{expected_response:true}": {
            "min": 2.228079,
            "med": 8.91703,
            "max": 244.817394,
            "p(90)": 14.854194,
            "p(95)": 17.4620855,
            "avg": 9.92449657870019
        },
        "checks": {
            "passes": 69371,
            "fails": 0,
            "value": 1
        },
        "data_sent": {
            "count": 89575382,
            "rate": 2239274.7022115374
        },
        "rest_insert_success_rate": {
            "passes": 69371,
            "fails": 0,
            "thresholds": {
                "rate>0.99": false
            },
            "value": 1
        },
        "rest_insert_latency_ms": {
            "p(90)": 14.854194,
            "p(95)": 17.4620855,
            "avg": 9.92449657870019,
            "min": 2.228079,
            "med": 8.91703,
            "max": 244.817394,
            "thresholds": {
                "p(95)<8000": false
            }
        },
        "iteration_duration": {
            "med": 9.076726,
            "max": 244.943527,
            "p(90)": 15.00527,
            "p(95)": 17.621056,
            "avg": 10.080537865635545,
            "min": 2.331088
        },
        "iterations": {
            "count": 69371,
            "rate": 1734.1899291829598
        },
        "http_req_connecting": {
            "avg": 0.0019494224964322299,
            "min": 0,
            "med": 0,
            "max": 2.008409,
            "p(90)": 0,
            "p(95)": 0
        },
        "vus_max": {
            "min": 20,
            "max": 20,
            "value": 20
        }
    },
    "root_group": {
        "name": "",
        "path": "",
        "id": "d41d8cd98f00b204e9800998ecf8427e",
        "groups": {},
        "checks": {
                "status 2xx": {
                    "fails": 0,
                    "name": "status 2xx",
                    "path": "::status 2xx",
                    "id": "5bf9cd1e387741ed8e40bbdbca9b6c92",
                    "passes": 69371
                }
            }
    }
}