{
    "root_group": {
        "name": "",
        "path": "",
        "id": "d41d8cd98f00b204e9800998ecf8427e",
        "groups": {},
        "checks": {
                "status 2xx": {
                    "name": "status 2xx",
                    "path": "::status 2xx",
                    "id": "5bf9cd1e387741ed8e40bbdbca9b6c92",
                    "passes": 70575,
                    "fails": 0
                }
            }
    },
    "metrics": {
        "http_req_tls_handshaking": {
            "avg": 0,
            "min": 0,
            "med": 0,
            "max": 0,
            "p(90)": 0,
            "p(95)": 0
        },
        "rest_insert_latency_ms": {
            "avg": 9.753328986142392,
            "min": 2.204232,
            "med": 8.610861,
            "max": 380.047675,
            "p(90)": 14.491806799999999,
            "p(95)": 16.9746536,
            "thresholds": {
                "p(95)<8000": false
            }
        },
        "http_reqs": {
            "count": 70575,
            "rate": 1763.133021198288
        },
        "http_req_sending": {
            "min": 0.005428,
            "med": 0.010431,
            "max": 3.300164,
            "p(90)": 0.021479599999999998,
            "p(95)": 0.033779,
            "avg": 0.016663173418349213
        },
        "http_req_receiving": {
            "p(90)": 0.05321879999999999,
            "p(95)": 0.07753000000000006,
            "avg": 0.04200364189868966,
            "min": 0.008305,
            "med": 0.030565,
            "max": 10.66459
        },
        "http_req_connecting": {
            "min": 0,
            "med": 0,
            "max": 2.128054,
            "p(90)": 0,
            "p(95)": 0,
            "avg": 0.0016903826142401698
        },
        "iteration_duration": {
            "p(95)": 17.143301200000003,
            "avg": 9.907901060687236,
            "min": 2.304496,
            "med": 8.764427,
            "max": 380.142153,
            "p(90)": 14.636614
        },
        "checks": {
            "passes": 70575,
            "fails": 0,
            "value": 1
        },
        "http_req_duration{expected_response:true}": {
            "min": 2.204232,
            "med": 8.610861,
            "max": 380.047675,
            "p(90)": 14.491806799999999,
            "p(95)": 16.9746536,
            "avg": 9.753328986142392
        },
        "http_req_waiting": {
            "med": 8.555211,
            "max": 380.011827,
            "p(90)": 14.431280999999998,
            "p(95)": 16.915292500000003,
            "avg": 9.694662170825286,
            "min": 2.141113
        },
        "http_req_failed": {
            "passes": 0,
            "fails": 70575,
            "thresholds": {
                "rate<0.01": false
            },
            "value": 0
        },
        "http_req_duration": {
            "p(95)": 16.9746536,
            "avg": 9.753328986142392,
            "min": 2.204232,
            "med": 8.610861,
            "max": 380.047675,
            "p(90)": 14.491806799999999
        },
        "iterations": {
            "count": 70575,
            "rate": 1763.133021198288
        },
        "data_sent": {
            "rate": 2287136.579799253,
            "count": 91549907
        },
        "vus_max": {
            "value": 20,
            "min": 20,
            "max": 20
        },
        "http_req_blocked": {
            "avg": 0.005852423846971288,
            "min": 0.000996,
            "med": 0.002565,
            "max": 2.181307,
            "p(90)": 0.00364,
            "p(95)": 0.004514300000000002
        },
        "data_received": {
            "rate": 504713.89654417685,
            "count": 20202777
        },
        "vus": {
            "value": 1,
            "min": 1,
            "max": 20
        },
        "rest_insert_success_rate": {
            "passes": 70575,
            "fails": 0,
            "thresholds": {
                "rate>0.99": false
            },
            "value": 1
        }
    }
}