{
    "root_group": {
        "groups": {},
        "checks": {
                "status 2xx": {
                    "fails": 0,
                    "name": "status 2xx",
                    "path": "::status 2xx",
                    "id": "5bf9cd1e387741ed8e40bbdbca9b6c92",
                    "passes": 69119
                }
            },
        "name": "",
        "path": "",
        "id": "d41d8cd98f00b204e9800998ecf8427e"
    },
    "metrics": {
        "http_req_duration": {
            "avg": 9.963114465429102,
            "min": 2.199204,
            "med": 8.748808,
            "max": 400.053491,
            "p(90)": 14.7496356,
            "p(95)": 17.5319093
        },
        "http_req_receiving": {
            "min": 0.00859,
            "med": 0.029931,
            "max": 8.314961,
            "p(90)": 0.05160900000000002,
            "p(95)": 0.0733141,
            "avg": 0.04032073419754387
        },
        "http_req_duration{expected_response:true}": {
            "med": 8.748808,
            "max": 400.053491,
            "p(90)": 14.7496356,
            "p(95)": 17.5319093,
            "avg": 9.963114465429102,
            "min": 2.199204
        },
        "http_req_waiting": {
            "min": 2.15107,
            "med": 8.692502,
            "max": 399.99634,
            "p(90)": 14.691759200000003,
            "p(95)": 17.481959299999996,
            "avg": 9.906399140323188
        },
        "http_req_blocked": {
            "med": 0.00256,
            "max": 2.705419,
            "p(90)": 0.003615,
            "p(95)": 0.00442,
            "avg": 0.005857345462174038,
            "min": 0.001027
        },
        "http_req_connecting": {
            "p(90)": 0,
            "p(95)": 0,
            "avg": 0.0017925673982551837,
            "min": 0,
            "med": 0,
            "max": 1.500936
        },
        "data_sent": {
            "count": 89250694,
            "rate": 2231231.8258887306
        },
        "vus_max": {
            "value": 20,
            "min": 20,
            "max": 20
        },
        "http_req_failed": {
            "passes": 0,
            "fails": 69119,
            "thresholds": {
                "rate<0.01": false
            },
            "value": 0
        },
        "data_received": {
            "count": 19786835,
            "rate": 494662.9993219889
        },
        "http_req_tls_handshaking": {
            "avg": 0,
            "min": 0,
            "med": 0,
            "max": 0,
            "p(90)": 0,
            "p(95)": 0
        },
        "http_req_sending": {
            "avg": 0.0163945909084334,
            "min": 0.005374,
            "med": 0.010602,
            "max": 2.089044,
            "p(90)": 0.021684400000000006,
            "p(95)": 0.033674399999999965
        },
        "iterations": {
            "count": 69119,
            "rate": 1727.947488829646
        },
        "rest_insert_latency_ms": {
            "min": 2.199204,
            "med": 8.748808,
            "max": 400.053491,
            "p(90)": 14.7496356,
            "p(95)": 17.5319093,
            "avg": 9.963114465429102,
            "thresholds": {
                "p(95)<8000": false
            }
        },
        "rest_insert_success_rate": {
            "passes": 69119,
            "fails": 0,
            "thresholds": {
                "rate>0.99": false
            },
            "value": 1
        },
        "http_reqs": {
            "count": 69119,
            "rate": 1727.947488829646
        },
        "vus": {
            "value": 1,
            "min": 1,
            "max": 20
        },
        "checks": {
            "passes": 69119,
            "fails": 0,
            "value": 1
        },
        "iteration_duration": {
            "avg": 10.117286192928145,
            "min": 2.299339,
            "med": 8.903861,
            "max": 400.259776,
            "p(90)": 14.902145200000001,
            "p(95)": 17.68271769999999
        }
    }
}