{"metrics":{"http_req_waiting":{"max":548.909341,"p(90)":102.557645,"p(95)":144.36728599999998,"avg":69.83405069059589,"min":3.026753,"med":65.777128},"storage_upload_success_rate":{"fails":7947,"passes":902,"thresholds":{"rate>0.99":true},"value":0.10193242174256978},"storage_download_latency_large_ms":{"max":425.906063,"p(90)":217.199114,"p(95)":233.782803,"avg":139.87757362749454,"min":7.333058,"med":150.078263,"thresholds":{"p(95)<30000":false}},"http_reqs":{"count":9751,"rate":243.59366192346513},"http_req_blocked":{"avg":0.007898650497384866,"min":0.001717,"med":0.003863,"max":2.866546,"p(90)":0.005758,"p(95)":0.0069475},"data_sent":{"count":1028578783,"rate":25695341.22938685},"storage_upload_latency_large_ms":{"p(90)":288.155251,"p(95)":313.04605300000003,"avg":188.97092589356964,"min":13.730735,"med":200.825455,"max":549.414932,"thresholds":{"p(95)<30000":false}},"http_req_connecting":{"min":0,"med":0,"max":0.842162,"p(90)":0,"p(95)":0,"avg":0.0019071263460157927},"http_req_tls_handshaking":{"p(90)":0,"p(95)":0,"avg":0,"min":0,"med":0,"max":0},"http_req_sending":{"max":9.165269,"p(90)":0.493401,"p(95)":0.6605015,"avg":0.20452936550097367,"min":0.007487,"med":0.088431},"storage_upload_errors":{"rate":198.5272106764206,"count":7947},"vus":{"max":20,"value":2,"min":2},"storage_upload_latency_small_ms":{"med":65.4391045,"max":258.137313,"p(90)":79.93305160000001,"p(95)":97.9175738,"avg":62.55580102655404,"min":3.487124,"thresholds":{"p(95)<10000":false}},"storage_download_success_rate":{"passes":902,"fails":0,"thresholds":{"rate>0.99":false},"value":1},"iterations":{"count":8398,"rate":209.79382348818174},"vus_max":{"value":20,"min":20,"max":20},"http_req_duration{expected_response:true}":{"p(95)":261.4752508499999,"avg":122.87186419068738,"min":3.82186,"med":108.5411275,"max":549.414932,"p(90)":226.9698389},"checks":{"passes":2706,"fails":7947,"value":0.25401295409743735},"http_req_duration":{"avg":71.78794089683127,"min":3.487124,"med":66.11217,"max":549.414932,"p(90)":107.139913,"p(95)":168.93438450000002},"iteration_duration":{"avg":83.65707765718031,"min":3.741726,"med":65.895945,"max":1073.538227,"p(90)":82.42673500000001,"p(95)":134.68837899999994},"http_req_failed":{"fails":1804,"passes":7947,"thresholds":{"rate<0.01":true},"value":0.8149933340170239},"storage_download_latency_small_ms":{"p(90)":92.300401,"p(95)":98.5120885,"avg":58.42554629711743,"min":3.82186,"med":60.097297,"max":164.802145,"thresholds":{"p(95)<10000":false}},"http_req_receiving":{"p(90)":0.135752,"p(95)":0.4482255,"avg":1.7493608407342844,"min":0.018474,"med":0.064901,"max":101.803626},"data_received":{"count":505825968,"rate":12636242.42037755}},"root_group":{"path":"","id":"d41d8cd98f00b204e9800998ecf8427e","groups":{},"checks":{"upload small: 2xx":{"name":"upload small: 2xx","path":"::upload small: 2xx","id":"9b78e7f8d042046407ce2843b9099f47","passes":451,"fails":7947},"upload large: 2xx":{"name":"upload large: 2xx","path":"::upload large: 2xx","id":"913fbb8ef39ab0a4099ac11b8bdac29a","passes":451,"fails":0},"download small: 200":{"fails":0,"name":"download small: 200","path":"::download small: 200","id":"55be9db100b79a8c7487de0023a297bd","passes":451},"download small: exact size":{"id":"70e0ea1870a9f7e3913e05e679827c31","passes":451,"fails":0,"name":"download small: exact size","path":"::download small: exact size"},"download large: 200":{"passes":451,"fails":0,"name":"download large: 200","path":"::download large: 200","id":"cfab91118480a59b6fa810589e9e3b56"},"download large: exact size":{"name":"download large: exact size","path":"::download large: exact size","id":"7b6f24557fbf84980cfa4dc2883a0090","passes":451,"fails":0}},"name":""},"__bench_threshold_failed":true,"__bench_target":"supabase"}