{
    "root_group": {
        "name": "",
        "path": "",
        "id": "d41d8cd98f00b204e9800998ecf8427e",
        "groups": {},
        "checks": {
                "status 2xx": {
                    "path": "::status 2xx",
                    "id": "5bf9cd1e387741ed8e40bbdbca9b6c92",
                    "passes": 86650,
                    "fails": 0,
                    "name": "status 2xx"
                }
            }
    },
    "metrics": {
        "http_req_duration{expected_response:true}": {
            "avg": 7.8936809151644445,
            "min": 3.320962,
            "med": 7.0958445,
            "max": 396.379558,
            "p(90)": 9.755914,
            "p(95)": 11.079536350000007
        },
        "data_received": {
            "count": 5545600,
            "rate": 138629.66120434614
        },
        "iterations": {
            "count": 86650,
            "rate": 2166.0884563179084
        },
        "vus_max": {
            "value": 20,
            "min": 20,
            "max": 20
        },
        "data_sent": {
            "count": 56865520,
            "rate": 1421531.984241375
        },
        "http_req_failed": {
            "passes": 0,
            "fails": 86650,
            "thresholds": {
                "rate<0.01": false
            },
            "value": 0
        },
        "checks": {
            "passes": 86650,
            "fails": 0,
            "value": 1
        },
        "http_req_duration": {
            "p(90)": 9.755914,
            "p(95)": 11.079536350000007,
            "avg": 7.8936809151644445,
            "min": 3.320962,
            "med": 7.0958445,
            "max": 396.379558
        },
        "vus": {
            "value": 1,
            "min": 1,
            "max": 20
        },
        "http_req_sending": {
            "med": 0.010335,
            "max": 4.658512,
            "p(90)": 0.027898500000000027,
            "p(95)": 0.05405665000000001,
            "avg": 0.019920206047317094,
            "min": 0.00493
        },
        "http_req_tls_handshaking": {
            "avg": 0,
            "min": 0,
            "med": 0,
            "max": 0,
            "p(90)": 0,
            "p(95)": 0
        },
        "http_req_waiting": {
            "min": 3.287478,
            "med": 7.0423279999999995,
            "max": 396.33075,
            "p(90)": 9.691718800000002,
            "p(95)": 11.005040850000002,
            "avg": 7.838061236122353
        },
        "http_req_blocked": {
            "avg": 0.004777566809001769,
            "min": 0.001029,
            "med": 0.002546,
            "max": 27.547729,
            "p(90)": 0.003787,
            "p(95)": 0.00492
        },
        "rest_insert_latency_ms": {
            "p(95)": 11.079536350000007,
            "avg": 7.893680915164446,
            "min": 3.320962,
            "med": 7.0958445,
            "max": 396.379558,
            "p(90)": 9.755914,
            "thresholds": {
                "p(95)<8000": false
            }
        },
        "rest_insert_success_rate": {
            "passes": 86650,
            "fails": 0,
            "thresholds": {
                "rate>0.99": false
            },
            "value": 1
        },
        "http_reqs": {
            "count": 86650,
            "rate": 2166.0884563179084
        },
        "iteration_duration": {
            "p(95)": 11.29995365,
            "avg": 8.065951690374948,
            "min": 3.415009,
            "med": 7.264585,
            "max": 396.49623,
            "p(90)": 9.9804522
        },
        "http_req_connecting": {
            "p(95)": 0,
            "avg": 0.0004524680438545874,
            "min": 0,
            "med": 0,
            "max": 27.376463,
            "p(90)": 0
        },
        "http_req_receiving": {
            "med": 0.020581,
            "max": 13.803407,
            "p(90)": 0.05437560000000009,
            "p(95)": 0.10414620000000001,
            "avg": 0.03569947299480704,
            "min": 0.005076
        }
    }
}