{
    "root_group": {
        "id": "d41d8cd98f00b204e9800998ecf8427e",
        "groups": {},
        "checks": {
                "status 200": {
                    "name": "status 200",
                    "path": "::status 200",
                    "id": "fad9fa412b86fcb03bee97c80dcd61f1",
                    "passes": 98,
                    "fails": 0
                },
                "user.id present": {
                    "name": "user.id present",
                    "path": "::user.id present",
                    "id": "0fb08cd9e34258cf608b6400bd265a60",
                    "passes": 98,
                    "fails": 0
                }
            },
        "name": "",
        "path": ""
    },
    "metrics": {
        "data_received": {
            "count": 74282,
            "rate": 1788.009837937076
        },
        "http_req_connecting": {
            "min": 0,
            "med": 0,
            "max": 0.779111,
            "p(90)": 0,
            "p(95)": 0.09414494999999465,
            "avg": 0.03563189795918367
        },
        "vus": {
            "value": 5,
            "min": 0,
            "max": 5
        },
        "http_reqs": {
            "count": 98,
            "rate": 2.3589155396708956
        },
        "data_sent": {
            "count": 27868,
            "rate": 670.7985536688624
        },
        "auth_signup_success_rate": {
            "passes": 98,
            "fails": 0,
            "thresholds": {
                "rate>0.99": false
            },
            "value": 1
        },
        "http_req_failed": {
            "passes": 0,
            "fails": 98,
            "thresholds": {
                "rate<0.01": false
            },
            "value": 0
        },
        "http_req_duration{expected_response:true}": {
            "avg": 1177.294879367347,
            "min": 39.508279,
            "med": 41.8997215,
            "max": 27664.246057,
            "p(90)": 74.86506229999999,
            "p(95)": 130.88269089999997
        },
        "http_req_sending": {
            "p(90)": 0.0625469,
            "p(95)": 0.08527384999999987,
            "avg": 0.039209602040816326,
            "min": 0.012929,
            "med": 0.0300035,
            "max": 0.173676
        },
        "auth_signup_latency_ms": {
            "med": 41.8997215,
            "max": 27664.246057,
            "p(90)": 74.86506229999999,
            "p(95)": 130.88269089999997,
            "avg": 1177.294879367347,
            "min": 39.508279,
            "thresholds": {
                "p(95)<15000": false
            }
        },
        "http_req_receiving": {
            "min": 0.05068,
            "med": 0.09999849999999999,
            "max": 0.301761,
            "p(90)": 0.17057369999999997,
            "p(95)": 0.19708684999999998,
            "avg": 0.11677931632653063
        },
        "http_req_tls_handshaking": {
            "avg": 0,
            "min": 0,
            "med": 0,
            "max": 0,
            "p(90)": 0,
            "p(95)": 0
        },
        "http_req_waiting": {
            "avg": 1177.1388904489797,
            "min": 39.389681,
            "med": 41.777457,
            "max": 27664.115882,
            "p(90)": 74.7774712,
            "p(95)": 130.68432224999998
        },
        "iteration_duration": {
            "p(90)": 575.9752934,
            "p(95)": 631.97681015,
            "avg": 1678.339090244898,
            "min": 540.44296,
            "med": 543.139786,
            "max": 28164.972538
        },
        "iterations": {
            "count": 98,
            "rate": 2.3589155396708956
        },
        "checks": {
            "passes": 196,
            "fails": 0,
            "value": 1
        },
        "vus_max": {
            "value": 5,
            "min": 5,
            "max": 5
        },
        "http_req_blocked": {
            "avg": 0.04975929591836736,
            "min": 0.004173,
            "med": 0.0075060000000000005,
            "max": 1.027025,
            "p(90)": 0.01047339999999999,
            "p(95)": 0.13704069999999424
        },
        "http_req_duration": {
            "med": 41.8997215,
            "max": 27664.246057,
            "p(90)": 74.86506229999999,
            "p(95)": 130.88269089999997,
            "avg": 1177.294879367347,
            "min": 39.508279
        }
    }
}