{
    "metrics": {
        "data_received": {
            "count": 784785,
            "rate": 19434.999342988503
        },
        "iteration_duration": {
            "min": 600.866778,
            "med": 613.27271,
            "max": 703.20977,
            "p(90)": 635.4269360000001,
            "p(95)": 639.8451232499999,
            "avg": 616.8954179370628
        },
        "http_req_duration{expected_response:true}": {
            "med": 112.26112,
            "max": 202.546695,
            "p(90)": 134.689895,
            "p(95)": 138.9048875,
            "avg": 115.86982322027974,
            "min": 100.087894
        },
        "http_req_failed": {
            "passes": 0,
            "fails": 286,
            "thresholds": {
                "rate<0.01": false
            },
            "value": 0
        },
        "vus": {
            "value": 1,
            "min": 0,
            "max": 5
        },
        "iterations": {
            "count": 286,
            "rate": 7.08271668303384
        },
        "http_req_blocked": {
            "max": 0.805342,
            "p(90)": 0.008654499999999999,
            "p(95)": 0.01112625,
            "avg": 0.015721496503496482,
            "min": 0.002045,
            "med": 0.0068415
        },
        "http_req_receiving": {
            "max": 0.872695,
            "p(90)": 0.3196985,
            "p(95)": 0.43693150000000003,
            "avg": 0.16551631818181822,
            "min": 0.017446,
            "med": 0.1166225
        },
        "http_req_tls_handshaking": {
            "avg": 0,
            "min": 0,
            "med": 0,
            "max": 0,
            "p(90)": 0,
            "p(95)": 0
        },
        "http_req_duration": {
            "p(95)": 138.9048875,
            "avg": 115.86982322027974,
            "min": 100.087894,
            "med": 112.26112,
            "max": 202.546695,
            "p(90)": 134.689895
        },
        "http_reqs": {
            "count": 286,
            "rate": 7.08271668303384
        },
        "http_req_connecting": {
            "avg": 0.003303793706293706,
            "min": 0,
            "med": 0,
            "max": 0.216618,
            "p(90)": 0,
            "p(95)": 0
        },
        "auth_signup_latency_ms": {
            "max": 202.546695,
            "p(90)": 134.689895,
            "p(95)": 138.9048875,
            "avg": 115.86982322027974,
            "min": 100.087894,
            "med": 112.26112,
            "thresholds": {
                "p(95)<15000": false
            }
        },
        "auth_signup_success_rate": {
            "passes": 286,
            "fails": 0,
            "thresholds": {
                "rate>0.99": false
            },
            "value": 1
        },
        "vus_max": {
            "value": 5,
            "min": 5,
            "max": 5
        },
        "checks": {
            "passes": 572,
            "fails": 0,
            "value": 1
        },
        "data_sent": {
            "count": 127506,
            "rate": 3157.653403450744
        },
        "http_req_sending": {
            "p(90)": 0.045663499999999996,
            "p(95)": 0.06321925,
            "avg": 0.037469027972027946,
            "min": 0.007786,
            "med": 0.0267955,
            "max": 1.349578
        },
        "http_req_waiting": {
            "avg": 115.66683787412585,
            "min": 99.847909,
            "med": 112.056083,
            "max": 202.298555,
            "p(90)": 134.26374299999998,
            "p(95)": 138.68093625
        }
    },
    "root_group": {
        "id": "d41d8cd98f00b204e9800998ecf8427e",
        "groups": {},
        "checks": {
                "status 200": {
                    "name": "status 200",
                    "path": "::status 200",
                    "id": "fad9fa412b86fcb03bee97c80dcd61f1",
                    "passes": 286,
                    "fails": 0
                },
                "user.id present": {
                    "name": "user.id present",
                    "path": "::user.id present",
                    "id": "0fb08cd9e34258cf608b6400bd265a60",
                    "passes": 286,
                    "fails": 0
                }
            },
        "name": "",
        "path": ""
    }
}