{"metrics":{"http_reqs":{"count":9195,"rate":229.81231314162326},"http_req_tls_handshaking":{"avg":0,"min":0,"med":0,"max":0,"p(90)":0,"p(95)":0},"http_req_waiting":{"avg":73.5240772733007,"min":3.036201,"med":65.794285,"max":482.81553,"p(90)":125.18508780000005,"p(95)":178.54730009999994},"storage_download_latency_large_ms":{"max":356.73788,"p(90)":213.49025320000013,"p(95)":237.34654665,"avg":139.735952881271,"min":7.243787,"med":152.238342,"thresholds":{"p(95)<30000":false}},"http_req_duration{expected_response:true}":{"p(90)":219.1743131,"p(95)":248.34734109999994,"avg":124.5605051831104,"min":3.648697,"med":116.15757049999999,"max":483.695074},"storage_download_success_rate":{"passes":1196,"fails":0,"thresholds":{"rate>0.99":false},"value":1},"vus_max":{"value":20,"min":20,"max":20},"storage_upload_latency_small_ms":{"avg":63.31434744291283,"min":3.308889,"med":64.8655,"max":299.755401,"p(90)":85.901731,"p(95)":109.445486,"thresholds":{"p(95)<10000":false}},"http_req_failed":{"passes":6803,"fails":2392,"thresholds":{"rate<0.01":true},"value":0.7398586188145732},"http_req_blocked":{"max":3.005837,"p(90)":0.006176600000000001,"p(95)":0.00812649999999999,"avg":0.008095255573681358,"min":0.001562,"med":0.003933},"data_received":{"rate":16731193.487917848,"count":669430293},"storage_upload_errors":{"count":6803,"rate":170.02862058754357},"http_req_sending":{"max":46.888967,"p(90)":0.508183,"p(95)":0.6660457999999992,"avg":0.21773969037520416,"min":0.005981,"med":0.087282},"http_req_receiving":{"avg":2.359262897988041,"min":0.018432,"med":0.064691,"max":115.993732,"p(90)":0.17326360000000007,"p(95)":24.1903774},"checks":{"passes":3588,"fails":6803,"value":0.3452988162833221},"iterations":{"count":7401,"rate":184.9745437260635},"storage_upload_success_rate":{"passes":1196,"fails":6803,"thresholds":{"rate>0.99":true},"value":0.14951868983622954},"iteration_duration":{"avg":94.89237261991666,"min":3.468042,"med":65.407937,"max":1197.775826,"p(90)":94.994843,"p(95)":512.236968},"http_req_connecting":{"p(90)":0,"p(95)":0,"avg":0.0021975007069059273,"min":0,"med":0,"max":2.894477},"vus":{"value":2,"min":2,"max":20},"storage_upload_latency_large_ms":{"avg":186.29107304013368,"min":14.169558,"med":194.14220899999998,"max":483.695074,"p(90)":279.7378867,"p(95)":304.35142484999994,"thresholds":{"p(95)<30000":false}},"http_req_duration":{"med":66.112527,"max":483.695074,"p(90)":147.31276440000005,"p(95)":187.47534339999999,"avg":76.10107986166406,"min":3.308889},"data_sent":{"count":1117055790,"rate":27918779.22872685},"storage_download_latency_small_ms":{"avg":60.52806421739131,"min":3.648697,"med":63.9861175,"max":142.05226,"p(90)":91.34443630000001,"p(95)":98.50150685,"thresholds":{"p(95)<10000":false}}},"root_group":{"name":"","path":"","id":"d41d8cd98f00b204e9800998ecf8427e","groups":{},"checks":{"upload small: 2xx":{"name":"upload small: 2xx","path":"::upload small: 2xx","id":"9b78e7f8d042046407ce2843b9099f47","passes":598,"fails":6803},"upload large: 2xx":{"id":"913fbb8ef39ab0a4099ac11b8bdac29a","passes":598,"fails":0,"name":"upload large: 2xx","path":"::upload large: 2xx"},"download small: 200":{"id":"55be9db100b79a8c7487de0023a297bd","passes":598,"fails":0,"name":"download small: 200","path":"::download small: 200"},"download small: exact size":{"fails":0,"name":"download small: exact size","path":"::download small: exact size","id":"70e0ea1870a9f7e3913e05e679827c31","passes":598},"download large: 200":{"name":"download large: 200","path":"::download large: 200","id":"cfab91118480a59b6fa810589e9e3b56","passes":598,"fails":0},"download large: exact size":{"id":"7b6f24557fbf84980cfa4dc2883a0090","passes":598,"fails":0,"name":"download large: exact size","path":"::download large: exact size"}}},"__bench_threshold_failed":true,"__bench_target":"supabase"}