{
    "metrics": {
        "http_req_duration{expected_response:true}": {
            "p(95)": 7.00667365,
            "avg": 5.280201112151191,
            "min": 2.225646,
            "med": 5.161986000000001,
            "max": 90.652215,
            "p(90)": 6.5051251
        },
        "data_received": {
            "count": 225322200,
            "rate": 5632925.213882495
        },
        "rest_select_success_rate": {
            "fails": 0,
            "passes": 124350,
            "thresholds": {
                "rate>0.99": false
            },
            "value": 1
        },
        "checks": {
            "passes": 248700,
            "fails": 0,
            "value": 1
        },
        "http_reqs": {
            "rate": 3108.678374107337,
            "count": 124350
        },
        "http_req_sending": {
            "avg": 0.017709016332931204,
            "min": 0.004105,
            "med": 0.008966,
            "max": 5.092665,
            "p(90)": 0.021175100000000006,
            "p(95)": 0.04102384999999992
        },
        "http_req_receiving": {
            "avg": 0.06272626820265405,
            "min": 0.009599,
            "med": 0.032597,
            "max": 4.945329,
            "p(90)": 0.100621,
            "p(95)": 0.19145894999999896
        },
        "http_req_connecting": {
            "avg": 0.00010138887012464815,
            "min": 0,
            "med": 0,
            "max": 0.982685,
            "p(90)": 0,
            "p(95)": 0
        },
        "iterations": {
            "count": 124350,
            "rate": 3108.678374107337
        },
        "vus": {
            "value": 1,
            "min": 1,
            "max": 20
        },
        "vus_max": {
            "value": 20,
            "min": 20,
            "max": 20
        },
        "data_sent": {
            "count": 70257750,
            "rate": 1756403.2813706454
        },
        "http_req_waiting": {
            "avg": 5.199765827615591,
            "min": 2.175608,
            "med": 5.085231,
            "max": 90.583771,
            "p(90)": 6.4020546000000005,
            "p(95)": 6.900519349999999
        },
        "iteration_duration": {
            "max": 92.135502,
            "p(90)": 6.958212200000001,
            "p(95)": 7.526337049999999,
            "avg": 5.616581257056619,
            "min": 2.47794,
            "med": 5.4722725
        },
        "http_req_duration": {
            "med": 5.161986000000001,
            "max": 90.652215,
            "p(90)": 6.5051251,
            "p(95)": 7.00667365,
            "avg": 5.280201112151191,
            "min": 2.225646
        },
        "http_req_blocked": {
            "avg": 0.0045975354242059245,
            "min": 0.001108,
            "med": 0.0027,
            "max": 2.714418,
            "p(90)": 0.004221,
            "p(95)": 0.005194
        },
        "rest_select_latency_ms": {
            "p(90)": 6.5051251,
            "p(95)": 7.00667365,
            "avg": 5.280201112151191,
            "min": 2.225646,
            "med": 5.161986000000001,
            "max": 90.652215,
            "thresholds": {
                "p(95)<5000": false
            }
        },
        "http_req_tls_handshaking": {
            "max": 0,
            "p(90)": 0,
            "p(95)": 0,
            "avg": 0,
            "min": 0,
            "med": 0
        },
        "http_req_failed": {
            "passes": 0,
            "fails": 124350,
            "thresholds": {
                "rate<0.01": false
            },
            "value": 0
        }
    },
    "root_group": {
        "name": "",
        "path": "",
        "id": "d41d8cd98f00b204e9800998ecf8427e",
        "groups": {},
        "checks": {
                "status 200": {
                    "passes": 124350,
                    "fails": 0,
                    "name": "status 200",
                    "path": "::status 200",
                    "id": "fad9fa412b86fcb03bee97c80dcd61f1"
                },
                "body is non-empty array": {
                    "path": "::body is non-empty array",
                    "id": "4a612b9605825888f90f82b3870dfa0a",
                    "passes": 124350,
                    "fails": 0,
                    "name": "body is non-empty array"
                }
            }
    }
}