{"root_group":{"name":"","path":"","id":"d41d8cd98f00b204e9800998ecf8427e","groups":{},"checks":{"upload small: 2xx":{"path":"::upload small: 2xx","id":"9b78e7f8d042046407ce2843b9099f47","passes":441,"fails":8050,"name":"upload small: 2xx"},"upload large: 2xx":{"path":"::upload large: 2xx","id":"913fbb8ef39ab0a4099ac11b8bdac29a","passes":441,"fails":0,"name":"upload large: 2xx"},"download small: 200":{"fails":0,"name":"download small: 200","path":"::download small: 200","id":"55be9db100b79a8c7487de0023a297bd","passes":441},"download small: exact size":{"fails":0,"name":"download small: exact size","path":"::download small: exact size","id":"70e0ea1870a9f7e3913e05e679827c31","passes":441},"download large: 200":{"fails":0,"name":"download large: 200","path":"::download large: 200","id":"cfab91118480a59b6fa810589e9e3b56","passes":441},"download large: exact size":{"name":"download large: exact size","path":"::download large: exact size","id":"7b6f24557fbf84980cfa4dc2883a0090","passes":441,"fails":0}}},"metrics":{"http_req_duration{expected_response:true}":{"p(95)":270.3631097,"avg":124.41360611848059,"min":3.866609,"med":109.808688,"max":462.277574,"p(90)":238.10974390000004},"storage_upload_latency_small_ms":{"avg":61.992986503945374,"min":3.252997,"med":63.6002,"max":277.240865,"p(90)":81.497741,"p(95)":102.7087775,"thresholds":{"p(95)<10000":false}},"storage_download_latency_small_ms":{"avg":60.98072477551025,"min":3.866609,"med":66.277342,"max":196.794434,"p(90)":94.595428,"p(95)":102.969113,"thresholds":{"p(95)<10000":false}},"vus_max":{"value":20,"min":20,"max":20},"iterations":{"count":8491,"rate":212.26742627169722},"storage_download_latency_large_ms":{"avg":143.48437655555557,"min":7.606317,"med":157.40859,"max":462.277574,"p(90)":224.926554,"p(95)":241.809219,"thresholds":{"p(95)<30000":false}},"http_reqs":{"count":9814,"rate":245.34124619366816},"http_req_duration":{"p(95)":172.73449985000022,"avg":71.3555888302427,"min":3.252997,"med":64.397526,"max":462.277574,"p(90)":110.70780950000002},"http_req_tls_handshaking":{"min":0,"med":0,"max":0,"p(90)":0,"p(95)":0,"avg":0},"http_req_failed":{"fails":1764,"passes":8050,"thresholds":{"rate<0.01":true},"value":0.8202567760342369},"data_sent":{"rate":25604680.34680464,"count":1024223757},"data_received":{"count":494705011,"rate":12367184.012328543},"http_req_waiting":{"p(95)":147.56069475000007,"avg":69.43339491257375,"min":2.869104,"med":64.07711,"max":440.5,"p(90)":107.03584440000004},"http_req_connecting":{"avg":0.0020847109231709802,"min":0,"med":0,"max":0.82761,"p(90)":0,"p(95)":0},"storage_upload_errors":{"count":8050,"rate":201.24281963104022},"storage_upload_latency_large_ms":{"avg":189.86891312471653,"min":13.864403,"med":203.779999,"max":441.716336,"p(90)":294.734078,"p(95)":312.428704,"thresholds":{"p(95)<30000":false}},"vus":{"value":2,"min":2,"max":20},"http_req_sending":{"p(95)":0.6737017000000001,"avg":0.20309622223354343,"min":0.006005,"med":0.08776300000000001,"max":6.737098,"p(90)":0.5033921000000002},"storage_download_success_rate":{"passes":882,"fails":0,"thresholds":{"rate>0.99":false},"value":1},"storage_upload_success_rate":{"fails":8050,"passes":882,"thresholds":{"rate>0.99":true},"value":0.0987460815047022},"checks":{"passes":2646,"fails":8050,"value":0.24738219895287958},"iteration_duration":{"p(90)":85.261971,"p(95)":129.8488885,"avg":82.77995192062185,"min":3.415795,"med":64.046577,"max":1256.618607},"http_req_receiving":{"max":116.5464,"p(90)":0.1333433000000001,"p(95)":0.3917874500000004,"avg":1.7190976954350918,"min":0.017483,"med":0.0624275},"http_req_blocked":{"min":0.001705,"med":0.00374,"max":3.630229,"p(90)":0.005726400000000001,"p(95)":0.007358700000000001,"avg":0.00810303668229062}},"__bench_threshold_failed":true,"__bench_target":"supabase"}