{
    "root_group": {
        "id": "d41d8cd98f00b204e9800998ecf8427e",
        "groups": {},
        "checks": {
                "status 2xx": {
                    "name": "status 2xx",
                    "path": "::status 2xx",
                    "id": "5bf9cd1e387741ed8e40bbdbca9b6c92",
                    "passes": 70282,
                    "fails": 0
                }
            },
        "name": "",
        "path": ""
    },
    "metrics": {
        "vus": {
            "value": 1,
            "min": 1,
            "max": 20
        },
        "http_req_connecting": {
            "max": 2.802636,
            "p(90)": 0,
            "p(95)": 0,
            "avg": 0.0018912041632281364,
            "min": 0,
            "med": 0
        },
        "http_req_duration{expected_response:true}": {
            "avg": 9.782852341680577,
            "min": 2.158993,
            "med": 8.780044499999999,
            "max": 186.973621,
            "p(90)": 14.6002579,
            "p(95)": 17.3350349
        },
        "http_req_sending": {
            "min": 0.005172,
            "med": 0.010388,
            "max": 3.17881,
            "p(90)": 0.021242800000000003,
            "p(95)": 0.03328584999999999,
            "avg": 0.01647124864118831
        },
        "data_received": {
            "count": 20119820,
            "rate": 502970.02375097066
        },
        "iterations": {
            "count": 70282,
            "rate": 1756.9610070699302
        },
        "iteration_duration": {
            "med": 8.9355935,
            "max": 187.110854,
            "p(90)": 14.7616689,
            "p(95)": 17.506813799999996,
            "avg": 9.948981807475624,
            "min": 2.257004
        },
        "rest_insert_success_rate": {
            "fails": 0,
            "passes": 70282,
            "thresholds": {
                "rate>0.99": false
            },
            "value": 1
        },
        "http_req_tls_handshaking": {
            "avg": 0,
            "min": 0,
            "med": 0,
            "max": 0,
            "p(90)": 0,
            "p(95)": 0
        },
        "http_req_receiving": {
            "avg": 0.04095758360604445,
            "min": 0.009225,
            "med": 0.030519499999999998,
            "max": 9.49683,
            "p(90)": 0.05184140000000001,
            "p(95)": 0.07402764999999997
        },
        "http_req_blocked": {
            "avg": 0.006044348396460005,
            "min": 0.00104,
            "med": 0.002575,
            "max": 2.971178,
            "p(90)": 0.003626,
            "p(95)": 0.004447
        },
        "http_req_failed": {
            "passes": 0,
            "fails": 70282,
            "thresholds": {
                "rate<0.01": false
            },
            "value": 0
        },
        "vus_max": {
            "min": 20,
            "max": 20,
            "value": 20
        },
        "checks": {
            "passes": 70282,
            "fails": 0,
            "value": 1
        },
        "data_sent": {
            "count": 90750367,
            "rate": 2268644.264481457
        },
        "http_req_waiting": {
            "avg": 9.725423509433375,
            "min": 2.120942,
            "med": 8.722072,
            "max": 186.930613,
            "p(90)": 14.544225800000003,
            "p(95)": 17.261896049999997
        },
        "rest_insert_latency_ms": {
            "p(95)": 17.3350349,
            "avg": 9.782852341680577,
            "min": 2.158993,
            "med": 8.780044499999999,
            "max": 186.973621,
            "p(90)": 14.6002579,
            "thresholds": {
                "p(95)<8000": false
            }
        },
        "http_reqs": {
            "count": 70282,
            "rate": 1756.9610070699302
        },
        "http_req_duration": {
            "avg": 9.782852341680577,
            "min": 2.158993,
            "med": 8.780044499999999,
            "max": 186.973621,
            "p(90)": 14.6002579,
            "p(95)": 17.3350349
        }
    }
}