{
    "metrics": {
        "iteration_duration": {
            "min": 3.452427,
            "med": 32.966428,
            "max": 631.238426,
            "p(90)": 39.7203606,
            "p(95)": 47.27008979999998,
            "avg": 32.471572124483615
        },
        "http_reqs": {
            "count": 21553,
            "rate": 538.8086530977439
        },
        "http_req_duration": {
            "avg": 32.258769135897715,
            "min": 3.355292,
            "med": 32.764793,
            "max": 630.859843,
            "p(90)": 39.4926186,
            "p(95)": 47.044038999999984
        },
        "iterations": {
            "count": 21553,
            "rate": 538.8086530977439
        },
        "data_sent": {
            "count": 13999783,
            "rate": 349983.95684548287
        },
        "http_req_connecting": {
            "p(95)": 0,
            "avg": 0.001626060084443001,
            "min": 0,
            "med": 0,
            "max": 21.711674,
            "p(90)": 0
        },
        "rest_insert_latency_ms": {
            "avg": 32.258769135897715,
            "min": 3.355292,
            "med": 32.764793,
            "max": 630.859843,
            "p(90)": 39.4926186,
            "p(95)": 47.044038999999984,
            "thresholds": {
                "p(95)<8000": false
            }
        },
        "http_req_failed": {
            "fails": 21553,
            "passes": 0,
            "thresholds": {
                "rate<0.01": false
            },
            "value": 0
        },
        "vus": {
            "value": 1,
            "min": 1,
            "max": 20
        },
        "http_req_blocked": {
            "med": 0.003191,
            "max": 21.885007,
            "p(90)": 0.004926799999999999,
            "p(95)": 0.009855399999999997,
            "avg": 0.0071699616294715225,
            "min": 0.001817
        },
        "http_req_receiving": {
            "avg": 0.046570524706537206,
            "min": 0.011624,
            "med": 0.033485,
            "max": 6.500404,
            "p(90)": 0.07067499999999999,
            "p(95)": 0.1077179999999999
        },
        "http_req_sending": {
            "med": 0.019804,
            "max": 1.881861,
            "p(90)": 0.05156059999999999,
            "p(95)": 0.08126539999999996,
            "avg": 0.02800294511204928,
            "min": 0.007877
        },
        "checks": {
            "passes": 21553,
            "fails": 0,
            "value": 1
        },
        "http_req_tls_handshaking": {
            "avg": 0,
            "min": 0,
            "med": 0,
            "max": 0,
            "p(90)": 0,
            "p(95)": 0
        },
        "vus_max": {
            "min": 20,
            "max": 20,
            "value": 20
        },
        "rest_insert_success_rate": {
            "passes": 21553,
            "fails": 0,
            "thresholds": {
                "rate>0.99": false
            },
            "value": 1
        },
        "data_received": {
            "count": 1379392,
            "rate": 34483.75379825561
        },
        "http_req_duration{expected_response:true}": {
            "avg": 32.258769135897715,
            "min": 3.355292,
            "med": 32.764793,
            "max": 630.859843,
            "p(90)": 39.4926186,
            "p(95)": 47.044038999999984
        },
        "http_req_waiting": {
            "med": 32.681904,
            "max": 630.747506,
            "p(90)": 39.4185404,
            "p(95)": 46.960910999999996,
            "avg": 32.184195666078956,
            "min": 3.316849
        }
    },
    "root_group": {
        "id": "d41d8cd98f00b204e9800998ecf8427e",
        "groups": {},
        "checks": {
                "status 2xx": {
                    "passes": 21553,
                    "fails": 0,
                    "name": "status 2xx",
                    "path": "::status 2xx",
                    "id": "5bf9cd1e387741ed8e40bbdbca9b6c92"
                }
            },
        "name": "",
        "path": ""
    }
}