{"root_group":{"name":"","path":"","id":"d41d8cd98f00b204e9800998ecf8427e","groups":{},"checks":{"upload small: 2xx":{"name":"upload small: 2xx","path":"::upload small: 2xx","id":"9b78e7f8d042046407ce2843b9099f47","passes":476,"fails":7574},"upload large: 2xx":{"name":"upload large: 2xx","path":"::upload large: 2xx","id":"913fbb8ef39ab0a4099ac11b8bdac29a","passes":476,"fails":0},"download small: 200":{"name":"download small: 200","path":"::download small: 200","id":"55be9db100b79a8c7487de0023a297bd","passes":476,"fails":0},"download small: exact size":{"name":"download small: exact size","path":"::download small: exact size","id":"70e0ea1870a9f7e3913e05e679827c31","passes":476,"fails":0},"download large: 200":{"name":"download large: 200","path":"::download large: 200","id":"cfab91118480a59b6fa810589e9e3b56","passes":476,"fails":0},"download large: exact size":{"name":"download large: exact size","path":"::download large: exact size","id":"7b6f24557fbf84980cfa4dc2883a0090","passes":476,"fails":0}}},"metrics":{"storage_download_latency_small_ms":{"avg":63.28500074159661,"min":3.834172,"med":68.554327,"max":157.730887,"p(90)":96.7032675,"p(95)":104.004904,"thresholds":{"p(95)<10000":false}},"storage_upload_latency_large_ms":{"avg":192.34869629621858,"min":14.038595,"med":209.382727,"max":398.751537,"p(90)":285.485856,"p(95)":325.39066525,"thresholds":{"p(95)<30000":false}},"http_req_receiving":{"p(95)":2.170863149999976,"avg":1.9472301828444825,"min":0.018111,"med":0.063889,"max":120.658812,"p(90)":0.14027810000000007},"http_reqs":{"count":9478,"rate":236.63050772959315},"http_req_sending":{"avg":0.2092197941548848,"min":0.006641,"med":0.086955,"max":10.286358,"p(90)":0.5103825,"p(95)":0.6816918},"iteration_duration":{"avg":87.33234760558987,"min":3.750841,"med":65.060622,"max":941.328532,"p(90)":83.82837390000002,"p(95)":214.44177819999786},"iterations":{"count":8050,"rate":200.97864393576967},"storage_upload_latency_small_ms":{"avg":63.35316474732912,"min":3.584893,"med":64.635655,"max":276.160934,"p(90)":81.38860170000001,"p(95)":103.61696334999996,"thresholds":{"p(95)<10000":false}},"checks":{"passes":2856,"fails":7574,"value":0.2738255033557047},"vus_max":{"value":20,"min":20,"max":20},"http_req_duration{expected_response:true}":{"max":398.751537,"p(90)":237.27153990000002,"p(95)":271.28390029999997,"avg":127.50611277100847,"min":3.834172,"med":117.74258850000001},"http_req_waiting":{"p(95)":155.63170269999995,"avg":71.73710287486813,"min":3.475129,"med":65.21109799999999,"max":395.849823,"p(90)":115.4312168},"data_sent":{"count":1031833422,"rate":25761053.654803075},"storage_upload_success_rate":{"passes":952,"fails":7574,"thresholds":{"rate>0.99":true},"value":0.1116584564860427},"http_req_blocked":{"max":8.341979,"p(90)":0.005964600000000002,"p(95)":0.007659449999999999,"avg":0.008517667334880817,"min":0.001617,"med":0.0039505},"http_req_tls_handshaking":{"med":0,"max":0,"p(90)":0,"p(95)":0,"avg":0,"min":0},"http_req_failed":{"passes":7574,"fails":1904,"thresholds":{"rate<0.01":true},"value":0.7991137370753324},"data_received":{"count":533589471,"rate":13321750.09937698},"vus":{"value":3,"min":1,"max":20},"http_req_duration":{"min":3.584893,"med":65.5196005,"max":398.751537,"p(90)":122.64594650000001,"p(95)":181.20056434999992,"avg":73.89355285186718},"storage_download_success_rate":{"passes":952,"fails":0,"thresholds":{"rate>0.99":false},"value":1},"http_req_connecting":{"min":0,"med":0,"max":0.829456,"p(90)":0,"p(95)":0,"avg":0.0020315616163747636},"storage_upload_errors":{"count":7574,"rate":189.0946893378285},"storage_download_latency_large_ms":{"p(95)":251.684455,"avg":144.30352505041998,"min":7.270833,"med":156.3693435,"max":318.308098,"p(90)":224.129898,"thresholds":{"p(95)<30000":false}}},"__bench_threshold_failed":true,"__bench_target":"supabase"}