{
    "root_group": {
        "name": "",
        "path": "",
        "id": "d41d8cd98f00b204e9800998ecf8427e",
        "groups": {},
        "checks": {
                "status 2xx": {
                    "path": "::status 2xx",
                    "id": "5bf9cd1e387741ed8e40bbdbca9b6c92",
                    "passes": 86445,
                    "fails": 0,
                    "name": "status 2xx"
                }
            }
    },
    "metrics": {
        "vus_max": {
            "value": 20,
            "min": 20,
            "max": 20
        },
        "http_req_duration{expected_response:true}": {
            "min": 3.218522,
            "med": 7.060059,
            "max": 405.163294,
            "p(90)": 9.794989,
            "p(95)": 11.201741800000002,
            "avg": 7.916825649534434
        },
        "http_req_failed": {
            "passes": 0,
            "fails": 86445,
            "thresholds": {
                "rate<0.01": false
            },
            "value": 0
        },
        "http_req_receiving": {
            "p(90)": 0.053852400000000085,
            "p(95)": 0.09965180000000004,
            "avg": 0.03443667000983308,
            "min": 0.005052,
            "med": 0.02039,
            "max": 8.384418
        },
        "iteration_duration": {
            "avg": 8.084972621863562,
            "min": 3.316455,
            "med": 7.22231,
            "max": 405.319662,
            "p(90)": 10.000363,
            "p(95)": 11.425375200000001
        },
        "vus": {
            "max": 20,
            "value": 1,
            "min": 1
        },
        "http_req_duration": {
            "avg": 7.916825649534434,
            "min": 3.218522,
            "med": 7.060059,
            "max": 405.163294,
            "p(90)": 9.794989,
            "p(95)": 11.201741800000002
        },
        "http_req_sending": {
            "min": 0.005058,
            "med": 0.010091,
            "max": 2.097543,
            "p(90)": 0.02688200000000003,
            "p(95)": 0.05205740000000001,
            "avg": 0.01898878946150751
        },
        "http_req_connecting": {
            "min": 0,
            "med": 0,
            "max": 0.847235,
            "p(90)": 0,
            "p(95)": 0,
            "avg": 0.0001455226444560125
        },
        "http_req_waiting": {
            "med": 7.00864,
            "max": 405.102138,
            "p(90)": 9.7284384,
            "p(95)": 11.1453544,
            "avg": 7.863400190063176,
            "min": 3.182453
        },
        "checks": {
            "passes": 86445,
            "fails": 0,
            "value": 1
        },
        "data_sent": {
            "count": 56734422,
            "rate": 1418265.9327284368
        },
        "iterations": {
            "count": 86445,
            "rate": 2160.980833729296
        },
        "rest_insert_success_rate": {
            "passes": 86445,
            "fails": 0,
            "thresholds": {
                "rate>0.99": false
            },
            "value": 1
        },
        "http_req_blocked": {
            "avg": 0.004558019769795804,
            "min": 0.001053,
            "med": 0.002582,
            "max": 3.15191,
            "p(90)": 0.003817,
            "p(95)": 0.0049108000000000025
        },
        "data_received": {
            "rate": 138302.77335867495,
            "count": 5532480
        },
        "http_req_tls_handshaking": {
            "p(95)": 0,
            "avg": 0,
            "min": 0,
            "med": 0,
            "max": 0,
            "p(90)": 0
        },
        "http_reqs": {
            "count": 86445,
            "rate": 2160.980833729296
        },
        "rest_insert_latency_ms": {
            "min": 3.218522,
            "med": 7.060059,
            "max": 405.163294,
            "p(90)": 9.794989,
            "p(95)": 11.201741800000002,
            "avg": 7.916825649534434,
            "thresholds": {
                "p(95)<8000": false
            }
        }
    }
}