{"metrics":{"http_req_blocked":{"avg":0.0067628097395491015,"min":0.001006,"med":0.00258,"max":4.697851,"p(90)":0.004359,"p(95)":0.00573},"http_req_connecting":{"avg":0.0022466386663748433,"min":0,"med":0,"max":3.969211,"p(90)":0,"p(95)":0},"http_req_waiting":{"min":1.307648,"med":4.4027104999999995,"max":101.745821,"p(90)":6.8445309,"p(95)":8.546471899999998,"avg":4.782673535266607},"rest_select_errors":{"count":10901,"rate":272.49422666836915},"vus":{"value":1,"min":1,"max":20},"checks":{"fails":10901,"passes":263239,"value":0.9602356460202816},"data_sent":{"count":179972910,"rate":4498814.689634529},"rest_select_success_rate":{"passes":126169,"fails":10901,"thresholds":{"rate>0.99":true},"value":0.9204712920405632},"vus_max":{"min":20,"max":20,"value":20},"http_req_receiving":{"avg":0.05987701972714634,"min":0.012553,"med":0.03611,"max":10.933091,"p(90)":0.072109,"p(95)":0.11976184999999992},"iterations":{"count":137070,"rate":3426.3630537962904},"rest_select_latency_ms":{"min":1.361951,"med":4.473069499999999,"max":101.872146,"p(90)":6.948820100000001,"p(95)":8.658712499999998,"avg":4.859584212781792,"thresholds":{"p(95)<5000":false}},"http_req_sending":{"avg":0.01703365778799147,"min":0.004608,"med":0.008922,"max":24.33211,"p(90)":0.019841,"p(95)":0.03330909999999997},"http_req_duration{expected_response:true}":{"p(90)":6.948820100000001,"p(95)":8.658712499999998,"avg":4.859584212781792,"min":1.361951,"med":4.473069499999999,"max":101.872146},"iteration_duration":{"min":1.589965,"med":4.690209,"max":102.138989,"p(90)":7.2846672,"p(95)":8.970756499999995,"avg":5.095234138812286},"http_req_failed":{"passes":0,"fails":137070,"thresholds":{"rate<0.01":false},"value":0},"http_reqs":{"count":137070,"rate":3426.3630537962904},"http_req_duration":{"p(95)":8.658712499999998,"avg":4.859584212781792,"min":1.361951,"med":4.473069499999999,"max":101.872146,"p(90)":6.948820100000001},"http_req_tls_handshaking":{"avg":0,"min":0,"med":0,"max":0,"p(90)":0,"p(95)":0},"data_received":{"count":170573133,"rate":4263846.800039985}},"root_group":{"checks":{"status 200":{"name":"status 200","path":"::status 200","id":"fad9fa412b86fcb03bee97c80dcd61f1","passes":137070,"fails":0},"body is non-empty array":{"name":"body is non-empty array","path":"::body is non-empty array","id":"4a612b9605825888f90f82b3870dfa0a","passes":126169,"fails":10901}},"name":"","path":"","id":"d41d8cd98f00b204e9800998ecf8427e","groups":{}},"__bench_threshold_failed":true,"__bench_target":"supabase"}