{"metrics":{"http_req_failed":{"passes":7401,"fails":2184,"thresholds":{"rate<0.01":true},"value":0.7721439749608764},"storage_upload_latency_small_ms":{"min":3.39029,"med":62.365079,"max":261.630915,"p(90)":80.6691526,"p(95)":103.9089474,"avg":61.473203882345665,"thresholds":{"p(95)<10000":false}},"data_sent":{"count":1098533526,"rate":27440008.263268452},"http_req_sending":{"max":9.631164,"p(90)":0.49020780000000014,"p(95)":0.6599663999999997,"avg":0.20216101147626475,"min":0.005259,"med":0.085409},"http_req_waiting":{"avg":70.71369309577463,"min":2.776636,"med":63.399984,"max":431.525541,"p(90)":115.8779018,"p(95)":164.73394739999964},"vus":{"value":2,"min":2,"max":20},"storage_upload_success_rate":{"fails":7401,"passes":1092,"thresholds":{"rate>0.99":true},"value":0.12857647474390674},"iteration_duration":{"max":960.16782,"p(90)":84.76935280000001,"p(95)":426.78420119999964,"avg":88.41106000226506,"min":3.544243,"med":62.854667},"iterations":{"count":7947,"rate":198.50622717198198},"http_req_connecting":{"avg":0.0018933479394887844,"min":0,"med":0,"max":0.665679,"p(90)":0,"p(95)":0},"storage_download_latency_large_ms":{"p(95)":241.9802645,"avg":138.83480054578746,"min":7.507574,"med":140.715342,"max":371.391519,"p(90)":219.9431195,"thresholds":{"p(95)<30000":false}},"http_req_receiving":{"avg":2.1162924248304638,"min":0.016284,"med":0.064128,"max":146.93629,"p(90)":0.14485500000000004,"p(95)":12.686359399999814},"http_req_duration{expected_response:true}":{"med":114.863938,"max":433.725653,"p(90)":223.90571029999998,"p(95)":254.88795845,"avg":123.94947346611693,"min":3.725889},"storage_upload_latency_large_ms":{"med":199.6892235,"max":433.725653,"p(90)":280.999271,"p(95)":311.183067,"avg":188.4770219249082,"min":14.408599,"thresholds":{"p(95)<30000":false}},"data_received":{"rate":15277564.921216741,"count":611622165},"http_reqs":{"count":9585,"rate":239.4214404735683},"http_req_tls_handshaking":{"p(90)":0,"p(95)":0,"avg":0,"min":0,"med":0,"max":0},"vus_max":{"value":20,"min":20,"max":20},"http_req_blocked":{"avg":0.007419909963484625,"min":0.001532,"med":0.003849,"max":1.620516,"p(90)":0.005768600000000002,"p(95)":0.007082199999999997},"http_req_duration":{"min":3.39029,"med":63.756639,"max":433.725653,"p(90)":128.97573860000006,"p(95)":182.11341939999997,"avg":73.03214653208154},"checks":{"passes":3276,"fails":7401,"value":0.3068277606069121},"storage_upload_errors":{"count":7401,"rate":184.86782273811988},"storage_download_success_rate":{"passes":1092,"fails":0,"thresholds":{"rate>0.99":false},"value":1},"storage_download_latency_small_ms":{"avg":60.024392285714306,"min":3.725889,"med":63.243674999999996,"max":122.33321,"p(90)":92.035831,"p(95)":96.83495275,"thresholds":{"p(95)<10000":false}}},"root_group":{"name":"","path":"","id":"d41d8cd98f00b204e9800998ecf8427e","groups":{},"checks":{"upload small: 2xx":{"name":"upload small: 2xx","path":"::upload small: 2xx","id":"9b78e7f8d042046407ce2843b9099f47","passes":546,"fails":7401},"upload large: 2xx":{"fails":0,"name":"upload large: 2xx","path":"::upload large: 2xx","id":"913fbb8ef39ab0a4099ac11b8bdac29a","passes":546},"download small: 200":{"name":"download small: 200","path":"::download small: 200","id":"55be9db100b79a8c7487de0023a297bd","passes":546,"fails":0},"download small: exact size":{"fails":0,"name":"download small: exact size","path":"::download small: exact size","id":"70e0ea1870a9f7e3913e05e679827c31","passes":546},"download large: 200":{"fails":0,"name":"download large: 200","path":"::download large: 200","id":"cfab91118480a59b6fa810589e9e3b56","passes":546},"download large: exact size":{"name":"download large: exact size","path":"::download large: exact size","id":"7b6f24557fbf84980cfa4dc2883a0090","passes":546,"fails":0}}},"__bench_threshold_failed":true,"__bench_target":"supabase"}