{
    "metrics": {
        "rest_insert_success_rate": {
            "fails": 0,
            "passes": 22185,
            "thresholds": {
                "rate>0.99": false
            },
            "value": 1
        },
        "http_req_duration": {
            "avg": 31.368432077214422,
            "min": 3.332101,
            "med": 31.518365,
            "max": 411.169756,
            "p(90)": 35.3181274,
            "p(95)": 51.13537839999995
        },
        "vus_max": {
            "value": 20,
            "min": 20,
            "max": 20
        },
        "http_req_connecting": {
            "avg": 0.0005611160694162724,
            "min": 0,
            "med": 0,
            "max": 0.849538,
            "p(90)": 0,
            "p(95)": 0
        },
        "http_req_duration{expected_response:true}": {
            "avg": 31.368432077214422,
            "min": 3.332101,
            "med": 31.518365,
            "max": 411.169756,
            "p(90)": 35.3181274,
            "p(95)": 51.13537839999995
        },
        "http_req_blocked": {
            "avg": 0.005220895605138634,
            "min": 0.001956,
            "med": 0.002879,
            "max": 1.146078,
            "p(90)": 0.004074,
            "p(95)": 0.0085274
        },
        "http_req_waiting": {
            "p(95)": 51.017191999999945,
            "avg": 31.30520431633981,
            "min": 3.295485,
            "med": 31.452029,
            "max": 411.045111,
            "p(90)": 35.2519316
        },
        "http_req_receiving": {
            "p(95)": 0.08720199999999992,
            "avg": 0.038727524137931,
            "min": 0.015312,
            "med": 0.029057,
            "max": 1.428081,
            "p(90)": 0.058177200000000005
        },
        "data_sent": {
            "count": 14409445,
            "rate": 360217.62487117836
        },
        "rest_insert_latency_ms": {
            "avg": 31.368432077214422,
            "min": 3.332101,
            "med": 31.518365,
            "max": 411.169756,
            "p(90)": 35.3181274,
            "p(95)": 51.13537839999995,
            "thresholds": {
                "p(95)<8000": false
            }
        },
        "http_req_tls_handshaking": {
            "max": 0,
            "p(90)": 0,
            "p(95)": 0,
            "avg": 0,
            "min": 0,
            "med": 0
        },
        "iteration_duration": {
            "min": 3.43233,
            "med": 31.686996,
            "max": 411.478623,
            "p(90)": 35.519379400000005,
            "p(95)": 51.34745239999994,
            "avg": 31.54715500761765
        },
        "vus": {
            "value": 1,
            "min": 1,
            "max": 20
        },
        "iterations": {
            "count": 22185,
            "rate": 554.5965169211646
        },
        "http_req_failed": {
            "passes": 0,
            "fails": 22185,
            "thresholds": {
                "rate<0.01": false
            },
            "value": 0
        },
        "http_reqs": {
            "count": 22185,
            "rate": 554.5965169211646
        },
        "data_received": {
            "count": 1419840,
            "rate": 35494.177082954535
        },
        "checks": {
            "fails": 0,
            "passes": 22185,
            "value": 1
        },
        "http_req_sending": {
            "med": 0.017031,
            "max": 1.402292,
            "p(90)": 0.046917000000000014,
            "p(95)": 0.07358199999999997,
            "avg": 0.024500236736533697,
            "min": 0.007998
        }
    },
    "root_group": {
        "name": "",
        "path": "",
        "id": "d41d8cd98f00b204e9800998ecf8427e",
        "groups": {},
        "checks": {
                "status 2xx": {
                    "passes": 22185,
                    "fails": 0,
                    "name": "status 2xx",
                    "path": "::status 2xx",
                    "id": "5bf9cd1e387741ed8e40bbdbca9b6c92"
                }
            }
    }
}