{
    "root_group": {
        "path": "",
        "id": "d41d8cd98f00b204e9800998ecf8427e",
        "groups": {},
        "checks": {
                "status 2xx": {
                    "name": "status 2xx",
                    "path": "::status 2xx",
                    "id": "5bf9cd1e387741ed8e40bbdbca9b6c92",
                    "passes": 69393,
                    "fails": 0
                }
            },
        "name": ""
    },
    "metrics": {
        "rest_insert_success_rate": {
            "fails": 0,
            "passes": 69393,
            "thresholds": {
                "rate>0.99": false
            },
            "value": 1
        },
        "http_req_duration{expected_response:true}": {
            "med": 8.77802,
            "max": 589.779601,
            "p(90)": 14.685578000000003,
            "p(95)": 17.456057199999996,
            "avg": 9.918567821148953,
            "min": 2.25421
        },
        "http_req_duration": {
            "avg": 9.918567821148953,
            "min": 2.25421,
            "med": 8.77802,
            "max": 589.779601,
            "p(90)": 14.685578000000003,
            "p(95)": 17.456057199999996
        },
        "http_req_sending": {
            "max": 2.374173,
            "p(90)": 0.021589,
            "p(95)": 0.03353679999999993,
            "avg": 0.016728664908564204,
            "min": 0.005467,
            "med": 0.010504
        },
        "http_reqs": {
            "count": 69393,
            "rate": 1734.7947783136462
        },
        "http_req_waiting": {
            "max": 589.699652,
            "p(90)": 14.6251632,
            "p(95)": 17.39104519999999,
            "avg": 9.859568166889982,
            "min": 2.19903,
            "med": 8.720556
        },
        "http_req_receiving": {
            "avg": 0.04227098935051064,
            "min": 0.008653,
            "med": 0.030719,
            "max": 9.148339,
            "p(90)": 0.05253740000000004,
            "p(95)": 0.07559019999999993
        },
        "vus_max": {
            "max": 20,
            "value": 20,
            "min": 20
        },
        "http_req_tls_handshaking": {
            "med": 0,
            "max": 0,
            "p(90)": 0,
            "p(95)": 0,
            "avg": 0,
            "min": 0
        },
        "iteration_duration": {
            "avg": 10.07638282568854,
            "min": 2.400723,
            "med": 8.936594,
            "max": 590.356201,
            "p(90)": 14.850792800000002,
            "p(95)": 17.616314599999992
        },
        "http_req_connecting": {
            "avg": 0.0019975483406107246,
            "min": 0,
            "med": 0,
            "max": 2.64802,
            "p(90)": 0,
            "p(95)": 0
        },
        "http_req_failed": {
            "passes": 0,
            "fails": 69393,
            "thresholds": {
                "rate<0.01": false
            },
            "value": 0
        },
        "iterations": {
            "count": 69393,
            "rate": 1734.7947783136462
        },
        "vus": {
            "value": 1,
            "min": 1,
            "max": 20
        },
        "rest_insert_latency_ms": {
            "max": 589.779601,
            "p(90)": 14.685578000000003,
            "p(95)": 17.456057199999996,
            "avg": 9.918567821148953,
            "min": 2.25421,
            "med": 8.77802,
            "thresholds": {
                "p(95)<8000": false
            }
        },
        "checks": {
            "passes": 69393,
            "fails": 0,
            "value": 1
        },
        "http_req_blocked": {
            "avg": 0.006219854452178202,
            "min": 0.00108,
            "med": 0.002594,
            "max": 2.902037,
            "p(90)": 0.003651,
            "p(95)": 0.004481399999999994
        },
        "data_sent": {
            "rate": 2250420.795644361,
            "count": 90018400
        },
        "data_received": {
            "count": 19865366,
            "rate": 496625.49833685596
        }
    }
}