{
    "root_group": {
        "id": "d41d8cd98f00b204e9800998ecf8427e",
        "groups": {},
        "checks": {
                "status 2xx": {
                    "name": "status 2xx",
                    "path": "::status 2xx",
                    "id": "5bf9cd1e387741ed8e40bbdbca9b6c92",
                    "passes": 73523,
                    "fails": 0
                }
            },
        "name": "",
        "path": ""
    },
    "metrics": {
        "http_req_sending": {
            "min": 0.005298,
            "med": 0.010601,
            "max": 3.133006,
            "p(90)": 0.021867600000000004,
            "p(95)": 0.03358459999999997,
            "avg": 0.017495074072059316
        },
        "http_req_failed": {
            "passes": 0,
            "fails": 73523,
            "thresholds": {
                "rate<0.01": false
            },
            "value": 0
        },
        "http_req_connecting": {
            "max": 1.649941,
            "p(90)": 0,
            "p(95)": 0,
            "avg": 0.0021704483630972608,
            "min": 0,
            "med": 0
        },
        "iterations": {
            "count": 73523,
            "rate": 1838.0472050961157
        },
        "vus_max": {
            "min": 20,
            "max": 20,
            "value": 20
        },
        "http_req_duration": {
            "avg": 9.348568266624024,
            "min": 2.063979,
            "med": 8.478993,
            "max": 293.637103,
            "p(90)": 14.140862200000003,
            "p(95)": 16.377557199999995
        },
        "http_req_duration{expected_response:true}": {
            "min": 2.063979,
            "med": 8.478993,
            "max": 293.637103,
            "p(90)": 14.140862200000003,
            "p(95)": 16.377557199999995,
            "avg": 9.348568266624024
        },
        "rest_insert_latency_ms": {
            "avg": 9.348568266624026,
            "min": 2.063979,
            "med": 8.478993,
            "max": 293.637103,
            "p(90)": 14.140862200000003,
            "p(95)": 16.377557199999995,
            "thresholds": {
                "p(95)<8000": false
            }
        },
        "http_req_waiting": {
            "med": 8.419337,
            "max": 293.587128,
            "p(90)": 14.082334600000003,
            "p(95)": 16.318118199999997,
            "avg": 9.287876933367867,
            "min": 2.017878
        },
        "vus": {
            "value": 1,
            "min": 1,
            "max": 20
        },
        "data_sent": {
            "rate": 2570091.460141192,
            "count": 102805213
        },
        "http_reqs": {
            "count": 73523,
            "rate": 1838.0472050961157
        },
        "http_req_tls_handshaking": {
            "p(95)": 0,
            "avg": 0,
            "min": 0,
            "med": 0,
            "max": 0,
            "p(90)": 0
        },
        "rest_insert_success_rate": {
            "passes": 73523,
            "fails": 0,
            "thresholds": {
                "rate>0.99": false
            },
            "value": 1
        },
        "data_received": {
            "count": 21045036,
            "rate": 526117.9440576029
        },
        "checks": {
            "passes": 73523,
            "fails": 0,
            "value": 1
        },
        "iteration_duration": {
            "max": 293.779129,
            "p(90)": 14.311058000000003,
            "p(95)": 16.5586318,
            "avg": 9.509763790392114,
            "min": 2.192949,
            "med": 8.643123
        },
        "http_req_blocked": {
            "p(90)": 0.003696,
            "p(95)": 0.004543,
            "avg": 0.006498952491057228,
            "min": 0.000997,
            "med": 0.002573,
            "max": 5.384618
        },
        "http_req_receiving": {
            "avg": 0.04319625918420054,
            "min": 0.008652,
            "med": 0.030845,
            "max": 6.094186,
            "p(90)": 0.053149,
            "p(95)": 0.07506329999999983
        }
    }
}