{
    "metrics": {
        "data_received": {
            "count": 5405598384,
            "rate": 134989460.71418232
        },
        "data_sent": {
            "count": 5406763214,
            "rate": 135018549.03380093
        },
        "vus_max": {
            "value": 20,
            "min": 20,
            "max": 20
        },
        "storage_upload_latency_large_ms": {
            "avg": 39.52092544153423,
            "min": 16.412253,
            "med": 37.263389,
            "max": 279.612914,
            "p(90)": 48.36303,
            "p(95)": 56.60686399999996,
            "thresholds": {
                "p(95)<30000": false
            }
        },
        "checks": {
            "passes": 29094,
            "fails": 0,
            "value": 1
        },
        "http_req_waiting": {
            "med": 16.6082925,
            "max": 275.682154,
            "p(90)": 39.829376999999994,
            "p(95)": 44.9299465,
            "avg": 21.97250780733144,
            "min": 2.672914
        },
        "iteration_duration": {
            "med": 135.738066,
            "max": 1321.580129,
            "p(90)": 195.5136656,
            "p(95)": 227.83738399999976,
            "avg": 144.53232336192988,
            "min": 36.954424
        },
        "storage_download_latency_small_ms": {
            "max": 267.254554,
            "p(90)": 17.421317000000002,
            "p(95)": 19.494958799999992,
            "avg": 12.540141038564647,
            "min": 3.208813,
            "med": 10.914318,
            "thresholds": {
                "p(95)<10000": false
            }
        },
        "iterations": {
            "count": 4849,
            "rate": 121.0899975367223
        },
        "storage_download_latency_large_ms": {
            "min": 7.132476,
            "med": 53.350687,
            "max": 1258.685654,
            "p(90)": 101.472982,
            "p(95)": 112.44387859999996,
            "avg": 60.03060229696842,
            "thresholds": {
                "p(95)<30000": false
            }
        },
        "http_req_duration{expected_response:true}": {
            "med": 29.640867999999998,
            "max": 1258.685654,
            "p(90)": 68.096474,
            "p(95)": 90.6412955,
            "avg": 35.65292575195897,
            "min": 3.208813
        },
        "http_req_blocked": {
            "avg": 0.009505098680140246,
            "min": 0.001232,
            "med": 0.005011,
            "max": 4.489482,
            "p(90)": 0.0080315,
            "p(95)": 0.0140345
        },
        "storage_upload_latency_small_ms": {
            "avg": 30.520034230769305,
            "min": 8.559419,
            "med": 28.016653,
            "max": 246.844449,
            "p(90)": 39.1076576,
            "p(95)": 46.9145894,
            "thresholds": {
                "p(95)<10000": false
            }
        },
        "storage_upload_success_rate": {
            "passes": 9698,
            "fails": 0,
            "thresholds": {
                "rate>0.99": false
            },
            "value": 1
        },
        "http_req_failed": {
            "passes": 0,
            "fails": 19396,
            "thresholds": {
                "rate<0.01": false
            },
            "value": 0
        },
        "http_reqs": {
            "count": 19396,
            "rate": 484.3599901468892
        },
        "vus": {
            "value": 2,
            "min": 2,
            "max": 20
        },
        "storage_download_success_rate": {
            "passes": 9698,
            "fails": 0,
            "thresholds": {
                "rate>0.99": false
            },
            "value": 1
        },
        "http_req_sending": {
            "avg": 0.21341484909259623,
            "min": 0.004631,
            "med": 0.0555385,
            "max": 12.612875,
            "p(90)": 0.5762855,
            "p(95)": 0.8808675
        },
        "http_req_receiving": {
            "avg": 13.467003095535176,
            "min": 0.014195,
            "med": 0.33408950000000004,
            "max": 1250.317693,
            "p(90)": 54.1666115,
            "p(95)": 77.5065765
        },
        "http_req_duration": {
            "med": 29.640867999999998,
            "max": 1258.685654,
            "p(90)": 68.096474,
            "p(95)": 90.6412955,
            "avg": 35.65292575195897,
            "min": 3.208813
        },
        "http_req_connecting": {
            "avg": 0.00106450324809239,
            "min": 0,
            "med": 0,
            "max": 4.333474,
            "p(90)": 0,
            "p(95)": 0
        },
        "http_req_tls_handshaking": {
            "avg": 0,
            "min": 0,
            "med": 0,
            "max": 0,
            "p(90)": 0,
            "p(95)": 0
        }
    },
    "root_group": {
        "name": "",
        "path": "",
        "id": "d41d8cd98f00b204e9800998ecf8427e",
        "groups": {},
        "checks": {
                "upload small: 2xx": {
                    "passes": 4849,
                    "fails": 0,
                    "name": "upload small: 2xx",
                    "path": "::upload small: 2xx",
                    "id": "9b78e7f8d042046407ce2843b9099f47"
                },
                "upload large: 2xx": {
                    "name": "upload large: 2xx",
                    "path": "::upload large: 2xx",
                    "id": "913fbb8ef39ab0a4099ac11b8bdac29a",
                    "passes": 4849,
                    "fails": 0
                },
                "download small: 200": {
                    "name": "download small: 200",
                    "path": "::download small: 200",
                    "id": "55be9db100b79a8c7487de0023a297bd",
                    "passes": 4849,
                    "fails": 0
                },
                "download small: exact size": {
                    "name": "download small: exact size",
                    "path": "::download small: exact size",
                    "id": "70e0ea1870a9f7e3913e05e679827c31",
                    "passes": 4849,
                    "fails": 0
                },
                "download large: 200": {
                    "name": "download large: 200",
                    "path": "::download large: 200",
                    "id": "cfab91118480a59b6fa810589e9e3b56",
                    "passes": 4849,
                    "fails": 0
                },
                "download large: exact size": {
                    "name": "download large: exact size",
                    "path": "::download large: exact size",
                    "id": "7b6f24557fbf84980cfa4dc2883a0090",
                    "passes": 4849,
                    "fails": 0
                }
            }
    }
}