{"root_group":{"id":"d41d8cd98f00b204e9800998ecf8427e","groups":{},"checks":{"upload small: 2xx":{"name":"upload small: 2xx","path":"::upload small: 2xx","id":"9b78e7f8d042046407ce2843b9099f47","passes":401,"fails":8398},"upload large: 2xx":{"name":"upload large: 2xx","path":"::upload large: 2xx","id":"913fbb8ef39ab0a4099ac11b8bdac29a","passes":401,"fails":0},"download small: 200":{"name":"download small: 200","path":"::download small: 200","id":"55be9db100b79a8c7487de0023a297bd","passes":401,"fails":0},"download small: exact size":{"id":"70e0ea1870a9f7e3913e05e679827c31","passes":401,"fails":0,"name":"download small: exact size","path":"::download small: exact size"},"download large: 200":{"name":"download large: 200","path":"::download large: 200","id":"cfab91118480a59b6fa810589e9e3b56","passes":401,"fails":0},"download large: exact size":{"id":"7b6f24557fbf84980cfa4dc2883a0090","passes":401,"fails":0,"name":"download large: exact size","path":"::download large: exact size"}},"name":"","path":""},"metrics":{"storage_download_latency_large_ms":{"avg":131.12202866583536,"min":7.885685,"med":141.099164,"max":366.717399,"p(90)":227.967902,"p(95)":252.764058,"thresholds":{"p(95)<30000":false}},"http_req_blocked":{"avg":0.007736449110177944,"min":0.001809,"med":0.003653,"max":2.087568,"p(90)":0.005542,"p(95)":0.006816699999999993},"storage_download_success_rate":{"fails":0,"passes":802,"thresholds":{"rate>0.99":false},"value":1},"vus_max":{"min":20,"max":20,"value":20},"http_req_duration":{"med":65.979113,"max":417.591276,"p(90)":93.8554782,"p(95)":150.08096609999959,"avg":69.9611660700861,"min":3.223863},"http_req_tls_handshaking":{"avg":0,"min":0,"med":0,"max":0,"p(90)":0,"p(95)":0},"storage_upload_latency_large_ms":{"avg":178.93969949376552,"min":14.954348,"med":196.34572,"max":417.591276,"p(90)":291.33843,"p(95)":318.639911,"thresholds":{"p(95)<30000":false}},"http_req_receiving":{"avg":1.447174996300741,"min":0.017266,"med":0.0617395,"max":105.664669,"p(90)":0.12331859999999999,"p(95)":0.2988248999999978},"storage_download_latency_small_ms":{"avg":56.05290391022449,"min":4.514648,"med":57.419415,"max":155.039109,"p(90)":94.41509,"p(95)":104.950364,"thresholds":{"p(95)<10000":false}},"iterations":{"count":8799,"rate":219.91790453426643},"storage_upload_latency_small_ms":{"min":3.223863,"med":65.594932,"max":294.646104,"p(90)":75.979444,"p(95)":87.81409450000001,"avg":62.84118826832611,"thresholds":{"p(95)<10000":false}},"checks":{"passes":2406,"fails":8398,"value":0.22269529803776378},"http_req_sending":{"med":0.087122,"max":24.806983,"p(90)":0.4967243999999999,"p(95)":0.6540684499999994,"avg":0.20960808378324278,"min":0.006986},"http_req_failed":{"passes":8398,"fails":1604,"thresholds":{"rate<0.01":true},"value":0.8396320735852829},"http_req_connecting":{"min":0,"med":0,"max":0.868686,"p(90)":0,"p(95)":0,"avg":0.00199728574285143},"storage_upload_errors":{"count":8398,"rate":209.89550656651545},"iteration_duration":{"min":3.37851,"med":66.011266,"max":1034.268017,"p(90)":77.4889932,"p(95)":101.7920497,"avg":79.82566817490617},"http_req_waiting":{"p(90)":90.918128,"p(95)":128.56979259999983,"avg":68.30438299000187,"min":2.922974,"med":65.66611,"max":416.608668},"http_reqs":{"count":10002,"rate":249.98509843751935},"data_sent":{"count":1002574302,"rate":25057851.987242278},"data_received":{"rate":11252057.246487869,"count":450199141},"vus":{"value":2,"min":2,"max":20},"storage_upload_success_rate":{"passes":802,"fails":8398,"thresholds":{"rate>0.99":true},"value":0.08717391304347825},"http_req_duration{expected_response:true}":{"min":4.514648,"med":99.991119,"max":417.591276,"p(90)":223.4026427,"p(95)":260.0652663999999,"avg":116.68575404738147}},"__bench_threshold_failed":true,"__bench_target":"supabase"}