{
    "root_group": {
        "groups": {},
        "checks": {
                "status 2xx": {
                    "name": "status 2xx",
                    "path": "::status 2xx",
                    "id": "5bf9cd1e387741ed8e40bbdbca9b6c92",
                    "passes": 22092,
                    "fails": 0
                }
            },
        "name": "",
        "path": "",
        "id": "d41d8cd98f00b204e9800998ecf8427e"
    },
    "metrics": {
        "vus_max": {
            "value": 20,
            "min": 20,
            "max": 20
        },
        "http_req_connecting": {
            "max": 0.918506,
            "p(90)": 0,
            "p(95)": 0,
            "avg": 0.0005716520912547527,
            "min": 0,
            "med": 0
        },
        "http_req_sending": {
            "avg": 0.02467370763172188,
            "min": 0.007439,
            "med": 0.0170675,
            "max": 1.582065,
            "p(90)": 0.0460018,
            "p(95)": 0.07475225000000002
        },
        "iterations": {
            "count": 22092,
            "rate": 552.2505726625333
        },
        "http_req_waiting": {
            "min": 3.258481,
            "med": 30.958765,
            "max": 613.066782,
            "p(90)": 34.7396929,
            "p(95)": 46.69759890000005,
            "avg": 31.431983936311862
        },
        "rest_insert_success_rate": {
            "passes": 22092,
            "fails": 0,
            "thresholds": {
                "rate>0.99": false
            },
            "value": 1
        },
        "vus": {
            "value": 1,
            "min": 1,
            "max": 20
        },
        "rest_insert_latency_ms": {
            "p(95)": 46.85012375000004,
            "avg": 31.497417494115552,
            "min": 3.295268,
            "med": 31.0221455,
            "max": 613.273971,
            "p(90)": 34.821616600000006,
            "thresholds": {
                "p(95)<8000": false
            }
        },
        "http_req_receiving": {
            "p(95)": 0.0882299,
            "avg": 0.040759850172007964,
            "min": 0.010971,
            "med": 0.029549,
            "max": 10.600598,
            "p(90)": 0.05971930000000003
        },
        "http_req_blocked": {
            "avg": 0.006444210619228667,
            "min": 0.002052,
            "med": 0.002891,
            "max": 19.983843,
            "p(90)": 0.004176,
            "p(95)": 0.008610950000000008
        },
        "data_sent": {
            "count": 14351989,
            "rate": 358767.6147065172
        },
        "iteration_duration": {
            "med": 31.1998385,
            "max": 613.459979,
            "p(90)": 35.004951000000005,
            "p(95)": 47.02828390000001,
            "avg": 31.679030379820784,
            "min": 3.444544
        },
        "http_reqs": {
            "count": 22092,
            "rate": 552.2505726625333
        },
        "http_req_tls_handshaking": {
            "max": 0,
            "p(90)": 0,
            "p(95)": 0,
            "avg": 0,
            "min": 0,
            "med": 0
        },
        "http_req_duration{expected_response:true}": {
            "med": 31.0221455,
            "max": 613.273971,
            "p(90)": 34.821616600000006,
            "p(95)": 46.85012375000004,
            "avg": 31.497417494115552,
            "min": 3.295268
        },
        "data_received": {
            "count": 1413888,
            "rate": 35344.03665040213
        },
        "http_req_duration": {
            "med": 31.0221455,
            "max": 613.273971,
            "p(90)": 34.821616600000006,
            "p(95)": 46.85012375000004,
            "avg": 31.497417494115552,
            "min": 3.295268
        },
        "checks": {
            "passes": 22092,
            "fails": 0,
            "value": 1
        },
        "http_req_failed": {
            "passes": 0,
            "fails": 22092,
            "thresholds": {
                "rate<0.01": false
            },
            "value": 0
        }
    }
}