{"root_group":{"name":"","path":"","id":"d41d8cd98f00b204e9800998ecf8427e","groups":{},"checks":{"upload small: 2xx":{"name":"upload small: 2xx","path":"::upload small: 2xx","id":"9b78e7f8d042046407ce2843b9099f47","passes":648,"fails":6381},"upload large: 2xx":{"id":"913fbb8ef39ab0a4099ac11b8bdac29a","passes":648,"fails":0,"name":"upload large: 2xx","path":"::upload large: 2xx"},"download small: 200":{"passes":648,"fails":0,"name":"download small: 200","path":"::download small: 200","id":"55be9db100b79a8c7487de0023a297bd"},"download small: exact size":{"id":"70e0ea1870a9f7e3913e05e679827c31","passes":648,"fails":0,"name":"download small: exact size","path":"::download small: exact size"},"download large: 200":{"id":"cfab91118480a59b6fa810589e9e3b56","passes":648,"fails":0,"name":"download large: 200","path":"::download large: 200"},"download large: exact size":{"name":"download large: exact size","path":"::download large: exact size","id":"7b6f24557fbf84980cfa4dc2883a0090","passes":648,"fails":0}}},"metrics":{"storage_download_success_rate":{"passes":1296,"fails":0,"thresholds":{"rate>0.99":false},"value":1},"storage_upload_success_rate":{"passes":1296,"fails":6381,"thresholds":{"rate>0.99":true},"value":0.16881594372801875},"http_reqs":{"count":8973,"rate":224.27640125505272},"http_req_receiving":{"avg":2.889742159812776,"min":0.017636,"med":0.063621,"max":129.511553,"p(90)":0.19880520000000015,"p(95)":31.845174999999973},"iteration_duration":{"min":3.75547,"med":62.517816,"max":1100.024153,"p(90)":100.0921484,"p(95)":529.0884918,"avg":99.88032894650712},"checks":{"passes":3888,"fails":6381,"value":0.37861524978089395},"data_sent":{"count":1144977160,"rate":28618227.679040533},"vus_max":{"value":20,"min":20,"max":20},"storage_download_latency_large_ms":{"p(95)":243.58083444999997,"avg":147.6673300169751,"min":7.376038,"med":152.914517,"max":343.196997,"p(90)":222.04338460000005,"thresholds":{"p(95)<30000":false}},"http_req_sending":{"avg":0.21812059266688946,"min":0.005462,"med":0.084008,"max":19.387795,"p(90)":0.5299806,"p(95)":0.7206045999999997},"storage_download_latency_small_ms":{"avg":60.927810615740725,"min":3.931922,"med":62.3591945,"max":180.666327,"p(90)":91.827205,"p(95)":103.12022104999998,"thresholds":{"p(95)<10000":false}},"vus":{"value":2,"min":2,"max":20},"http_req_duration{expected_response:true}":{"avg":127.6427064872683,"min":3.931922,"med":118.41489150000001,"max":456.571582,"p(90)":230.0934589,"p(95)":267.40150474999996},"storage_upload_latency_small_ms":{"avg":62.1957371916344,"min":3.573917,"med":61.956909,"max":263.084848,"p(90)":89.6533616,"p(95)":106.429879,"thresholds":{"p(95)<10000":false}},"http_req_connecting":{"max":1.114838,"p(90)":0,"p(95)":0,"avg":0.001998219770422378,"min":0,"med":0},"http_req_blocked":{"med":0.003907,"max":2.2875,"p(90)":0.006065600000000001,"p(95)":0.007744399999999998,"avg":0.007982121029755975,"min":0.001382},"http_req_duration":{"max":456.571582,"p(90)":154.1208924,"p(95)":203.02807199999998,"avg":77.9629439684608,"min":3.573917,"med":63.743117},"http_req_tls_handshaking":{"avg":0,"min":0,"med":0,"max":0,"p(90)":0,"p(95)":0},"storage_upload_latency_large_ms":{"avg":196.3240870046299,"min":13.760127,"med":203.282357,"max":456.571582,"p(90)":293.69977170000004,"p(95)":308.05214445,"thresholds":{"p(95)<30000":false}},"storage_upload_errors":{"rate":159.49043980926015,"count":6381},"data_received":{"count":725067037,"rate":18122748.882984973},"iterations":{"count":7029,"rate":175.6869301707083},"http_req_waiting":{"min":3.236016,"med":63.436151,"max":455.566043,"p(90)":131.40416360000003,"p(95)":187.1164157999999,"avg":74.8550812159811},"http_req_failed":{"passes":6381,"fails":2592,"thresholds":{"rate<0.01":true},"value":0.7111334002006018}},"__bench_threshold_failed":true,"__bench_target":"supabase"}