{
    "metrics": {
        "rest_insert_latency_ms": {
            "p(90)": 15.388719100000001,
            "p(95)": 17.91548,
            "avg": 10.210889557211676,
            "min": 2.218015,
            "med": 9.272478,
            "max": 241.928394,
            "thresholds": {
                "p(95)<8000": false
            }
        },
        "http_req_sending": {
            "max": 3.985097,
            "p(90)": 0.023153700000000006,
            "p(95)": 0.035540249999999995,
            "avg": 0.018782572664924935,
            "min": 0.00541,
            "med": 0.011263
        },
        "http_req_receiving": {
            "p(95)": 0.08388585,
            "avg": 0.047599168205569774,
            "min": 0.009923,
            "med": 0.032695,
            "max": 5.946682,
            "p(90)": 0.05806740000000001
        },
        "http_req_duration": {
            "med": 9.272478,
            "max": 241.928394,
            "p(90)": 15.388719100000001,
            "p(95)": 17.91548,
            "avg": 10.210889557211676,
            "min": 2.218015
        },
        "http_req_failed": {
            "passes": 0,
            "fails": 67364,
            "thresholds": {
                "rate<0.01": false
            },
            "value": 0
        },
        "http_req_waiting": {
            "p(95)": 17.84969105,
            "avg": 10.144507816341049,
            "min": 2.166313,
            "med": 9.207374999999999,
            "max": 241.875146,
            "p(90)": 15.319519800000004
        },
        "data_received": {
            "count": 19287503,
            "rate": 482178.477352925
        },
        "iteration_duration": {
            "p(95)": 18.094247499999998,
            "avg": 10.379389878095274,
            "min": 2.304704,
            "med": 9.440173999999999,
            "max": 242.087388,
            "p(90)": 15.574838800000006
        },
        "rest_insert_success_rate": {
            "passes": 67364,
            "fails": 0,
            "thresholds": {
                "rate>0.99": false
            },
            "value": 1
        },
        "http_req_duration{expected_response:true}": {
            "avg": 10.210889557211676,
            "min": 2.218015,
            "med": 9.272478,
            "max": 241.928394,
            "p(90)": 15.388719100000001,
            "p(95)": 17.91548
        },
        "http_req_blocked": {
            "p(90)": 0.004026700000000005,
            "p(95)": 0.004945,
            "avg": 0.006660118208538704,
            "min": 0.001004,
            "med": 0.002705,
            "max": 2.558145
        },
        "http_req_connecting": {
            "avg": 0.002165345644557925,
            "min": 0,
            "med": 0,
            "max": 1.926993,
            "p(90)": 0,
            "p(95)": 0
        },
        "http_req_tls_handshaking": {
            "min": 0,
            "med": 0,
            "max": 0,
            "p(90)": 0,
            "p(95)": 0,
            "avg": 0
        },
        "vus_max": {
            "value": 20,
            "min": 20,
            "max": 20
        },
        "http_reqs": {
            "count": 67364,
            "rate": 1684.0682253375378
        },
        "iterations": {
            "count": 67364,
            "rate": 1684.0682253375378
        },
        "data_sent": {
            "count": 94186096,
            "rate": 2354607.9737276733
        },
        "vus": {
            "value": 1,
            "min": 1,
            "max": 20
        },
        "checks": {
            "passes": 67364,
            "fails": 0,
            "value": 1
        }
    },
    "root_group": {
        "name": "",
        "path": "",
        "id": "d41d8cd98f00b204e9800998ecf8427e",
        "groups": {},
        "checks": {
                "status 2xx": {
                    "id": "5bf9cd1e387741ed8e40bbdbca9b6c92",
                    "passes": 67364,
                    "fails": 0,
                    "name": "status 2xx",
                    "path": "::status 2xx"
                }
            }
    }
}