{
    "root_group": {
        "name": "",
        "path": "",
        "id": "d41d8cd98f00b204e9800998ecf8427e",
        "groups": {},
        "checks": {
                "status 2xx": {
                    "name": "status 2xx",
                    "path": "::status 2xx",
                    "id": "5bf9cd1e387741ed8e40bbdbca9b6c92",
                    "passes": 87025,
                    "fails": 0
                }
            }
    },
    "metrics": {
        "checks": {
            "passes": 87025,
            "fails": 0,
            "value": 1
        },
        "vus_max": {
            "value": 20,
            "min": 20,
            "max": 20
        },
        "rest_insert_success_rate": {
            "fails": 0,
            "passes": 87025,
            "thresholds": {
                "rate>0.99": false
            },
            "value": 1
        },
        "http_req_failed": {
            "passes": 0,
            "fails": 87025,
            "thresholds": {
                "rate<0.01": false
            },
            "value": 0
        },
        "http_req_blocked": {
            "avg": 0.004616225751220944,
            "min": 0.00099,
            "med": 0.002622,
            "max": 2.534736,
            "p(90)": 0.003932,
            "p(95)": 0.005148800000000003
        },
        "http_req_receiving": {
            "min": 0.004763,
            "med": 0.020865,
            "max": 2.930876,
            "p(90)": 0.055871000000000115,
            "p(95)": 0.10444880000000016,
            "avg": 0.03545866461361621
        },
        "data_received": {
            "rate": 139233.64801478223,
            "count": 5569600
        },
        "vus": {
            "value": 1,
            "min": 1,
            "max": 20
        },
        "http_req_connecting": {
            "p(90)": 0,
            "p(95)": 0,
            "avg": 0.0001436954438379776,
            "min": 0,
            "med": 0,
            "max": 0.842957
        },
        "http_req_duration{expected_response:true}": {
            "max": 312.942854,
            "p(90)": 9.7770802,
            "p(95)": 10.993471000000001,
            "avg": 7.857475984234427,
            "min": 3.307811,
            "med": 7.174125
        },
        "http_req_sending": {
            "avg": 0.019938739798908436,
            "min": 0.004833,
            "med": 0.010336,
            "max": 3.367993,
            "p(90)": 0.02824820000000001,
            "p(95)": 0.05564300000000001
        },
        "http_req_waiting": {
            "min": 3.27173,
            "med": 7.120323,
            "max": 312.923397,
            "p(90)": 9.708729600000002,
            "p(95)": 10.9333932,
            "avg": 7.802078579821908
        },
        "http_reqs": {
            "count": 87025,
            "rate": 2175.5257502309723
        },
        "http_req_tls_handshaking": {
            "avg": 0,
            "min": 0,
            "med": 0,
            "max": 0,
            "p(90)": 0,
            "p(95)": 0
        },
        "data_sent": {
            "count": 57112856,
            "rate": 1427756.2642600804
        },
        "iterations": {
            "count": 87025,
            "rate": 2175.5257502309723
        },
        "http_req_duration": {
            "min": 3.307811,
            "med": 7.174125,
            "max": 312.942854,
            "p(90)": 9.7770802,
            "p(95)": 10.993471000000001,
            "avg": 7.857475984234427
        },
        "rest_insert_latency_ms": {
            "avg": 7.857475984234427,
            "min": 3.307811,
            "med": 7.174125,
            "max": 312.942854,
            "p(90)": 9.7770802,
            "p(95)": 10.993471000000001,
            "thresholds": {
                "p(95)<8000": false
            }
        },
        "iteration_duration": {
            "min": 3.399359,
            "med": 7.340709,
            "max": 313.028275,
            "p(90)": 9.992481000000003,
            "p(95)": 11.223896800000002,
            "avg": 8.030562670990994
        }
    }
}