{
    "root_group": {
        "name": "",
        "path": "",
        "id": "d41d8cd98f00b204e9800998ecf8427e",
        "groups": {},
        "checks": {
                "status 2xx": {
                    "name": "status 2xx",
                    "path": "::status 2xx",
                    "id": "5bf9cd1e387741ed8e40bbdbca9b6c92",
                    "passes": 23465,
                    "fails": 0
                }
            }
    },
    "metrics": {
        "http_reqs": {
            "count": 23465,
            "rate": 586.5898896474904
        },
        "http_req_receiving": {
            "p(90)": 0.07168220000000002,
            "p(95)": 0.11436279999999997,
            "avg": 0.04559243174941435,
            "min": 0.012719,
            "med": 0.031557,
            "max": 4.509213
        },
        "http_req_failed": {
            "fails": 23465,
            "passes": 0,
            "thresholds": {
                "rate<0.01": false
            },
            "value": 0
        },
        "http_req_duration{expected_response:true}": {
            "avg": 29.622280931770863,
            "min": 3.326947,
            "med": 30.320049,
            "max": 219.414666,
            "p(90)": 35.8039298,
            "p(95)": 42.6624032
        },
        "checks": {
            "passes": 23465,
            "fails": 0,
            "value": 1
        },
        "data_received": {
            "count": 1501760,
            "rate": 37541.752937439385
        },
        "iterations": {
            "count": 23465,
            "rate": 586.5898896474904
        },
        "iteration_duration": {
            "p(90)": 36.0162998,
            "p(95)": 42.977147599999995,
            "avg": 29.822610280801026,
            "min": 3.44332,
            "med": 30.522719,
            "max": 219.881638
        },
        "http_req_tls_handshaking": {
            "p(95)": 0,
            "avg": 0,
            "min": 0,
            "med": 0,
            "max": 0,
            "p(90)": 0
        },
        "http_req_sending": {
            "min": 0.007765,
            "med": 0.018241,
            "max": 1.700786,
            "p(90)": 0.04839740000000004,
            "p(95)": 0.0781142,
            "avg": 0.026093576603452028
        },
        "http_req_waiting": {
            "avg": 29.550594923418057,
            "min": 3.279403,
            "med": 30.252294,
            "max": 219.271066,
            "p(90)": 35.7222038,
            "p(95)": 42.56409159999998
        },
        "http_req_blocked": {
            "avg": 0.00555096296611974,
            "min": 0.001683,
            "med": 0.003001,
            "max": 1.170469,
            "p(90)": 0.004451600000000003,
            "p(95)": 0.009564599999999993
        },
        "rest_insert_success_rate": {
            "passes": 23465,
            "fails": 0,
            "thresholds": {
                "rate>0.99": false
            },
            "value": 1
        },
        "vus_max": {
            "value": 20,
            "min": 20,
            "max": 20
        },
        "http_req_connecting": {
            "med": 0,
            "max": 1.075171,
            "p(90)": 0,
            "p(95)": 0,
            "avg": 0.0005556960153419988,
            "min": 0
        },
        "vus": {
            "value": 1,
            "min": 1,
            "max": 20
        },
        "http_req_duration": {
            "min": 3.326947,
            "med": 30.320049,
            "max": 219.414666,
            "p(90)": 35.8039298,
            "p(95)": 42.6624032,
            "avg": 29.622280931770863
        },
        "rest_insert_latency_ms": {
            "med": 30.320049,
            "max": 219.414666,
            "p(90)": 35.8039298,
            "p(95)": 42.6624032,
            "avg": 29.622280931770863,
            "min": 3.326947,
            "thresholds": {
                "p(95)<8000": false
            }
        },
        "data_sent": {
            "count": 15241470,
            "rate": 381013.9444008325
        }
    }
}