{
    "root_group": {
        "id": "d41d8cd98f00b204e9800998ecf8427e",
        "groups": {},
        "checks": {
                "status 2xx": {
                    "fails": 0,
                    "name": "status 2xx",
                    "path": "::status 2xx",
                    "id": "5bf9cd1e387741ed8e40bbdbca9b6c92",
                    "passes": 23352
                }
            },
        "name": "",
        "path": ""
    },
    "metrics": {
        "http_req_failed": {
            "fails": 23352,
            "passes": 0,
            "thresholds": {
                "rate<0.01": false
            },
            "value": 0
        },
        "checks": {
            "passes": 23352,
            "fails": 0,
            "value": 1
        },
        "http_req_tls_handshaking": {
            "p(95)": 0,
            "avg": 0,
            "min": 0,
            "med": 0,
            "max": 0,
            "p(90)": 0
        },
        "iterations": {
            "rate": 583.795888719618,
            "count": 23352
        },
        "vus": {
            "value": 1,
            "min": 1,
            "max": 20
        },
        "data_sent": {
            "count": 15170727,
            "rate": 379265.50408905896
        },
        "rest_insert_success_rate": {
            "fails": 0,
            "passes": 23352,
            "thresholds": {
                "rate>0.99": false
            },
            "value": 1
        },
        "http_req_connecting": {
            "med": 0,
            "max": 0.797963,
            "p(90)": 0,
            "p(95)": 0,
            "avg": 0.0005085023124357656,
            "min": 0
        },
        "http_req_duration{expected_response:true}": {
            "avg": 29.78988370871886,
            "min": 3.406803,
            "med": 30.862392999999997,
            "max": 435.946743,
            "p(90)": 33.4996834,
            "p(95)": 39.46030590000001
        },
        "http_req_receiving": {
            "avg": 0.03962315784515203,
            "min": 0.01123,
            "med": 0.028863,
            "max": 15.712942,
            "p(90)": 0.057872,
            "p(95)": 0.08651260000000001
        },
        "http_reqs": {
            "count": 23352,
            "rate": 583.795888719618
        },
        "rest_insert_latency_ms": {
            "p(90)": 33.4996834,
            "p(95)": 39.46030590000001,
            "avg": 29.78988370871886,
            "min": 3.406803,
            "med": 30.862392999999997,
            "max": 435.946743,
            "thresholds": {
                "p(95)<8000": false
            }
        },
        "http_req_blocked": {
            "avg": 0.005091846865364858,
            "min": 0.00176,
            "med": 0.002778,
            "max": 1.114579,
            "p(90)": 0.003967,
            "p(95)": 0.008129250000000018
        },
        "http_req_sending": {
            "p(90)": 0.04582850000000002,
            "p(95)": 0.07364340000000007,
            "avg": 0.024473812478588618,
            "min": 0.008252,
            "med": 0.0172145,
            "max": 0.912109
        },
        "iteration_duration": {
            "min": 3.507377,
            "med": 31.0385195,
            "max": 436.188681,
            "p(90)": 33.698462,
            "p(95)": 39.73818665000009,
            "avg": 29.96835629736194
        },
        "vus_max": {
            "max": 20,
            "value": 20,
            "min": 20
        },
        "http_req_waiting": {
            "avg": 29.725786738395108,
            "min": 3.327129,
            "med": 30.805607000000002,
            "max": 435.875233,
            "p(90)": 33.4320241,
            "p(95)": 39.36650275000003
        },
        "http_req_duration": {
            "avg": 29.78988370871886,
            "min": 3.406803,
            "med": 30.862392999999997,
            "max": 435.946743,
            "p(90)": 33.4996834,
            "p(95)": 39.46030590000001
        },
        "data_received": {
            "count": 1494528,
            "rate": 37362.93687805555
        }
    }
}