{
    "metrics": {
        "http_req_duration": {
            "avg": 38.92260863694069,
            "min": 3.042732,
            "med": 33.030114999999995,
            "max": 439.27337,
            "p(90)": 78.9268105,
            "p(95)": 97.37012025
        },
        "vus_max": {
            "value": 20,
            "min": 20,
            "max": 20
        },
        "storage_download_latency_large_ms": {
            "min": 7.237936,
            "med": 56.662133,
            "max": 394.807527,
            "p(90)": 103.1487694,
            "p(95)": 111.6092326,
            "avg": 60.82593478534503,
            "thresholds": {
                "p(95)<30000": false
            }
        },
        "storage_upload_success_rate": {
            "passes": 8898,
            "fails": 0,
            "thresholds": {
                "rate>0.99": false
            },
            "value": 1
        },
        "http_req_receiving": {
            "avg": 13.642109583277207,
            "min": 0.013676,
            "med": 0.3430265,
            "max": 385.39055,
            "p(90)": 57.8808965,
            "p(95)": 80.97463
        },
        "storage_download_latency_small_ms": {
            "p(95)": 20.55513219999999,
            "avg": 12.963045365924934,
            "min": 3.042732,
            "med": 11.229983,
            "max": 287.94512,
            "p(90)": 18.4497448,
            "thresholds": {
                "p(95)<10000": false
            }
        },
        "http_req_duration{expected_response:true}": {
            "avg": 38.92260863694069,
            "min": 3.042732,
            "med": 33.030114999999995,
            "max": 439.27337,
            "p(90)": 78.9268105,
            "p(95)": 97.37012025
        },
        "data_sent": {
            "rate": 123956105.2555024,
            "count": 4960751914
        },
        "checks": {
            "passes": 26694,
            "fails": 0,
            "value": 1
        },
        "iteration_duration": {
            "p(95)": 254.55480799999992,
            "avg": 157.59311456439627,
            "min": 37.821928,
            "med": 151.645458,
            "max": 640.03873,
            "p(90)": 219.8650088
        },
        "http_req_blocked": {
            "med": 0.005084,
            "max": 2.759292,
            "p(90)": 0.008151,
            "p(95)": 0.0139355,
            "avg": 0.009460638682850023,
            "min": 0.001151
        },
        "http_req_sending": {
            "med": 0.0573225,
            "max": 9.838208,
            "p(90)": 0.618458,
            "p(95)": 0.91622175,
            "avg": 0.2174614728028779,
            "min": 0.004332
        },
        "vus": {
            "value": 3,
            "min": 1,
            "max": 20
        },
        "storage_download_success_rate": {
            "passes": 8898,
            "fails": 0,
            "thresholds": {
                "rate>0.99": false
            },
            "value": 1
        },
        "data_received": {
            "rate": 123929409.25738987,
            "count": 4959683534
        },
        "storage_upload_latency_small_ms": {
            "avg": 36.808820688918715,
            "min": 9.236794,
            "med": 32.101796,
            "max": 439.27337,
            "p(90)": 48.217021800000005,
            "p(95)": 67.97215539999995,
            "thresholds": {
                "p(95)<10000": false
            }
        },
        "http_req_connecting": {
            "avg": 0.0010964747696111485,
            "min": 0,
            "med": 0,
            "max": 1.600595,
            "p(90)": 0,
            "p(95)": 0
        },
        "http_req_tls_handshaking": {
            "avg": 0,
            "min": 0,
            "med": 0,
            "max": 0,
            "p(90)": 0,
            "p(95)": 0
        },
        "http_req_failed": {
            "passes": 0,
            "fails": 17796,
            "thresholds": {
                "rate<0.01": false
            },
            "value": 0
        },
        "http_req_waiting": {
            "p(90)": 45.0437285,
            "p(95)": 52.628710999999996,
            "avg": 25.06303758086068,
            "min": 2.731665,
            "med": 17.6684765,
            "max": 439.10328
        },
        "iterations": {
            "count": 4449,
            "rate": 111.1687747829855
        },
        "storage_upload_latency_large_ms": {
            "avg": 45.09263370757477,
            "min": 16.424044,
            "med": 41.104047,
            "max": 266.305767,
            "p(90)": 54.69826760000001,
            "p(95)": 77.76439179999994,
            "thresholds": {
                "p(95)<30000": false
            }
        },
        "http_reqs": {
            "rate": 444.675099131942,
            "count": 17796
        }
    },
    "root_group": {
        "name": "",
        "path": "",
        "id": "d41d8cd98f00b204e9800998ecf8427e",
        "groups": {},
        "checks": {
                "upload small: 2xx": {
                    "name": "upload small: 2xx",
                    "path": "::upload small: 2xx",
                    "id": "9b78e7f8d042046407ce2843b9099f47",
                    "passes": 4449,
                    "fails": 0
                },
                "upload large: 2xx": {
                    "path": "::upload large: 2xx",
                    "id": "913fbb8ef39ab0a4099ac11b8bdac29a",
                    "passes": 4449,
                    "fails": 0,
                    "name": "upload large: 2xx"
                },
                "download small: 200": {
                    "name": "download small: 200",
                    "path": "::download small: 200",
                    "id": "55be9db100b79a8c7487de0023a297bd",
                    "passes": 4449,
                    "fails": 0
                },
                "download small: exact size": {
                    "fails": 0,
                    "name": "download small: exact size",
                    "path": "::download small: exact size",
                    "id": "70e0ea1870a9f7e3913e05e679827c31",
                    "passes": 4449
                },
                "download large: 200": {
                    "name": "download large: 200",
                    "path": "::download large: 200",
                    "id": "cfab91118480a59b6fa810589e9e3b56",
                    "passes": 4449,
                    "fails": 0
                },
                "download large: exact size": {
                    "id": "7b6f24557fbf84980cfa4dc2883a0090",
                    "passes": 4449,
                    "fails": 0,
                    "name": "download large: exact size",
                    "path": "::download large: exact size"
                }
            }
    }
}