{
    "root_group": {
        "name": "",
        "path": "",
        "id": "d41d8cd98f00b204e9800998ecf8427e",
        "groups": {},
        "checks": {
                "status 200": {
                    "name": "status 200",
                    "path": "::status 200",
                    "id": "fad9fa412b86fcb03bee97c80dcd61f1",
                    "passes": 123225,
                    "fails": 0
                },
                "body is non-empty array": {
                    "path": "::body is non-empty array",
                    "id": "4a612b9605825888f90f82b3870dfa0a",
                    "passes": 123225,
                    "fails": 0,
                    "name": "body is non-empty array"
                }
            }
    },
    "metrics": {
        "http_req_tls_handshaking": {
            "avg": 0,
            "min": 0,
            "med": 0,
            "max": 0,
            "p(90)": 0,
            "p(95)": 0
        },
        "iterations": {
            "count": 123225,
            "rate": 3080.3605595939594
        },
        "vus_max": {
            "value": 20,
            "min": 20,
            "max": 20
        },
        "rest_select_latency_ms": {
            "max": 127.020813,
            "p(90)": 6.4990718,
            "p(95)": 6.979608399999996,
            "avg": 5.330936789109363,
            "min": 2.331808,
            "med": 5.177963,
            "thresholds": {
                "p(95)<5000": false
            }
        },
        "http_req_failed": {
            "passes": 0,
            "fails": 123225,
            "thresholds": {
                "rate<0.01": false
            },
            "value": 0
        },
        "checks": {
            "passes": 246450,
            "fails": 0,
            "value": 1
        },
        "data_sent": {
            "count": 69622125,
            "rate": 1740403.716170587
        },
        "http_reqs": {
            "rate": 3080.3605595939594,
            "count": 123225
        },
        "http_req_duration": {
            "avg": 5.330936789109363,
            "min": 2.331808,
            "med": 5.177963,
            "max": 127.020813,
            "p(90)": 6.4990718,
            "p(95)": 6.979608399999996
        },
        "http_req_duration{expected_response:true}": {
            "p(95)": 6.979608399999996,
            "avg": 5.330936789109363,
            "min": 2.331808,
            "med": 5.177963,
            "max": 127.020813,
            "p(90)": 6.4990718
        },
        "data_received": {
            "count": 223283700,
            "rate": 5581613.333984255
        },
        "iteration_duration": {
            "min": 2.518227,
            "med": 5.488394,
            "max": 127.761182,
            "p(90)": 6.944611000000001,
            "p(95)": 7.500607599999999,
            "avg": 5.667842087603926
        },
        "http_req_blocked": {
            "p(90)": 0.004317,
            "p(95)": 0.005396799999999988,
            "avg": 0.004663510537634475,
            "min": 0.001113,
            "med": 0.002778,
            "max": 2.397912
        },
        "http_req_connecting": {
            "med": 0,
            "max": 2.335964,
            "p(90)": 0,
            "p(95)": 0,
            "avg": 0.00011870914181375532,
            "min": 0
        },
        "http_req_receiving": {
            "max": 3.556574,
            "p(90)": 0.10186920000000013,
            "p(95)": 0.1944855999999999,
            "avg": 0.062066950075066345,
            "min": 0.008846,
            "med": 0.033411
        },
        "http_req_sending": {
            "p(95)": 0.04367279999999981,
            "avg": 0.017992763375938102,
            "min": 0.004482,
            "med": 0.009106,
            "max": 4.205502,
            "p(90)": 0.021806
        },
        "vus": {
            "value": 1,
            "min": 1,
            "max": 20
        },
        "http_req_waiting": {
            "med": 5.101311,
            "max": 126.975222,
            "p(90)": 6.3979934,
            "p(95)": 6.8642972,
            "avg": 5.250877075658361,
            "min": 2.226437
        },
        "rest_select_success_rate": {
            "passes": 123225,
            "fails": 0,
            "thresholds": {
                "rate>0.99": false
            },
            "value": 1
        }
    }
}