{
    "root_group": {
        "name": "",
        "path": "",
        "id": "d41d8cd98f00b204e9800998ecf8427e",
        "groups": {},
        "checks": {
                "status 2xx": {
                    "path": "::status 2xx",
                    "id": "5bf9cd1e387741ed8e40bbdbca9b6c92",
                    "passes": 72859,
                    "fails": 0,
                    "name": "status 2xx"
                }
            }
    },
    "metrics": {
        "rest_insert_latency_ms": {
            "avg": 9.435421851205774,
            "min": 2.11128,
            "med": 8.558251,
            "max": 374.677967,
            "p(90)": 14.1022156,
            "p(95)": 16.31224109999998,
            "thresholds": {
                "p(95)<8000": false
            }
        },
        "http_req_duration": {
            "p(90)": 14.1022156,
            "p(95)": 16.31224109999998,
            "avg": 9.435421851205774,
            "min": 2.11128,
            "med": 8.558251,
            "max": 374.677967
        },
        "http_req_connecting": {
            "avg": 0.0020397026173842626,
            "min": 0,
            "med": 0,
            "max": 1.713342,
            "p(90)": 0,
            "p(95)": 0
        },
        "data_received": {
            "count": 20856014,
            "rate": 521368.94702289096
        },
        "http_req_duration{expected_response:true}": {
            "avg": 9.435421851205774,
            "min": 2.11128,
            "med": 8.558251,
            "max": 374.677967,
            "p(90)": 14.1022156,
            "p(95)": 16.31224109999998
        },
        "http_req_sending": {
            "p(90)": 0.02212059999999999,
            "p(95)": 0.03433739999999996,
            "avg": 0.017219948105244423,
            "min": 0.005522,
            "med": 0.01077,
            "max": 2.611896
        },
        "http_req_failed": {
            "passes": 0,
            "fails": 72859,
            "thresholds": {
                "rate<0.01": false
            },
            "value": 0
        },
        "vus": {
            "min": 1,
            "max": 20,
            "value": 1
        },
        "rest_insert_success_rate": {
            "passes": 72859,
            "fails": 0,
            "thresholds": {
                "rate>0.99": false
            },
            "value": 1
        },
        "http_req_tls_handshaking": {
            "avg": 0,
            "min": 0,
            "med": 0,
            "max": 0,
            "p(90)": 0,
            "p(95)": 0
        },
        "http_req_waiting": {
            "avg": 9.375463365582721,
            "min": 2.039211,
            "med": 8.500129,
            "max": 374.636137,
            "p(90)": 14.030474199999997,
            "p(95)": 16.253943399999983
        },
        "iteration_duration": {
            "max": 374.791239,
            "p(90)": 14.283802399999999,
            "p(95)": 16.4901999,
            "avg": 9.596830773850876,
            "min": 2.225451,
            "med": 8.723615
        },
        "data_sent": {
            "count": 101872679,
            "rate": 2546663.584931952
        },
        "http_reqs": {
            "count": 72859,
            "rate": 1821.3652959353026
        },
        "http_req_blocked": {
            "avg": 0.006324967883171625,
            "min": 0.000991,
            "med": 0.002619,
            "max": 1.85666,
            "p(90)": 0.003784,
            "p(95)": 0.004659
        },
        "checks": {
            "passes": 72859,
            "fails": 0,
            "value": 1
        },
        "vus_max": {
            "value": 20,
            "min": 20,
            "max": 20
        },
        "http_req_receiving": {
            "avg": 0.04273853751767128,
            "min": 0.00972,
            "med": 0.031363,
            "max": 11.145467,
            "p(90)": 0.05479419999999998,
            "p(95)": 0.07863229999999997
        },
        "iterations": {
            "count": 72859,
            "rate": 1821.3652959353026
        }
    }
}