{
    "metrics": {
        "http_req_failed": {
            "passes": 0,
            "fails": 70866,
            "thresholds": {
                "rate<0.01": false
            },
            "value": 0
        },
        "http_req_duration{expected_response:true}": {
            "avg": 9.71128523382165,
            "min": 2.070453,
            "med": 8.7449255,
            "max": 340.996103,
            "p(90)": 14.457771000000001,
            "p(95)": 17.054627250000003
        },
        "vus_max": {
            "value": 20,
            "min": 20,
            "max": 20
        },
        "http_req_blocked": {
            "max": 3.751957,
            "p(90)": 0.003618,
            "p(95)": 0.0044425,
            "avg": 0.006054743685265098,
            "min": 0.001084,
            "med": 0.002595
        },
        "http_reqs": {
            "count": 70866,
            "rate": 1771.5280749788333
        },
        "checks": {
            "passes": 70866,
            "fails": 0,
            "value": 1
        },
        "http_req_duration": {
            "med": 8.7449255,
            "max": 340.996103,
            "p(90)": 14.457771000000001,
            "p(95)": 17.054627250000003,
            "avg": 9.71128523382165,
            "min": 2.070453
        },
        "rest_insert_latency_ms": {
            "p(90)": 14.457771000000001,
            "p(95)": 17.054627250000003,
            "avg": 9.71128523382165,
            "min": 2.070453,
            "med": 8.7449255,
            "max": 340.996103,
            "thresholds": {
                "p(95)<8000": false
            }
        },
        "rest_insert_success_rate": {
            "passes": 70866,
            "fails": 0,
            "thresholds": {
                "rate>0.99": false
            },
            "value": 1
        },
        "http_req_sending": {
            "avg": 0.016524948508452784,
            "min": 0.005163,
            "med": 0.010344,
            "max": 2.389934,
            "p(90)": 0.0215145,
            "p(95)": 0.033027
        },
        "http_req_connecting": {
            "min": 0,
            "med": 0,
            "max": 1.343948,
            "p(90)": 0,
            "p(95)": 0,
            "avg": 0.0018278213953094567
        },
        "http_req_receiving": {
            "min": 0.009146,
            "med": 0.030609,
            "max": 6.507344,
            "p(90)": 0.052419999999999994,
            "p(95)": 0.0744175,
            "avg": 0.04105650358422936
        },
        "iterations": {
            "count": 70866,
            "rate": 1771.5280749788333
        },
        "data_received": {
            "count": 20286707,
            "rate": 507132.77170109254
        },
        "vus": {
            "value": 1,
            "min": 1,
            "max": 20
        },
        "http_req_waiting": {
            "med": 8.6849285,
            "max": 340.949866,
            "p(90)": 14.404347,
            "p(95)": 16.99347425,
            "avg": 9.65370378172889,
            "min": 2.032418
        },
        "data_sent": {
            "count": 91505640,
            "rate": 2287483.56445836
        },
        "http_req_tls_handshaking": {
            "p(90)": 0,
            "p(95)": 0,
            "avg": 0,
            "min": 0,
            "med": 0,
            "max": 0
        },
        "iteration_duration": {
            "p(95)": 17.21732375,
            "avg": 9.866833623274967,
            "min": 2.166485,
            "med": 8.8978885,
            "max": 341.101596,
            "p(90)": 14.6216315
        }
    },
    "root_group": {
        "name": "",
        "path": "",
        "id": "d41d8cd98f00b204e9800998ecf8427e",
        "groups": {},
        "checks": {
                "status 2xx": {
                    "name": "status 2xx",
                    "path": "::status 2xx",
                    "id": "5bf9cd1e387741ed8e40bbdbca9b6c92",
                    "passes": 70866,
                    "fails": 0
                }
            }
    }
}