{
    "root_group": {
        "checks": {
            "status 200": {
                "name": "status 200",
                "path": "::status 200",
                "id": "fad9fa412b86fcb03bee97c80dcd61f1",
                "passes": 290,
                "fails": 0
            },
            "access_token present": {
                "path": "::access_token present",
                "id": "e7169eb8030ab7cf928cbeede2caae48",
                "passes": 290,
                "fails": 0,
                "name": "access_token present"
            }
        },
        "name": "",
        "path": "",
        "id": "d41d8cd98f00b204e9800998ecf8427e",
        "groups": {}
    },
    "metrics": {
        "data_sent": {
            "count": 124120,
            "rate": 3061.767532569364
        },
        "http_req_failed": {
            "passes": 0,
            "fails": 290,
            "thresholds": {
                "rate<0.01": false
            },
            "value": 0
        },
        "vus_max": {
            "min": 5,
            "max": 5,
            "value": 5
        },
        "http_req_duration{expected_response:true}": {
            "avg": 108.25387474827583,
            "min": 91.262317,
            "med": 106.9140725,
            "max": 154.826857,
            "p(90)": 119.53796670000001,
            "p(95)": 125.93145145
        },
        "auth_signin_latency_ms": {
            "p(90)": 119.53796670000001,
            "p(95)": 125.93145145,
            "avg": 108.25387474827583,
            "min": 91.262317,
            "med": 106.9140725,
            "max": 154.826857,
            "thresholds": {
                "p(95)<10000": false
            }
        },
        "data_received": {
            "count": 747796,
            "rate": 18446.48335308766
        },
        "iterations": {
            "count": 290,
            "rate": 7.153662459274216
        },
        "iteration_duration": {
            "max": 655.312817,
            "p(90)": 620.8926684,
            "p(95)": 627.4712498,
            "avg": 609.3563230068969,
            "min": 592.492136,
            "med": 607.7656035
        },
        "http_req_sending": {
            "p(90)": 0.05728090000000003,
            "p(95)": 0.07634615000000002,
            "avg": 0.03332007241379311,
            "min": 0.007926,
            "med": 0.026000000000000002,
            "max": 0.213735
        },
        "checks": {
            "passes": 580,
            "fails": 0,
            "value": 1
        },
        "http_req_receiving": {
            "avg": 0.154311675862069,
            "min": 0.015301,
            "med": 0.106151,
            "max": 1.095459,
            "p(90)": 0.3212534000000003,
            "p(95)": 0.3859678500000001
        },
        "http_reqs": {
            "count": 290,
            "rate": 7.153662459274216
        },
        "http_req_blocked": {
            "max": 1.54764,
            "p(90)": 0.008747200000000002,
            "p(95)": 0.013944350000000043,
            "avg": 0.021969137931034482,
            "min": 0.001758,
            "med": 0.006417
        },
        "http_req_duration": {
            "avg": 108.25387474827583,
            "min": 91.262317,
            "med": 106.9140725,
            "max": 154.826857,
            "p(90)": 119.53796670000001,
            "p(95)": 125.93145145
        },
        "http_req_connecting": {
            "avg": 0.005913610344827586,
            "min": 0,
            "med": 0,
            "max": 1.050859,
            "p(90)": 0,
            "p(95)": 0
        },
        "auth_signin_success_rate": {
            "passes": 290,
            "fails": 0,
            "thresholds": {
                "rate>0.99": false
            },
            "value": 1
        },
        "http_req_waiting": {
            "p(90)": 119.27340400000003,
            "p(95)": 125.82668240000001,
            "avg": 108.06624299999997,
            "min": 91.155667,
            "med": 106.602385,
            "max": 154.555127
        },
        "http_req_tls_handshaking": {
            "med": 0,
            "max": 0,
            "p(90)": 0,
            "p(95)": 0,
            "avg": 0,
            "min": 0
        },
        "vus": {
            "value": 1,
            "min": 0,
            "max": 5
        }
    }
}