{
    "root_group": {
        "name": "",
        "path": "",
        "id": "d41d8cd98f00b204e9800998ecf8427e",
        "groups": {},
        "checks": {
                "status 2xx": {
                    "name": "status 2xx",
                    "path": "::status 2xx",
                    "id": "5bf9cd1e387741ed8e40bbdbca9b6c92",
                    "passes": 23392,
                    "fails": 0
                }
            }
    },
    "metrics": {
        "http_req_blocked": {
            "p(95)": 0.008410300000000025,
            "avg": 0.007399050701094394,
            "min": 0.002045,
            "med": 0.002962,
            "max": 51.481742,
            "p(90)": 0.004332
        },
        "http_req_waiting": {
            "p(90)": 35.7973811,
            "p(95)": 43.541540600000005,
            "avg": 29.656853592895015,
            "min": 3.440469,
            "med": 30.580323,
            "max": 177.569411
        },
        "http_req_receiving": {
            "avg": 0.04173370669459625,
            "min": 0.013549,
            "med": 0.0307135,
            "max": 3.458174,
            "p(90)": 0.06454550000000002,
            "p(95)": 0.09552390000000005
        },
        "http_req_connecting": {
            "p(90)": 0,
            "p(95)": 0,
            "avg": 0.002640137995896033,
            "min": 0,
            "med": 0,
            "max": 50.58044
        },
        "iteration_duration": {
            "max": 177.947927,
            "p(90)": 36.0921977,
            "p(95)": 43.86714105,
            "avg": 29.917518163645767,
            "min": 3.576085,
            "med": 30.828275
        },
        "vus": {
            "value": 1,
            "min": 1,
            "max": 20
        },
        "data_sent": {
            "count": 15194237,
            "rate": 379831.9229934751
        },
        "http_reqs": {
            "count": 23392,
            "rate": 584.763048165128
        },
        "http_req_tls_handshaking": {
            "max": 0,
            "p(90)": 0,
            "p(95)": 0,
            "avg": 0,
            "min": 0,
            "med": 0
        },
        "data_received": {
            "count": 1497088,
            "rate": 37424.83508256819
        },
        "rest_insert_success_rate": {
            "fails": 0,
            "passes": 23392,
            "thresholds": {
                "rate>0.99": false
            },
            "value": 1
        },
        "http_req_duration{expected_response:true}": {
            "med": 30.6453695,
            "max": 177.668761,
            "p(90)": 35.88596270000001,
            "p(95)": 43.611817550000005,
            "avg": 29.72447847323877,
            "min": 3.477751
        },
        "checks": {
            "passes": 23392,
            "fails": 0,
            "value": 1
        },
        "vus_max": {
            "value": 20,
            "min": 20,
            "max": 20
        },
        "http_req_failed": {
            "passes": 0,
            "fails": 23392,
            "thresholds": {
                "rate<0.01": false
            },
            "value": 0
        },
        "rest_insert_latency_ms": {
            "avg": 29.72447847323877,
            "min": 3.477751,
            "med": 30.6453695,
            "max": 177.668761,
            "p(90)": 35.88596270000001,
            "p(95)": 43.611817550000005,
            "thresholds": {
                "p(95)<8000": false
            }
        },
        "http_req_duration": {
            "avg": 29.72447847323877,
            "min": 3.477751,
            "med": 30.6453695,
            "max": 177.668761,
            "p(90)": 35.88596270000001,
            "p(95)": 43.611817550000005
        },
        "iterations": {
            "count": 23392,
            "rate": 584.763048165128
        },
        "http_req_sending": {
            "avg": 0.02589117364911062,
            "min": 0.008328,
            "med": 0.018311,
            "max": 5.356509,
            "p(90)": 0.04766340000000001,
            "p(95)": 0.07657725
        }
    }
}