{
    "metrics": {
        "http_req_connecting": {
            "min": 0,
            "med": 0,
            "max": 1.824102,
            "p(90)": 0,
            "p(95)": 0,
            "avg": 0.0020696929290366234
        },
        "http_req_tls_handshaking": {
            "avg": 0,
            "min": 0,
            "med": 0,
            "max": 0,
            "p(90)": 0,
            "p(95)": 0
        },
        "iterations": {
            "count": 70938,
            "rate": 1773.3570985210047
        },
        "http_req_receiving": {
            "p(95)": 0.07705674999999962,
            "avg": 0.04176630787448192,
            "min": 0.009959,
            "med": 0.030868,
            "max": 6.230228,
            "p(90)": 0.053585900000000006
        },
        "http_req_blocked": {
            "med": 0.002635,
            "max": 3.016228,
            "p(90)": 0.00373,
            "p(95)": 0.004651,
            "avg": 0.0063563198144859275,
            "min": 0.001096
        },
        "http_req_failed": {
            "passes": 0,
            "fails": 70938,
            "thresholds": {
                "rate<0.01": false
            },
            "value": 0
        },
        "checks": {
            "passes": 70938,
            "fails": 0,
            "value": 1
        },
        "data_sent": {
            "count": 92024048,
            "rate": 2300480.6839132435
        },
        "http_req_waiting": {
            "min": 2.198563,
            "med": 8.6792775,
            "max": 430.467119,
            "p(90)": 14.359568200000002,
            "p(95)": 16.809559599999996,
            "avg": 9.64157562120425
        },
        "rest_insert_latency_ms": {
            "p(90)": 14.4121646,
            "p(95)": 16.867654249999994,
            "avg": 9.699887157898452,
            "min": 2.236759,
            "med": 8.7428575,
            "max": 430.517762,
            "thresholds": {
                "p(95)<8000": false
            }
        },
        "rest_insert_success_rate": {
            "passes": 70938,
            "fails": 0,
            "thresholds": {
                "rate>0.99": false
            },
            "value": 1
        },
        "data_received": {
            "count": 20307415,
            "rate": 507658.7801018062
        },
        "vus": {
            "value": 1,
            "min": 1,
            "max": 20
        },
        "http_req_duration{expected_response:true}": {
            "p(90)": 14.4121646,
            "p(95)": 16.867654249999994,
            "avg": 9.699887157898452,
            "min": 2.236759,
            "med": 8.7428575,
            "max": 430.517762
        },
        "vus_max": {
            "value": 20,
            "min": 20,
            "max": 20
        },
        "iteration_duration": {
            "max": 430.634327,
            "p(90)": 14.5703409,
            "p(95)": 17.02970154999999,
            "avg": 9.856711465110473,
            "min": 2.383352,
            "med": 8.9016945
        },
        "http_req_duration": {
            "med": 8.7428575,
            "max": 430.517762,
            "p(90)": 14.4121646,
            "p(95)": 16.867654249999994,
            "avg": 9.699887157898452,
            "min": 2.236759
        },
        "http_req_sending": {
            "avg": 0.016545228819532683,
            "min": 0.005263,
            "med": 0.010502,
            "max": 2.589996,
            "p(90)": 0.0216923,
            "p(95)": 0.03349029999999999
        },
        "http_reqs": {
            "count": 70938,
            "rate": 1773.3570985210047
        }
    },
    "root_group": {
        "checks": {
            "status 2xx": {
                "passes": 70938,
                "fails": 0,
                "name": "status 2xx",
                "path": "::status 2xx",
                "id": "5bf9cd1e387741ed8e40bbdbca9b6c92"
            }
        },
        "name": "",
        "path": "",
        "id": "d41d8cd98f00b204e9800998ecf8427e",
        "groups": {}
    }
}