{
    "root_group": {
        "name": "",
        "path": "",
        "id": "d41d8cd98f00b204e9800998ecf8427e",
        "groups": {},
        "checks": {
                "status 2xx": {
                    "id": "5bf9cd1e387741ed8e40bbdbca9b6c92",
                    "passes": 18879,
                    "fails": 0,
                    "name": "status 2xx",
                    "path": "::status 2xx"
                }
            }
    },
    "metrics": {
        "data_sent": {
            "count": 12260812,
            "rate": 306428.1997793995
        },
        "http_req_connecting": {
            "min": 0,
            "med": 0,
            "max": 1.152943,
            "p(90)": 0,
            "p(95)": 0,
            "avg": 0.0008856712749615975
        },
        "http_req_duration{expected_response:true}": {
            "p(95)": 61.86973039999998,
            "avg": 36.8177115868956,
            "min": 3.556082,
            "med": 33.982595,
            "max": 271.013685,
            "p(90)": 48.709307400000014
        },
        "rest_insert_latency_ms": {
            "p(95)": 61.86973039999998,
            "avg": 36.8177115868956,
            "min": 3.556082,
            "med": 33.982595,
            "max": 271.013685,
            "p(90)": 48.709307400000014,
            "thresholds": {
                "p(95)<8000": false
            }
        },
        "http_req_waiting": {
            "med": 33.907853,
            "max": 270.935636,
            "p(90)": 48.60148380000001,
            "p(95)": 61.77766969999994,
            "avg": 36.7284088150327,
            "min": 3.516679
        },
        "http_req_duration": {
            "p(90)": 48.709307400000014,
            "p(95)": 61.86973039999998,
            "avg": 36.8177115868956,
            "min": 3.556082,
            "med": 33.982595,
            "max": 271.013685
        },
        "iteration_duration": {
            "avg": 37.07262553540976,
            "min": 3.663256,
            "med": 34.213089,
            "max": 271.341378,
            "p(90)": 48.9861626,
            "p(95)": 62.1174849
        },
        "http_req_sending": {
            "p(90)": 0.059170600000000004,
            "p(95)": 0.09311939999999999,
            "avg": 0.033331625244981254,
            "min": 0.007992,
            "med": 0.022235,
            "max": 4.94705
        },
        "vus_max": {
            "value": 20,
            "min": 20,
            "max": 20
        },
        "rest_insert_success_rate": {
            "passes": 18879,
            "fails": 0,
            "thresholds": {
                "rate>0.99": false
            },
            "value": 1
        },
        "http_req_receiving": {
            "avg": 0.055971146617934946,
            "min": 0.013632,
            "med": 0.038802,
            "max": 5.743578,
            "p(90)": 0.09503440000000003,
            "p(95)": 0.14486839999999968
        },
        "http_req_failed": {
            "passes": 0,
            "fails": 18879,
            "thresholds": {
                "rate<0.01": false
            },
            "value": 0
        },
        "http_req_blocked": {
            "avg": 0.007257193177604741,
            "min": 0.00185,
            "med": 0.003676,
            "max": 2.468231,
            "p(90)": 0.006806200000000001,
            "p(95)": 0.011156299999999982
        },
        "http_req_tls_handshaking": {
            "avg": 0,
            "min": 0,
            "med": 0,
            "max": 0,
            "p(90)": 0,
            "p(95)": 0
        },
        "checks": {
            "passes": 18879,
            "fails": 0,
            "value": 1
        },
        "vus": {
            "min": 1,
            "max": 20,
            "value": 1
        },
        "http_reqs": {
            "count": 18879,
            "rate": 471.8331855700327
        },
        "data_received": {
            "count": 1208256,
            "rate": 30197.323876482093
        },
        "iterations": {
            "count": 18879,
            "rate": 471.8331855700327
        }
    }
}