{
    "metrics": {
        "http_req_receiving": {
            "avg": 0.0945728388714582,
            "min": 0.0119,
            "med": 0.040349,
            "max": 21.071988,
            "p(90)": 0.09427050000000001,
            "p(95)": 0.2064095
        },
        "http_reqs": {
            "rate": 2915.874906082901,
            "count": 116646
        },
        "http_req_blocked": {
            "max": 28.048559,
            "p(90)": 0.005458,
            "p(95)": 0.00723725,
            "avg": 0.009583676251221671,
            "min": 0.001093,
            "med": 0.00309
        },
        "http_req_sending": {
            "p(90)": 0.0246905,
            "p(95)": 0.044996,
            "avg": 0.025562358940726643,
            "min": 0.004506,
            "med": 0.010457,
            "max": 7.484508
        },
        "http_req_tls_handshaking": {
            "min": 0,
            "med": 0,
            "max": 0,
            "p(90)": 0,
            "p(95)": 0,
            "avg": 0
        },
        "data_received": {
            "count": 254517472,
            "rate": 6362336.554742189
        },
        "iterations": {
            "count": 116646,
            "rate": 2915.874906082901
        },
        "http_req_failed": {
            "passes": 0,
            "fails": 116646,
            "thresholds": {
                "rate<0.01": false
            },
            "value": 0
        },
        "data_sent": {
            "count": 153156198,
            "rate": 3828543.7516868487
        },
        "http_req_duration{expected_response:true}": {
            "avg": 5.607587291660289,
            "min": 1.622616,
            "med": 4.9970415,
            "max": 161.129869,
            "p(90)": 8.5989725,
            "p(95)": 10.299434250000001
        },
        "iteration_duration": {
            "med": 5.33786,
            "max": 161.464446,
            "p(90)": 9.118017,
            "p(95)": 10.852228,
            "avg": 5.985849687739016,
            "min": 1.894592
        },
        "vus": {
            "max": 20,
            "value": 1,
            "min": 1
        },
        "http_req_duration": {
            "avg": 5.607587291660289,
            "min": 1.622616,
            "med": 4.9970415,
            "max": 161.129869,
            "p(90)": 8.5989725,
            "p(95)": 10.299434250000001
        },
        "vus_max": {
            "value": 20,
            "min": 20,
            "max": 20
        },
        "http_req_waiting": {
            "avg": 5.4874520938480025,
            "min": 1.569867,
            "med": 4.896796500000001,
            "max": 161.042582,
            "p(90)": 8.404858,
            "p(95)": 10.10852375
        },
        "rest_select_success_rate": {
            "passes": 116646,
            "fails": 0,
            "thresholds": {
                "rate>0.99": false
            },
            "value": 1
        },
        "http_req_connecting": {
            "avg": 0.0032125391269310576,
            "min": 0,
            "med": 0,
            "max": 5.695895,
            "p(90)": 0,
            "p(95)": 0
        },
        "rest_select_latency_ms": {
            "min": 1.622616,
            "med": 4.9970415,
            "max": 161.129869,
            "p(90)": 8.5989725,
            "p(95)": 10.299434250000001,
            "avg": 5.607587291660289,
            "thresholds": {
                "p(95)<5000": false
            }
        },
        "checks": {
            "passes": 233292,
            "fails": 0,
            "value": 1
        }
    },
    "root_group": {
        "name": "",
        "path": "",
        "id": "d41d8cd98f00b204e9800998ecf8427e",
        "groups": {},
        "checks": {
                "status 200": {
                    "passes": 116646,
                    "fails": 0,
                    "name": "status 200",
                    "path": "::status 200",
                    "id": "fad9fa412b86fcb03bee97c80dcd61f1"
                },
                "body is non-empty array": {
                    "name": "body is non-empty array",
                    "path": "::body is non-empty array",
                    "id": "4a612b9605825888f90f82b3870dfa0a",
                    "passes": 116646,
                    "fails": 0
                }
            }
    }
}