{"root_group":{"name":"","path":"","id":"d41d8cd98f00b204e9800998ecf8427e","groups":{},"checks":{"upload small: 2xx":{"name":"upload small: 2xx","path":"::upload small: 2xx","id":"9b78e7f8d042046407ce2843b9099f47","passes":338,"fails":8482},"upload large: 2xx":{"passes":338,"fails":0,"name":"upload large: 2xx","path":"::upload large: 2xx","id":"913fbb8ef39ab0a4099ac11b8bdac29a"},"download small: 200":{"path":"::download small: 200","id":"55be9db100b79a8c7487de0023a297bd","passes":338,"fails":0,"name":"download small: 200"},"download small: exact size":{"name":"download small: exact size","path":"::download small: exact size","id":"70e0ea1870a9f7e3913e05e679827c31","passes":338,"fails":0},"download large: 200":{"name":"download large: 200","path":"::download large: 200","id":"cfab91118480a59b6fa810589e9e3b56","passes":338,"fails":0},"download large: exact size":{"id":"7b6f24557fbf84980cfa4dc2883a0090","passes":338,"fails":0,"name":"download large: exact size","path":"::download large: exact size"}}},"metrics":{"http_req_sending":{"avg":0.20024912944885123,"min":0.007426,"med":0.088126,"max":3.769938,"p(90)":0.5083133000000001,"p(95)":0.6661366000000002},"data_sent":{"count":937805540,"rate":23438920.99337383},"storage_download_success_rate":{"fails":0,"passes":676,"thresholds":{"rate>0.99":false},"value":1},"data_received":{"count":379945352,"rate":9496114.82069898},"vus":{"value":2,"min":2,"max":20},"checks":{"passes":2028,"fails":8482,"value":0.19295908658420552},"http_req_duration{expected_response:true}":{"min":3.839585,"med":119.347704,"max":418.871615,"p(90)":242.32184520000004,"p(95)":284.748012,"avg":128.14074791715944},"http_req_receiving":{"min":0.018346,"med":0.06364449999999999,"max":98.088802,"p(90)":0.1250620000000001,"p(95)":0.24942740000000063,"avg":1.3797397179174296},"storage_upload_errors":{"count":8482,"rate":211.99376564335165},"iterations":{"count":8820,"rate":220.44152475528904},"storage_upload_success_rate":{"passes":676,"fails":8482,"thresholds":{"rate>0.99":true},"value":0.07381524350294824},"http_req_failed":{"passes":8482,"fails":1352,"thresholds":{"rate<0.01":true},"value":0.8625177954037014},"storage_upload_latency_large_ms":{"med":214.84817950000001,"max":409.617699,"p(90)":296.721223,"p(95)":327.7351184,"avg":193.61620083431953,"min":14.128136,"thresholds":{"p(95)<30000":false}},"storage_upload_latency_small_ms":{"p(95)":100.37588819999999,"avg":63.937316599092924,"min":4.242958,"med":65.032855,"max":293.751455,"p(90)":85.04936370000001,"thresholds":{"p(95)<10000":false}},"http_req_tls_handshaking":{"p(95)":0,"avg":0,"min":0,"med":0,"max":0,"p(90)":0},"http_req_waiting":{"min":3.735483,"med":65.36447150000001,"max":409.065803,"p(90)":98.70800130000008,"p(95)":139.64835820000002,"avg":69.62736910860278},"iteration_duration":{"p(90)":86.94404010000001,"p(95)":108.21529854999994,"avg":79.69425638242639,"min":4.515499,"med":65.4014795,"max":1186.516186},"storage_download_latency_small_ms":{"p(95)":107.51293614999999,"avg":62.39520431952654,"min":3.839585,"med":67.127729,"max":225.351525,"p(90)":97.8023734,"thresholds":{"p(95)<10000":false}},"http_req_blocked":{"max":2.943516,"p(90)":0.00595,"p(95)":0.008015750000000002,"avg":0.007899051555826715,"min":0.001832,"med":0.003806},"vus_max":{"min":20,"max":20,"value":20},"storage_download_latency_large_ms":{"p(95)":248.47181749999964,"avg":147.32003193195285,"min":7.339415,"med":163.247513,"max":418.871615,"p(90)":232.568477,"thresholds":{"p(95)<30000":false}},"http_req_duration":{"min":3.839585,"med":65.64052699999999,"max":418.871615,"p(90)":100.4437887,"p(95)":155.35883195,"avg":71.2073579559693},"http_req_connecting":{"avg":0.0022374628838722796,"min":0,"med":0,"max":2.830288,"p(90)":0,"p(95)":0},"http_reqs":{"count":9834,"rate":245.78480209110117}},"__bench_threshold_failed":true,"__bench_target":"supabase"}