{"root_group":{"groups":{},"checks":{"upload small: 2xx":{"name":"upload small: 2xx","path":"::upload small: 2xx","id":"9b78e7f8d042046407ce2843b9099f47","passes":680,"fails":6123},"upload large: 2xx":{"name":"upload large: 2xx","path":"::upload large: 2xx","id":"913fbb8ef39ab0a4099ac11b8bdac29a","passes":680,"fails":0},"download small: 200":{"name":"download small: 200","path":"::download small: 200","id":"55be9db100b79a8c7487de0023a297bd","passes":680,"fails":0},"download small: exact size":{"path":"::download small: exact size","id":"70e0ea1870a9f7e3913e05e679827c31","passes":680,"fails":0,"name":"download small: exact size"},"download large: 200":{"name":"download large: 200","path":"::download large: 200","id":"cfab91118480a59b6fa810589e9e3b56","passes":680,"fails":0},"download large: exact size":{"name":"download large: exact size","path":"::download large: exact size","id":"7b6f24557fbf84980cfa4dc2883a0090","passes":680,"fails":0}},"name":"","path":"","id":"d41d8cd98f00b204e9800998ecf8427e"},"metrics":{"storage_download_latency_small_ms":{"avg":61.37229535147052,"min":3.751928,"med":62.306056999999996,"max":188.605434,"p(90)":90.7039369,"p(95)":98.16682554999997,"thresholds":{"p(95)<10000":false}},"http_req_blocked":{"p(95)":0.007961099999999997,"avg":0.008441410041841044,"min":0.001754,"med":0.00396,"max":3.09521,"p(90)":0.00599},"data_received":{"count":760678342,"rate":19008479.960552406},"iterations":{"count":6803,"rate":169.9991731480611},"http_req_failed":{"passes":6123,"fails":2720,"thresholds":{"rate<0.01":true},"value":0.6924120773493159},"http_req_sending":{"p(90)":0.542535,"p(95)":0.7244459,"avg":0.21541857570960118,"min":0.005486,"med":0.087416,"max":6.537679},"http_req_receiving":{"min":0.018826,"med":0.06569,"max":98.839071,"p(90)":0.20612420000000004,"p(95)":31.704915599999925,"avg":2.888804415356778},"http_req_duration{expected_response:true}":{"avg":126.14020581507344,"min":3.751928,"med":122.053093,"max":455.754278,"p(90)":221.76690089999997,"p(95)":250.46021074999987},"storage_upload_latency_large_ms":{"p(90)":277.2680855,"p(95)":294.8483528,"avg":192.79364268529423,"min":13.65553,"med":206.0894515,"max":455.754278,"thresholds":{"p(95)<30000":false}},"http_req_connecting":{"med":0,"max":1.084812,"p(90)":0,"p(95)":0,"avg":0.002261524821893022,"min":0},"storage_download_success_rate":{"passes":1360,"fails":0,"thresholds":{"rate>0.99":false},"value":1},"storage_upload_success_rate":{"passes":1360,"fails":6123,"thresholds":{"rate>0.99":true},"value":0.18174528932246425},"http_reqs":{"count":8843,"rate":220.9764351239606},"checks":{"passes":4080,"fails":6123,"value":0.39988238753307853},"storage_upload_errors":{"count":6123,"rate":153.0067524894279},"http_req_waiting":{"max":454.735546,"p(90)":136.1659514,"p(95)":191.98534729999997,"avg":76.04834726800851,"min":2.79111,"med":64.059128},"data_sent":{"count":1163644690,"rate":29078147.16127177},"iteration_duration":{"avg":103.24791409686858,"min":3.465864,"med":63.0943,"max":1112.329375,"p(90)":108.05050460000001,"p(95)":538.4017590999999},"vus":{"min":2,"max":20,"value":2},"vus_max":{"value":20,"min":20,"max":20},"storage_upload_latency_small_ms":{"p(95)":115.17438719999993,"avg":63.229118875349144,"min":3.254051,"med":62.476904,"max":255.288259,"p(90)":89.7662778,"thresholds":{"p(95)<10000":false}},"http_req_tls_handshaking":{"p(90)":0,"p(95)":0,"avg":0,"min":0,"med":0,"max":0},"http_req_duration":{"max":455.754278,"p(90)":159.6085198,"p(95)":205.51031519999998,"avg":79.15257025907518,"min":3.254051,"med":64.33893},"storage_download_latency_large_ms":{"avg":142.59653709852938,"min":7.117986,"med":150.3881,"max":349.542167,"p(90)":215.8437483,"p(95)":229.97452614999997,"thresholds":{"p(95)<30000":false}}},"__bench_threshold_failed":true,"__bench_target":"supabase"}