{"root_group":{"checks":{"upload small: 2xx":{"name":"upload small: 2xx","path":"::upload small: 2xx","id":"9b78e7f8d042046407ce2843b9099f47","passes":545,"fails":7029},"upload large: 2xx":{"path":"::upload large: 2xx","id":"913fbb8ef39ab0a4099ac11b8bdac29a","passes":545,"fails":0,"name":"upload large: 2xx"},"download small: 200":{"fails":0,"name":"download small: 200","path":"::download small: 200","id":"55be9db100b79a8c7487de0023a297bd","passes":545},"download small: exact size":{"fails":0,"name":"download small: exact size","path":"::download small: exact size","id":"70e0ea1870a9f7e3913e05e679827c31","passes":545},"download large: 200":{"path":"::download large: 200","id":"cfab91118480a59b6fa810589e9e3b56","passes":545,"fails":0,"name":"download large: 200"},"download large: exact size":{"name":"download large: exact size","path":"::download large: exact size","id":"7b6f24557fbf84980cfa4dc2883a0090","passes":545,"fails":0}},"name":"","path":"","id":"d41d8cd98f00b204e9800998ecf8427e","groups":{}},"metrics":{"data_received":{"count":610380668,"rate":15255737.873179879},"storage_upload_latency_large_ms":{"p(95)":306.45530799999995,"avg":191.67130538532123,"min":16.224012,"med":205.617206,"max":394.305898,"p(90)":284.4972628,"thresholds":{"p(95)<30000":false}},"storage_upload_success_rate":{"passes":1090,"fails":7029,"thresholds":{"rate>0.99":true},"value":0.13425298682103706},"iteration_duration":{"avg":92.82011404937923,"min":4.510969,"med":65.04862,"max":961.913134,"p(90)":93.97509299999999,"p(95)":495.0412592499999},"storage_download_latency_small_ms":{"avg":60.73512498165133,"min":4.689323,"med":65.235375,"max":138.531674,"p(90)":90.7275494,"p(95)":98.95037799999996,"thresholds":{"p(95)<10000":false}},"http_req_duration":{"p(90)":137.9174106,"p(95)":195.217501,"avg":76.07371921348646,"min":4.247031,"med":65.667418,"max":394.305898},"http_req_tls_handshaking":{"avg":0,"min":0,"med":0,"max":0,"p(90)":0,"p(95)":0},"http_req_sending":{"avg":0.20886383809317002,"min":0.007185,"med":0.085828,"max":7.422628,"p(90)":0.5211528000000002,"p(95)":0.6968344000000001},"vus_max":{"value":20,"min":20,"max":20},"http_req_connecting":{"avg":0.0018117924856119005,"min":0,"med":0,"max":0.751649,"p(90)":0,"p(95)":0},"storage_download_latency_large_ms":{"p(90)":224.54256260000002,"p(95)":234.8649044,"avg":146.21994023119265,"min":8.304605,"med":158.74163,"max":293.090784,"thresholds":{"p(95)<30000":false}},"http_reqs":{"count":9209,"rate":230.1679876829151},"http_req_blocked":{"max":0.921035,"p(90)":0.005992400000000001,"p(95)":0.007926600000000002,"avg":0.007510666196112511,"min":0.001831,"med":0.003785},"checks":{"passes":3270,"fails":7029,"value":0.3175065540343723},"http_req_waiting":{"med":65.375395,"max":393.832275,"p(90)":119.1430396,"p(95)":170.444558,"avg":73.54567496992081,"min":3.255216},"storage_upload_errors":{"count":7029,"rate":175.68148392042679},"iterations":{"count":7574,"rate":189.30310986104888},"http_req_receiving":{"avg":2.319180405472906,"min":0.018243,"med":0.062947,"max":91.254375,"p(90)":0.15196780000000001,"p(95)":14.988803800000085},"data_sent":{"count":1072833527,"rate":26814196.332756475},"storage_download_success_rate":{"passes":1090,"fails":0,"thresholds":{"rate>0.99":false},"value":1},"vus":{"value":2,"min":2,"max":20},"storage_upload_latency_small_ms":{"min":4.247031,"med":64.6105245,"max":223.243454,"p(90)":88.3896647,"p(95)":108.07551429999998,"avg":63.811923456693755,"thresholds":{"p(95)<10000":false}},"http_req_failed":{"passes":7029,"fails":2180,"thresholds":{"rate<0.01":true},"value":0.7632750570094473},"http_req_duration{expected_response:true}":{"avg":126.44458931330306,"min":4.689323,"med":115.530876,"max":394.305898,"p(90)":226.9898024,"p(95)":260.61165945}},"__bench_threshold_failed":true,"__bench_target":"supabase"}