{
    "root_group": {
        "checks": {
            "status 2xx": {
                "id": "5bf9cd1e387741ed8e40bbdbca9b6c92",
                "passes": 70387,
                "fails": 0,
                "name": "status 2xx",
                "path": "::status 2xx"
            }
        },
        "name": "",
        "path": "",
        "id": "d41d8cd98f00b204e9800998ecf8427e",
        "groups": {}
    },
    "metrics": {
        "vus": {
            "value": 1,
            "min": 1,
            "max": 20
        },
        "http_req_blocked": {
            "avg": 0.005934215906346398,
            "min": 0.001054,
            "med": 0.002566,
            "max": 2.445084,
            "p(90)": 0.003594,
            "p(95)": 0.004425699999999998
        },
        "http_req_tls_handshaking": {
            "p(95)": 0,
            "avg": 0,
            "min": 0,
            "med": 0,
            "max": 0,
            "p(90)": 0
        },
        "vus_max": {
            "min": 20,
            "max": 20,
            "value": 20
        },
        "http_req_connecting": {
            "min": 0,
            "med": 0,
            "max": 2.381648,
            "p(90)": 0,
            "p(95)": 0,
            "avg": 0.0018362971997670013
        },
        "rest_insert_latency_ms": {
            "avg": 9.78037570329751,
            "min": 2.173388,
            "med": 8.930132,
            "max": 287.821776,
            "p(90)": 14.4831886,
            "p(95)": 16.708953599999997,
            "thresholds": {
                "p(95)<8000": false
            }
        },
        "http_reqs": {
            "rate": 1759.6452314657436,
            "count": 70387
        },
        "http_req_sending": {
            "max": 2.660257,
            "p(90)": 0.021383,
            "p(95)": 0.032777199999999986,
            "avg": 0.01671288104337446,
            "min": 0.005638,
            "med": 0.010463
        },
        "http_req_receiving": {
            "avg": 0.041063141446573366,
            "min": 0.008156,
            "med": 0.030594,
            "max": 4.934699,
            "p(90)": 0.051953400000000004,
            "p(95)": 0.07443849999999999
        },
        "http_req_failed": {
            "passes": 0,
            "fails": 70387,
            "thresholds": {
                "rate<0.01": false
            },
            "value": 0
        },
        "http_req_waiting": {
            "min": 2.13059,
            "med": 8.872873,
            "max": 287.675774,
            "p(90)": 14.426274800000002,
            "p(95)": 16.657354299999998,
            "avg": 9.722599680807473
        },
        "checks": {
            "passes": 70387,
            "fails": 0,
            "value": 1
        },
        "http_req_duration{expected_response:true}": {
            "p(95)": 16.708953599999997,
            "avg": 9.78037570329751,
            "min": 2.173388,
            "med": 8.930132,
            "max": 287.821776,
            "p(90)": 14.4831886
        },
        "iteration_duration": {
            "avg": 9.935527087445083,
            "min": 2.340897,
            "med": 9.084872,
            "max": 288.535394,
            "p(90)": 14.642244,
            "p(95)": 16.876314399999988
        },
        "rest_insert_success_rate": {
            "passes": 70387,
            "fails": 0,
            "thresholds": {
                "rate>0.99": false
            },
            "value": 1
        },
        "data_sent": {
            "count": 90888973,
            "rate": 2272185.8856361075
        },
        "http_req_duration": {
            "avg": 9.78037570329751,
            "min": 2.173388,
            "med": 8.930132,
            "max": 287.821776,
            "p(90)": 14.4831886,
            "p(95)": 16.708953599999997
        },
        "iterations": {
            "count": 70387,
            "rate": 1759.6452314657436
        },
        "data_received": {
            "count": 20150265,
            "rate": 503748.10291703115
        }
    }
}