{
    "metrics": {
        "iterations": {
            "count": 22834,
            "rate": 570.7979989038447
        },
        "http_req_waiting": {
            "med": 30.581259000000003,
            "max": 430.104903,
            "p(90)": 34.1457838,
            "p(95)": 45.66990374999995,
            "avg": 30.407251079486514,
            "min": 3.283114
        },
        "http_req_receiving": {
            "avg": 0.040201294254182,
            "min": 0.015082,
            "med": 0.029006,
            "max": 6.215737,
            "p(90)": 0.059433,
            "p(95)": 0.08811689999999991
        },
        "data_received": {
            "count": 1461376,
            "rate": 36531.07192984606
        },
        "vus_max": {
            "value": 20,
            "min": 20,
            "max": 20
        },
        "http_req_duration{expected_response:true}": {
            "avg": 30.472802641718435,
            "min": 3.314057,
            "med": 30.6462035,
            "max": 430.177187,
            "p(90)": 34.2096056,
            "p(95)": 45.73802309999999
        },
        "http_req_failed": {
            "passes": 0,
            "fails": 22834,
            "thresholds": {
                "rate<0.01": false
            },
            "value": 0
        },
        "data_sent": {
            "rate": 370744.5242655153,
            "count": 14831132
        },
        "rest_insert_latency_ms": {
            "avg": 30.472802641718435,
            "min": 3.314057,
            "med": 30.6462035,
            "max": 430.177187,
            "p(90)": 34.2096056,
            "p(95)": 45.73802309999999,
            "thresholds": {
                "p(95)<8000": false
            }
        },
        "http_req_sending": {
            "avg": 0.025350267977577317,
            "min": 0.008577,
            "med": 0.0174045,
            "max": 2.455242,
            "p(90)": 0.04707350000000002,
            "p(95)": 0.07683705
        },
        "http_reqs": {
            "count": 22834,
            "rate": 570.7979989038447
        },
        "http_req_blocked": {
            "max": 2.126125,
            "p(90)": 0.004077,
            "p(95)": 0.008392399999999994,
            "avg": 0.005380769816939644,
            "min": 0.002019,
            "med": 0.00285
        },
        "iteration_duration": {
            "med": 30.820765,
            "max": 430.379539,
            "p(90)": 34.397954,
            "p(95)": 45.92971944999998,
            "avg": 30.655880968730784,
            "min": 3.409208
        },
        "rest_insert_success_rate": {
            "passes": 22834,
            "fails": 0,
            "thresholds": {
                "rate>0.99": false
            },
            "value": 1
        },
        "http_req_duration": {
            "med": 30.6462035,
            "max": 430.177187,
            "p(90)": 34.2096056,
            "p(95)": 45.73802309999999,
            "avg": 30.472802641718435,
            "min": 3.314057
        },
        "http_req_connecting": {
            "p(95)": 0,
            "avg": 0.0005849333450118244,
            "min": 0,
            "med": 0,
            "max": 1.621078,
            "p(90)": 0
        },
        "http_req_tls_handshaking": {
            "avg": 0,
            "min": 0,
            "med": 0,
            "max": 0,
            "p(90)": 0,
            "p(95)": 0
        },
        "checks": {
            "passes": 22834,
            "fails": 0,
            "value": 1
        },
        "vus": {
            "value": 1,
            "min": 1,
            "max": 20
        }
    },
    "root_group": {
        "name": "",
        "path": "",
        "id": "d41d8cd98f00b204e9800998ecf8427e",
        "groups": {},
        "checks": {
                "status 2xx": {
                    "name": "status 2xx",
                    "path": "::status 2xx",
                    "id": "5bf9cd1e387741ed8e40bbdbca9b6c92",
                    "passes": 22834,
                    "fails": 0
                }
            }
    }
}