{
    "root_group": {
        "name": "",
        "path": "",
        "id": "d41d8cd98f00b204e9800998ecf8427e",
        "groups": {},
        "checks": {
                "status 200": {
                    "name": "status 200",
                    "path": "::status 200",
                    "id": "fad9fa412b86fcb03bee97c80dcd61f1",
                    "passes": 29403,
                    "fails": 0
                },
                "body is non-empty array": {
                    "name": "body is non-empty array",
                    "path": "::body is non-empty array",
                    "id": "4a612b9605825888f90f82b3870dfa0a",
                    "passes": 29403,
                    "fails": 0
                }
            }
    },
    "metrics": {
        "http_req_waiting": {
            "p(90)": 15.391444599999998,
            "p(95)": 17.126704099999998,
            "p(99)": 22.493363339999984,
            "max": 104.353882,
            "avg": 12.203380896575162,
            "min": 7.967075,
            "med": 11.419297
        },
        "vus": {
            "value": 1,
            "min": 1,
            "max": 20
        },
        "rest_select_success_rate": {
            "fails": 0,
            "passes": 29403,
            "thresholds": {
                "rate>0.99": false
            },
            "value": 1
        },
        "vus_max": {
            "value": 20,
            "min": 20,
            "max": 20
        },
        "iteration_duration": {
            "avg": 23.78939960276156,
            "min": 11.659144,
            "med": 22.516126,
            "p(90)": 32.6412854,
            "p(95)": 36.0362614,
            "p(99)": 44.633325619999994,
            "max": 123.9945
        },
        "data_sent": {
            "rate": 965790.1490944086,
            "count": 38635542
        },
        "iterations": {
            "count": 29403,
            "rate": 735.0001134660644
        },
        "http_req_blocked": {
            "avg": 0.02558149784035639,
            "min": 0.001784,
            "med": 0.004671,
            "p(90)": 0.007747799999999999,
            "p(95)": 0.012569799999999996,
            "p(99)": 0.7230374599999992,
            "max": 11.168538
        },
        "http_req_connecting": {
            "avg": 0.011448412712988475,
            "min": 0,
            "med": 0,
            "p(90)": 0,
            "p(95)": 0,
            "p(99)": 0.5265971399999989,
            "max": 7.781228
        },
        "http_reqs": {
            "count": 29403,
            "rate": 735.0001134660644
        },
        "data_received": {
            "count": 2563574564,
            "rate": 64082834.929045215
        },
        "http_req_receiving": {
            "min": 0.044628,
            "med": 0.179053,
            "p(90)": 2.0659666,
            "p(95)": 3.7840292999999954,
            "p(99)": 7.6592807799999925,
            "max": 45.929651,
            "avg": 0.7295464394789631
        },
        "checks": {
            "passes": 58806,
            "fails": 0,
            "value": 1
        },
        "http_req_tls_handshaking": {
            "med": 0,
            "p(90)": 0,
            "p(95)": 0,
            "p(99)": 0,
            "max": 0,
            "avg": 0,
            "min": 0
        },
        "http_req_failed": {
            "passes": 0,
            "fails": 29403,
            "thresholds": {
                "rate<0.01": false
            },
            "value": 0
        },
        "http_req_duration": {
            "avg": 13.043521769649324,
            "min": 8.138108,
            "med": 12.061443,
            "p(90)": 17.0331606,
            "p(95)": 19.302836999999997,
            "p(99)": 26.259996599999965,
            "max": 106.268737
        },
        "http_req_duration{expected_response:true}": {
            "avg": 13.043521769649324,
            "min": 8.138108,
            "med": 12.061443,
            "p(90)": 17.0331606,
            "p(95)": 19.302836999999997,
            "p(99)": 26.259996599999965,
            "max": 106.268737
        },
        "http_req_sending": {
            "p(95)": 0.1469460999999999,
            "p(99)": 3.5282522399999987,
            "max": 15.651246,
            "avg": 0.110594433595211,
            "min": 0.006424,
            "med": 0.016431,
            "p(90)": 0.053133599999999996
        },
        "rest_select_latency_ms": {
            "p(99)": 26.259996599999965,
            "max": 106.268737,
            "avg": 13.043521769649328,
            "min": 8.138108,
            "med": 12.061443,
            "p(90)": 17.0331606,
            "p(95)": 19.302836999999997,
            "thresholds": {
                "p(95)<5000": false
            }
        }
    }
}