{
    "root_group": {
        "groups": {},
        "checks": {
                "status 200": {
                    "path": "::status 200",
                    "id": "fad9fa412b86fcb03bee97c80dcd61f1",
                    "passes": 33347,
                    "fails": 0,
                    "name": "status 200"
                },
                "body is non-empty array": {
                    "id": "4a612b9605825888f90f82b3870dfa0a",
                    "passes": 33347,
                    "fails": 0,
                    "name": "body is non-empty array",
                    "path": "::body is non-empty array"
                }
            },
        "name": "",
        "path": "",
        "id": "d41d8cd98f00b204e9800998ecf8427e"
    },
    "metrics": {
        "http_reqs": {
            "count": 33347,
            "rate": 833.5936228608297
        },
        "http_req_waiting": {
            "max": 108.173302,
            "avg": 9.124085978558783,
            "min": 5.196837,
            "med": 8.604449,
            "p(90)": 11.579865400000003,
            "p(95)": 12.717173699999998,
            "p(99)": 16.34928966000001
        },
        "http_req_sending": {
            "med": 0.014795,
            "p(90)": 0.04992200000000004,
            "p(95)": 0.1633791,
            "p(99)": 3.733928800000002,
            "max": 19.91973,
            "avg": 0.11408612936696089,
            "min": 0.005245
        },
        "http_req_receiving": {
            "p(90)": 2.9164374000000004,
            "p(95)": 4.80087889999999,
            "p(99)": 8.37748374,
            "max": 26.667233,
            "avg": 0.9081936029927719,
            "min": 0.039647,
            "med": 0.179882
        },
        "rest_select_success_rate": {
            "fails": 0,
            "passes": 33347,
            "thresholds": {
                "rate>0.99": false
            },
            "value": 1
        },
        "data_received": {
            "count": 2897587524,
            "rate": 72432617.0776232
        },
        "http_req_duration": {
            "avg": 10.146365710918476,
            "min": 5.283449,
            "med": 9.361958,
            "p(90)": 13.760775800000001,
            "p(95)": 15.659565599999997,
            "p(99)": 20.907086700000008,
            "max": 118.076747
        },
        "http_req_tls_handshaking": {
            "max": 0,
            "avg": 0,
            "min": 0,
            "med": 0,
            "p(90)": 0,
            "p(95)": 0,
            "p(99)": 0
        },
        "vus_max": {
            "value": 20,
            "min": 20,
            "max": 20
        },
        "http_req_failed": {
            "passes": 0,
            "fails": 33347,
            "thresholds": {
                "rate<0.01": false
            },
            "value": 0
        },
        "http_req_connecting": {
            "p(99)": 0,
            "max": 2.00807,
            "avg": 0.00046680873841724893,
            "min": 0,
            "med": 0,
            "p(90)": 0,
            "p(95)": 0
        },
        "iteration_duration": {
            "avg": 20.97188858266097,
            "min": 8.747015,
            "med": 19.890969,
            "p(90)": 29.217476400000002,
            "p(95)": 32.2866388,
            "p(99)": 40.65530972000004,
            "max": 153.463251
        },
        "iterations": {
            "count": 33347,
            "rate": 833.5936228608297
        },
        "rest_select_latency_ms": {
            "p(95)": 15.659565599999997,
            "p(99)": 20.907086700000008,
            "max": 118.076747,
            "avg": 10.146365710918476,
            "min": 5.283449,
            "med": 9.361958,
            "p(90)": 13.760775800000001,
            "thresholds": {
                "p(95)<5000": false
            }
        },
        "http_req_duration{expected_response:true}": {
            "min": 5.283449,
            "med": 9.361958,
            "p(90)": 13.760775800000001,
            "p(95)": 15.659565599999997,
            "p(99)": 20.907086700000008,
            "max": 118.076747,
            "avg": 10.146365710918476
        },
        "data_sent": {
            "count": 18907749,
            "rate": 472647.5841620904
        },
        "checks": {
            "passes": 66694,
            "fails": 0,
            "value": 1
        },
        "vus": {
            "value": 1,
            "min": 1,
            "max": 20
        },
        "http_req_blocked": {
            "min": 0.001604,
            "med": 0.004412,
            "p(90)": 0.007275400000000001,
            "p(95)": 0.010021699999999996,
            "p(99)": 0.04192282000000007,
            "max": 11.211857,
            "avg": 0.010850436141182092
        }
    }
}