{
    "root_group": {
        "groups": {},
        "checks": {
                "status 200": {
                    "name": "status 200",
                    "path": "::status 200",
                    "id": "fad9fa412b86fcb03bee97c80dcd61f1",
                    "passes": 33334,
                    "fails": 0
                },
                "body is non-empty array": {
                    "id": "4a612b9605825888f90f82b3870dfa0a",
                    "passes": 33334,
                    "fails": 0,
                    "name": "body is non-empty array",
                    "path": "::body is non-empty array"
                }
            },
        "name": "",
        "path": "",
        "id": "d41d8cd98f00b204e9800998ecf8427e"
    },
    "metrics": {
        "http_req_duration{expected_response:true}": {
            "avg": 10.12658126363473,
            "min": 5.19314,
            "med": 9.3287135,
            "p(90)": 13.7181557,
            "p(95)": 15.634008999999995,
            "p(99)": 20.950277059999983,
            "max": 111.907935
        },
        "rest_select_success_rate": {
            "passes": 33334,
            "fails": 0,
            "thresholds": {
                "rate>0.99": false
            },
            "value": 1
        },
        "http_req_tls_handshaking": {
            "max": 0,
            "avg": 0,
            "min": 0,
            "med": 0,
            "p(90)": 0,
            "p(95)": 0,
            "p(99)": 0
        },
        "http_req_sending": {
            "med": 0.01463,
            "p(90)": 0.0507231,
            "p(95)": 0.15499224999999994,
            "p(99)": 3.8499194699999975,
            "max": 17.195363,
            "avg": 0.1156687276054472,
            "min": 0.004572
        },
        "vus_max": {
            "min": 20,
            "max": 20,
            "value": 20
        },
        "checks": {
            "fails": 0,
            "passes": 66668,
            "value": 1
        },
        "data_sent": {
            "count": 18900378,
            "rate": 472486.0642786242
        },
        "http_req_waiting": {
            "max": 111.279367,
            "avg": 9.097560183866337,
            "min": 5.070059,
            "med": 8.5775975,
            "p(90)": 11.5061397,
            "p(95)": 12.680257799999998,
            "p(99)": 16.065140239999987
        },
        "http_req_failed": {
            "passes": 0,
            "fails": 33334,
            "thresholds": {
                "rate<0.01": false
            },
            "value": 0
        },
        "data_received": {
            "count": 2896457928,
            "rate": 72407864.36913265
        },
        "http_reqs": {
            "count": 33334,
            "rate": 833.3087553414889
        },
        "http_req_receiving": {
            "med": 0.1810715,
            "p(90)": 2.8994396000000004,
            "p(95)": 4.751522749999999,
            "p(99)": 8.490255339999992,
            "max": 18.723387,
            "avg": 0.9133523521629612,
            "min": 0.038998
        },
        "vus": {
            "min": 1,
            "max": 20,
            "value": 1
        },
        "http_req_blocked": {
            "avg": 0.010666983320333678,
            "min": 0.001691,
            "med": 0.004433,
            "p(90)": 0.007022700000000001,
            "p(95)": 0.009752699999999998,
            "p(99)": 0.04337811999999994,
            "max": 17.609914
        },
        "iteration_duration": {
            "min": 8.63871,
            "med": 19.9468385,
            "p(90)": 29.2012011,
            "p(95)": 32.275045549999994,
            "p(99)": 40.16616490999977,
            "max": 130.967203,
            "avg": 20.98093785801286
        },
        "http_req_connecting": {
            "avg": 0.0010435065998680027,
            "min": 0,
            "med": 0,
            "p(90)": 0,
            "p(95)": 0,
            "p(99)": 0,
            "max": 17.529147
        },
        "iterations": {
            "count": 33334,
            "rate": 833.3087553414889
        },
        "http_req_duration": {
            "p(99)": 20.950277059999983,
            "max": 111.907935,
            "avg": 10.12658126363473,
            "min": 5.19314,
            "med": 9.3287135,
            "p(90)": 13.7181557,
            "p(95)": 15.634008999999995
        },
        "rest_select_latency_ms": {
            "p(99)": 20.950277059999983,
            "max": 111.907935,
            "avg": 10.12658126363473,
            "min": 5.19314,
            "med": 9.3287135,
            "p(90)": 13.7181557,
            "p(95)": 15.634008999999995,
            "thresholds": {
                "p(95)<5000": false
            }
        }
    }
}