{
    "metrics": {
        "http_req_failed": {
            "passes": 0,
            "fails": 33525,
            "thresholds": {
                "rate<0.01": false
            },
            "value": 0
        },
        "data_sent": {
            "rate": 475213.4558985865,
            "count": 19008675
        },
        "http_req_duration": {
            "avg": 10.101272390275863,
            "min": 5.28201,
            "med": 9.300865,
            "p(90)": 13.650153200000002,
            "p(95)": 15.494532,
            "p(99)": 20.597131120000025,
            "max": 96.078603
        },
        "rest_select_success_rate": {
            "passes": 33525,
            "fails": 0,
            "thresholds": {
                "rate>0.99": false
            },
            "value": 1
        },
        "http_req_connecting": {
            "med": 0,
            "p(90)": 0,
            "p(95)": 0,
            "p(99)": 0,
            "max": 1.495922,
            "avg": 0.0004257307382550336,
            "min": 0
        },
        "http_req_tls_handshaking": {
            "min": 0,
            "med": 0,
            "p(90)": 0,
            "p(95)": 0,
            "p(99)": 0,
            "max": 0,
            "avg": 0
        },
        "checks": {
            "passes": 67050,
            "fails": 0,
            "value": 1
        },
        "http_req_receiving": {
            "p(90)": 2.7767282000000035,
            "p(95)": 4.768838199999999,
            "p(99)": 8.305494240000003,
            "max": 20.61217,
            "avg": 0.8907380744220741,
            "min": 0.037923,
            "med": 0.175368
        },
        "http_req_duration{expected_response:true}": {
            "p(95)": 15.494532,
            "p(99)": 20.597131120000025,
            "max": 96.078603,
            "avg": 10.101272390275863,
            "min": 5.28201,
            "med": 9.300865,
            "p(90)": 13.650153200000002
        },
        "http_req_blocked": {
            "max": 9.475326,
            "avg": 0.010819644981357186,
            "min": 0.001533,
            "med": 0.004429,
            "p(90)": 0.007133,
            "p(95)": 0.009820599999999994,
            "p(99)": 0.04256612000000003
        },
        "iterations": {
            "count": 33525,
            "rate": 838.1189698387769
        },
        "rest_select_latency_ms": {
            "p(99)": 20.597131120000025,
            "max": 96.078603,
            "avg": 10.101272390275865,
            "min": 5.28201,
            "med": 9.300865,
            "p(90)": 13.650153200000002,
            "p(95)": 15.494532,
            "thresholds": {
                "p(95)<5000": false
            }
        },
        "http_reqs": {
            "rate": 838.1189698387769,
            "count": 33525
        },
        "data_received": {
            "count": 2913054300,
            "rate": 72825833.52723101
        },
        "vus_max": {
            "value": 20,
            "min": 20,
            "max": 20
        },
        "http_req_sending": {
            "avg": 0.11305460399701799,
            "min": 0.005063,
            "med": 0.014749,
            "p(90)": 0.04891580000000006,
            "p(95)": 0.15463919999999998,
            "p(99)": 3.857675800000006,
            "max": 13.255749
        },
        "http_req_waiting": {
            "avg": 9.097479711856828,
            "min": 5.193325,
            "med": 8.573764,
            "p(90)": 11.4930744,
            "p(95)": 12.681741599999999,
            "p(99)": 15.811758120000013,
            "max": 95.899959
        },
        "vus": {
            "value": 1,
            "min": 1,
            "max": 20
        },
        "iteration_duration": {
            "min": 8.748561,
            "med": 19.825697,
            "p(90)": 29.0382152,
            "p(95)": 32.0697148,
            "p(99)": 39.274276840000006,
            "max": 118.869952,
            "avg": 20.86017660730786
        }
    },
    "root_group": {
        "groups": {},
        "checks": {
                "status 200": {
                    "passes": 33525,
                    "fails": 0,
                    "name": "status 200",
                    "path": "::status 200",
                    "id": "fad9fa412b86fcb03bee97c80dcd61f1"
                },
                "body is non-empty array": {
                    "name": "body is non-empty array",
                    "path": "::body is non-empty array",
                    "id": "4a612b9605825888f90f82b3870dfa0a",
                    "passes": 33525,
                    "fails": 0
                }
            },
        "name": "",
        "path": "",
        "id": "d41d8cd98f00b204e9800998ecf8427e"
    }
}