{
    "metrics": {
        "http_req_duration": {
            "min": 5.094485,
            "med": 9.1462135,
            "p(90)": 13.531910300000002,
            "p(95)": 15.444114799999996,
            "p(99)": 20.678473289999996,
            "max": 109.793372,
            "avg": 9.97213614592701
        },
        "checks": {
            "passes": 67568,
            "fails": 0,
            "value": 1
        },
        "http_req_failed": {
            "passes": 0,
            "fails": 33784,
            "thresholds": {
                "rate<0.01": false
            },
            "value": 0
        },
        "http_req_receiving": {
            "avg": 0.908106622336023,
            "min": 0.037186,
            "med": 0.174965,
            "p(90)": 2.9237783000000004,
            "p(95)": 4.861344199999999,
            "p(99)": 8.560075139999999,
            "max": 30.750886
        },
        "data_received": {
            "count": 2935559328,
            "rate": 73374442.08236325
        },
        "vus": {
            "value": 1,
            "min": 1,
            "max": 20
        },
        "vus_max": {
            "min": 20,
            "max": 20,
            "value": 20
        },
        "http_req_tls_handshaking": {
            "med": 0,
            "p(90)": 0,
            "p(95)": 0,
            "p(99)": 0,
            "max": 0,
            "avg": 0,
            "min": 0
        },
        "iteration_duration": {
            "min": 8.547806,
            "med": 19.651664500000003,
            "p(90)": 28.950263800000005,
            "p(95)": 31.8523766,
            "p(99)": 39.17823367999996,
            "max": 126.036614,
            "avg": 20.69998349147516
        },
        "rest_select_success_rate": {
            "passes": 33784,
            "fails": 0,
            "thresholds": {
                "rate>0.99": false
            },
            "value": 1
        },
        "http_reqs": {
            "count": 33784,
            "rate": 844.4326529756854
        },
        "iterations": {
            "count": 33784,
            "rate": 844.4326529756854
        },
        "http_req_connecting": {
            "avg": 0.0008565264030310207,
            "min": 0,
            "med": 0,
            "p(90)": 0,
            "p(95)": 0,
            "p(99)": 0,
            "max": 4.311791
        },
        "data_sent": {
            "count": 19155528,
            "rate": 478793.3142372136
        },
        "http_req_sending": {
            "med": 0.014512,
            "p(90)": 0.04795610000000001,
            "p(95)": 0.14832394999999987,
            "p(99)": 3.9698110399999975,
            "max": 15.526184,
            "avg": 0.11428224689202059,
            "min": 0.004987
        },
        "http_req_duration{expected_response:true}": {
            "med": 9.1462135,
            "p(90)": 13.531910300000002,
            "p(95)": 15.444114799999996,
            "p(99)": 20.678473289999996,
            "max": 109.793372,
            "avg": 9.97213614592701,
            "min": 5.094485
        },
        "http_req_blocked": {
            "max": 9.720661,
            "avg": 0.012000123668008492,
            "min": 0.001692,
            "med": 0.004353,
            "p(90)": 0.007049700000000001,
            "p(95)": 0.009684749999999978,
            "p(99)": 0.04367923999999987
        },
        "http_req_waiting": {
            "p(99)": 15.50873551999999,
            "max": 108.081351,
            "avg": 8.949747276698968,
            "min": 5.03888,
            "med": 8.455032,
            "p(90)": 11.3029326,
            "p(95)": 12.443106349999997
        },
        "rest_select_latency_ms": {
            "avg": 9.97213614592701,
            "min": 5.094485,
            "med": 9.1462135,
            "p(90)": 13.531910300000002,
            "p(95)": 15.444114799999996,
            "p(99)": 20.678473289999996,
            "max": 109.793372,
            "thresholds": {
                "p(95)<5000": false
            }
        }
    },
    "root_group": {
        "name": "",
        "path": "",
        "id": "d41d8cd98f00b204e9800998ecf8427e",
        "groups": {},
        "checks": {
                "status 200": {
                    "passes": 33784,
                    "fails": 0,
                    "name": "status 200",
                    "path": "::status 200",
                    "id": "fad9fa412b86fcb03bee97c80dcd61f1"
                },
                "body is non-empty array": {
                    "name": "body is non-empty array",
                    "path": "::body is non-empty array",
                    "id": "4a612b9605825888f90f82b3870dfa0a",
                    "passes": 33784,
                    "fails": 0
                }
            }
    }
}