{
    "metrics": {
        "http_req_waiting": {
            "p(99)": 21.946027339999915,
            "max": 118.442709,
            "avg": 12.203389882705535,
            "min": 7.997059,
            "med": 11.4325305,
            "p(90)": 15.293444100000006,
            "p(95)": 16.954202249999998
        },
        "vus_max": {
            "value": 20,
            "min": 20,
            "max": 20
        },
        "http_req_failed": {
            "passes": 0,
            "fails": 29200,
            "thresholds": {
                "rate<0.01": false
            },
            "value": 0
        },
        "http_req_sending": {
            "p(90)": 0.05508940000000001,
            "p(95)": 0.15268174999999976,
            "p(99)": 3.8367700199999835,
            "max": 14.093914,
            "avg": 0.11463173095890371,
            "min": 0.005544,
            "med": 0.0164845
        },
        "http_req_receiving": {
            "p(95)": 4.207405549999999,
            "p(99)": 7.913593499999982,
            "max": 84.469664,
            "avg": 0.7799815460273936,
            "min": 0.044153,
            "med": 0.18218250000000002,
            "p(90)": 2.291464000000001
        },
        "http_req_duration": {
            "avg": 13.09800315969169,
            "min": 8.116869,
            "med": 12.1221955,
            "p(90)": 17.085180100000002,
            "p(95)": 19.35148905,
            "p(99)": 25.46863700999998,
            "max": 118.939181
        },
        "http_req_duration{expected_response:true}": {
            "p(90)": 17.085180100000002,
            "p(95)": 19.35148905,
            "p(99)": 25.46863700999998,
            "max": 118.939181,
            "avg": 13.09800315969169,
            "min": 8.116869,
            "med": 12.1221955
        },
        "http_req_connecting": {
            "max": 8.561079,
            "avg": 0.011212272089041094,
            "min": 0,
            "med": 0,
            "p(90)": 0,
            "p(95)": 0,
            "p(99)": 0.5250840699999985
        },
        "iterations": {
            "count": 29200,
            "rate": 729.7668154384068
        },
        "rest_select_success_rate": {
            "fails": 0,
            "passes": 29200,
            "thresholds": {
                "rate>0.99": false
            },
            "value": 1
        },
        "http_reqs": {
            "count": 29200,
            "rate": 729.7668154384068
        },
        "iteration_duration": {
            "avg": 23.956840785239976,
            "min": 11.538587,
            "med": 22.718190999999997,
            "p(90)": 32.652689699999996,
            "p(95)": 36.008589449999995,
            "p(99)": 44.268060929999976,
            "max": 161.791423
        },
        "rest_select_latency_ms": {
            "avg": 13.098003159691691,
            "min": 8.116869,
            "med": 12.1221955,
            "p(90)": 17.085180100000002,
            "p(95)": 19.35148905,
            "p(99)": 25.46863700999998,
            "max": 118.939181,
            "thresholds": {
                "p(95)<5000": false
            }
        },
        "checks": {
            "passes": 58400,
            "fails": 0,
            "value": 1
        },
        "http_req_blocked": {
            "avg": 0.02491039719178085,
            "min": 0.001693,
            "med": 0.00467,
            "p(90)": 0.007765100000000002,
            "p(95)": 0.01186705,
            "p(99)": 0.7055794999999905,
            "max": 10.129238
        },
        "data_sent": {
            "count": 38368800,
            "rate": 958913.5954860664
        },
        "data_received": {
            "count": 2545875352,
            "rate": 63626553.018225096
        },
        "vus": {
            "value": 1,
            "min": 1,
            "max": 20
        },
        "http_req_tls_handshaking": {
            "p(95)": 0,
            "p(99)": 0,
            "max": 0,
            "avg": 0,
            "min": 0,
            "med": 0,
            "p(90)": 0
        }
    },
    "root_group": {
        "id": "d41d8cd98f00b204e9800998ecf8427e",
        "groups": {},
        "checks": {
                "status 200": {
                    "name": "status 200",
                    "path": "::status 200",
                    "id": "fad9fa412b86fcb03bee97c80dcd61f1",
                    "passes": 29200,
                    "fails": 0
                },
                "body is non-empty array": {
                    "fails": 0,
                    "name": "body is non-empty array",
                    "path": "::body is non-empty array",
                    "id": "4a612b9605825888f90f82b3870dfa0a",
                    "passes": 29200
                }
            },
        "name": "",
        "path": ""
    }
}