{
    "root_group": {
        "id": "d41d8cd98f00b204e9800998ecf8427e",
        "groups": {},
        "checks": {
                "status 200": {
                    "name": "status 200",
                    "path": "::status 200",
                    "id": "fad9fa412b86fcb03bee97c80dcd61f1",
                    "passes": 29086,
                    "fails": 0
                },
                "body is non-empty array": {
                    "name": "body is non-empty array",
                    "path": "::body is non-empty array",
                    "id": "4a612b9605825888f90f82b3870dfa0a",
                    "passes": 29086,
                    "fails": 0
                }
            },
        "name": "",
        "path": ""
    },
    "metrics": {
        "rest_select_latency_ms": {
            "avg": 13.158593013030297,
            "min": 8.118277,
            "med": 12.092055,
            "p(90)": 17.200072,
            "p(95)": 19.54925175,
            "p(99)": 26.41617970000001,
            "max": 119.294625,
            "thresholds": {
                "p(95)<5000": false
            }
        },
        "http_req_receiving": {
            "p(99)": 7.705231000000023,
            "max": 19.240064,
            "avg": 0.7587359890669044,
            "min": 0.044871,
            "med": 0.182258,
            "p(90)": 2.2571025000000002,
            "p(95)": 4.020094
        },
        "data_sent": {
            "count": 38219004,
            "rate": 955256.1665586475
        },
        "http_req_duration": {
            "min": 8.118277,
            "med": 12.092055,
            "p(90)": 17.200072,
            "p(95)": 19.54925175,
            "p(99)": 26.41617970000001,
            "max": 119.294625,
            "avg": 13.158593013030297
        },
        "vus": {
            "value": 1,
            "min": 1,
            "max": 20
        },
        "rest_select_success_rate": {
            "passes": 29086,
            "fails": 0,
            "thresholds": {
                "rate>0.99": false
            },
            "value": 1
        },
        "http_reqs": {
            "count": 29086,
            "rate": 726.9833839867941
        },
        "http_req_connecting": {
            "avg": 0.010948506979302762,
            "min": 0,
            "med": 0,
            "p(90)": 0,
            "p(95)": 0,
            "p(99)": 0.5422263000000012,
            "max": 7.745532
        },
        "http_req_duration{expected_response:true}": {
            "p(95)": 19.54925175,
            "p(99)": 26.41617970000001,
            "max": 119.294625,
            "avg": 13.158593013030297,
            "min": 8.118277,
            "med": 12.092055,
            "p(90)": 17.200072
        },
        "http_req_sending": {
            "p(95)": 0.14783325,
            "p(99)": 3.6468557500000376,
            "max": 17.206289,
            "avg": 0.11691664106443005,
            "min": 0.005782,
            "med": 0.0166935,
            "p(90)": 0.053323499999999996
        },
        "data_received": {
            "count": 2535936051,
            "rate": 63383874.43890832
        },
        "iteration_duration": {
            "avg": 24.046127449116376,
            "min": 11.733352,
            "med": 22.723315,
            "p(90)": 32.8515855,
            "p(95)": 36.390144500000005,
            "p(99)": 45.07415520000002,
            "max": 142.198836
        },
        "checks": {
            "passes": 58172,
            "fails": 0,
            "value": 1
        },
        "http_req_blocked": {
            "avg": 0.025159012995943135,
            "min": 0.001589,
            "med": 0.004766,
            "p(90)": 0.008065,
            "p(95)": 0.01243175,
            "p(99)": 0.7114719000000018,
            "max": 15.367778
        },
        "http_req_waiting": {
            "p(90)": 15.467811999999999,
            "p(95)": 17.292252,
            "p(99)": 23.825794000000013,
            "max": 118.815684,
            "avg": 12.282940382899039,
            "min": 8.019182,
            "med": 11.4024125
        },
        "http_req_tls_handshaking": {
            "p(90)": 0,
            "p(95)": 0,
            "p(99)": 0,
            "max": 0,
            "avg": 0,
            "min": 0,
            "med": 0
        },
        "iterations": {
            "count": 29086,
            "rate": 726.9833839867941
        },
        "vus_max": {
            "min": 20,
            "max": 20,
            "value": 20
        },
        "http_req_failed": {
            "passes": 0,
            "fails": 29086,
            "thresholds": {
                "rate<0.01": false
            },
            "value": 0
        }
    }
}