{
    "root_group": {
        "checks": {
            "status 200": {
                "name": "status 200",
                "path": "::status 200",
                "id": "fad9fa412b86fcb03bee97c80dcd61f1",
                "passes": 29023,
                "fails": 0
            },
            "body is non-empty array": {
                "path": "::body is non-empty array",
                "id": "4a612b9605825888f90f82b3870dfa0a",
                "passes": 29023,
                "fails": 0,
                "name": "body is non-empty array"
            }
        },
        "name": "",
        "path": "",
        "id": "d41d8cd98f00b204e9800998ecf8427e",
        "groups": {}
    },
    "metrics": {
        "vus": {
            "value": 1,
            "min": 1,
            "max": 20
        },
        "rest_select_latency_ms": {
            "p(90)": 17.3039158,
            "p(95)": 19.613120099999996,
            "p(99)": 26.056324079999985,
            "max": 120.352523,
            "avg": 13.164375708128022,
            "min": 8.221814,
            "med": 12.112748,
            "thresholds": {
                "p(95)<5000": false
            }
        },
        "vus_max": {
            "min": 20,
            "max": 20,
            "value": 20
        },
        "http_req_duration{expected_response:true}": {
            "p(95)": 19.613120099999996,
            "p(99)": 26.056324079999985,
            "max": 120.352523,
            "avg": 13.16437570812802,
            "min": 8.221814,
            "med": 12.112748,
            "p(90)": 17.3039158
        },
        "iterations": {
            "count": 29023,
            "rate": 725.3733578306312
        },
        "rest_select_success_rate": {
            "passes": 29023,
            "fails": 0,
            "thresholds": {
                "rate>0.99": false
            },
            "value": 1
        },
        "http_req_connecting": {
            "p(90)": 0,
            "p(95)": 0,
            "p(99)": 0.5489004599999957,
            "max": 64.377165,
            "avg": 0.01310467246666437,
            "min": 0,
            "med": 0
        },
        "data_sent": {
            "count": 38136222,
            "rate": 953140.5921894494
        },
        "iteration_duration": {
            "max": 148.450029,
            "avg": 24.099101211521862,
            "min": 11.656869,
            "med": 22.783913,
            "p(90)": 32.9363638,
            "p(95)": 36.35712349999999,
            "p(99)": 45.53967667999999
        },
        "data_received": {
            "count": 2530443105,
            "rate": 63243496.946325965
        },
        "http_req_sending": {
            "avg": 0.12442458591461976,
            "min": 0.00592,
            "med": 0.016779,
            "p(90)": 0.05458099999999999,
            "p(95)": 0.16081029999999943,
            "p(99)": 4.357998919999997,
            "max": 12.981303
        },
        "http_req_receiving": {
            "avg": 0.7971584979154531,
            "min": 0.044049,
            "med": 0.185008,
            "p(90)": 2.392374399999999,
            "p(95)": 4.277470499999998,
            "p(99)": 8.287896879999993,
            "max": 19.416468
        },
        "checks": {
            "passes": 58046,
            "fails": 0,
            "value": 1
        },
        "http_reqs": {
            "count": 29023,
            "rate": 725.3733578306312
        },
        "http_req_duration": {
            "avg": 13.16437570812802,
            "min": 8.221814,
            "med": 12.112748,
            "p(90)": 17.3039158,
            "p(95)": 19.613120099999996,
            "p(99)": 26.056324079999985,
            "max": 120.352523
        },
        "http_req_tls_handshaking": {
            "avg": 0,
            "min": 0,
            "med": 0,
            "p(90)": 0,
            "p(95)": 0,
            "p(99)": 0,
            "max": 0
        },
        "http_req_failed": {
            "passes": 0,
            "fails": 29023,
            "thresholds": {
                "rate<0.01": false
            },
            "value": 0
        },
        "http_req_blocked": {
            "p(90)": 0.008018999999999997,
            "p(95)": 0.012641399999999987,
            "p(99)": 0.7153845799999967,
            "max": 64.644152,
            "avg": 0.025829053095820613,
            "min": 0.00174,
            "med": 0.004798
        },
        "http_req_waiting": {
            "p(99)": 22.747086559999996,
            "max": 119.449667,
            "avg": 12.242792624298064,
            "min": 8.072166,
            "med": 11.400657,
            "p(90)": 15.424899,
            "p(95)": 17.251048699999995
        }
    }
}