{
    "root_group": {
        "name": "",
        "path": "",
        "id": "d41d8cd98f00b204e9800998ecf8427e",
        "groups": {},
        "checks": {
                "status 200": {
                    "name": "status 200",
                    "path": "::status 200",
                    "id": "fad9fa412b86fcb03bee97c80dcd61f1",
                    "passes": 28592,
                    "fails": 0
                },
                "body is non-empty array": {
                    "name": "body is non-empty array",
                    "path": "::body is non-empty array",
                    "id": "4a612b9605825888f90f82b3870dfa0a",
                    "passes": 28592,
                    "fails": 0
                }
            }
    },
    "metrics": {
        "http_req_blocked": {
            "min": 0.001825,
            "med": 0.0047255000000000005,
            "p(90)": 0.008067,
            "p(95)": 0.01253079999999999,
            "p(99)": 0.7224002800000003,
            "max": 95.145444,
            "avg": 0.028529247691661857
        },
        "http_req_sending": {
            "med": 0.016945,
            "p(90)": 0.05605620000000002,
            "p(95)": 0.1571630999999995,
            "p(99)": 3.906341720000001,
            "max": 12.660255,
            "avg": 0.1179519965724687,
            "min": 0.005941
        },
        "data_sent": {
            "count": 37569888,
            "rate": 939170.9197630808
        },
        "vus": {
            "value": 1,
            "min": 1,
            "max": 20
        },
        "http_reqs": {
            "rate": 714.7419480693156,
            "count": 28592
        },
        "http_req_tls_handshaking": {
            "med": 0,
            "p(90)": 0,
            "p(95)": 0,
            "p(99)": 0,
            "max": 0,
            "avg": 0,
            "min": 0
        },
        "http_req_failed": {
            "passes": 0,
            "fails": 28592,
            "thresholds": {
                "rate<0.01": false
            },
            "value": 0
        },
        "rest_select_latency_ms": {
            "avg": 13.400343016228419,
            "min": 8.198916,
            "med": 12.3804175,
            "p(90)": 17.573278600000002,
            "p(95)": 19.83600864999999,
            "p(99)": 26.790661120000003,
            "max": 150.774809,
            "thresholds": {
                "p(95)<5000": false
            }
        },
        "http_req_duration{expected_response:true}": {
            "avg": 13.400343016228419,
            "min": 8.198916,
            "med": 12.3804175,
            "p(90)": 17.573278600000002,
            "p(95)": 19.83600864999999,
            "p(99)": 26.790661120000003,
            "max": 150.774809
        },
        "http_req_connecting": {
            "p(99)": 0.5374779000000005,
            "max": 94.981528,
            "avg": 0.015999309806939012,
            "min": 0,
            "med": 0,
            "p(90)": 0,
            "p(95)": 0
        },
        "data_received": {
            "count": 2492866779,
            "rate": 62316608.068681456
        },
        "rest_select_success_rate": {
            "passes": 28592,
            "fails": 0,
            "thresholds": {
                "rate>0.99": false
            },
            "value": 1
        },
        "http_req_receiving": {
            "max": 27.614445,
            "avg": 0.7625247190822626,
            "min": 0.044131,
            "med": 0.1859825,
            "p(90)": 2.2240936000000002,
            "p(95)": 4.022294549999998,
            "p(99)": 7.5999596400000025
        },
        "iteration_duration": {
            "avg": 24.461269326000018,
            "min": 11.763908,
            "med": 23.1861985,
            "p(90)": 33.4116796,
            "p(95)": 37.00408855,
            "p(99)": 46.36486961,
            "max": 161.180266
        },
        "checks": {
            "passes": 57184,
            "fails": 0,
            "value": 1
        },
        "iterations": {
            "count": 28592,
            "rate": 714.7419480693156
        },
        "vus_max": {
            "max": 20,
            "value": 20,
            "min": 20
        },
        "http_req_duration": {
            "med": 12.3804175,
            "p(90)": 17.573278600000002,
            "p(95)": 19.83600864999999,
            "p(99)": 26.790661120000003,
            "max": 150.774809,
            "avg": 13.400343016228419,
            "min": 8.198916
        },
        "http_req_waiting": {
            "p(90)": 15.836343300000001,
            "p(95)": 17.602770249999995,
            "p(99)": 23.319060770000014,
            "max": 144.886754,
            "avg": 12.519866300573698,
            "min": 8.059695,
            "med": 11.679519500000001
        }
    }
}