{
    "metrics": {
        "http_req_blocked": {
            "p(99)": 0.043909040000000184,
            "max": 7.719924,
            "avg": 0.010252186604998725,
            "min": 0.00156,
            "med": 0.004419,
            "p(90)": 0.006889,
            "p(95)": 0.009574799999999994
        },
        "http_req_waiting": {
            "max": 80.035658,
            "avg": 8.99544701873753,
            "min": 5.163928,
            "med": 8.592137,
            "p(90)": 11.4153892,
            "p(95)": 12.489776999999998,
            "p(99)": 15.286937840000004
        },
        "vus": {
            "value": 1,
            "min": 1,
            "max": 20
        },
        "http_req_duration{expected_response:true}": {
            "avg": 10.017749726407592,
            "min": 5.287276,
            "med": 9.30485,
            "p(90)": 13.593185799999999,
            "p(95)": 15.475084399999995,
            "p(99)": 19.91769168000002,
            "max": 86.335612
        },
        "http_req_connecting": {
            "min": 0,
            "med": 0,
            "p(90)": 0,
            "p(95)": 0,
            "p(99)": 0,
            "max": 1.57741,
            "avg": 0.00046050683388182276
        },
        "iterations": {
            "count": 33729,
            "rate": 843.1212568381144
        },
        "checks": {
            "fails": 0,
            "passes": 67458,
            "value": 1
        },
        "data_sent": {
            "count": 19124343,
            "rate": 478049.7526272108
        },
        "vus_max": {
            "value": 20,
            "min": 20,
            "max": 20
        },
        "http_req_failed": {
            "passes": 0,
            "fails": 33729,
            "thresholds": {
                "rate<0.01": false
            },
            "value": 0
        },
        "rest_select_latency_ms": {
            "p(95)": 15.475084399999995,
            "p(99)": 19.91769168000002,
            "max": 86.335612,
            "avg": 10.017749726407594,
            "min": 5.287276,
            "med": 9.30485,
            "p(90)": 13.593185799999999,
            "thresholds": {
                "p(95)<5000": false
            }
        },
        "data_received": {
            "count": 2930780268,
            "rate": 73260492.24917743
        },
        "http_reqs": {
            "count": 33729,
            "rate": 843.1212568381144
        },
        "rest_select_success_rate": {
            "passes": 33729,
            "fails": 0,
            "thresholds": {
                "rate>0.99": false
            },
            "value": 1
        },
        "http_req_tls_handshaking": {
            "max": 0,
            "avg": 0,
            "min": 0,
            "med": 0,
            "p(90)": 0,
            "p(95)": 0,
            "p(99)": 0
        },
        "http_req_receiving": {
            "avg": 0.9044227072252375,
            "min": 0.038034,
            "med": 0.178194,
            "p(90)": 2.8850072,
            "p(95)": 4.849600799999998,
            "p(99)": 8.34565248000001,
            "max": 26.696719
        },
        "http_req_duration": {
            "p(99)": 19.91769168000002,
            "max": 86.335612,
            "avg": 10.017749726407592,
            "min": 5.287276,
            "med": 9.30485,
            "p(90)": 13.593185799999999,
            "p(95)": 15.475084399999995
        },
        "iteration_duration": {
            "avg": 20.732794447122757,
            "min": 8.686115,
            "med": 19.784318,
            "p(90)": 28.9723672,
            "p(95)": 31.7886496,
            "p(99)": 38.272625000000005,
            "max": 108.333283
        },
        "http_req_sending": {
            "med": 0.014539,
            "p(90)": 0.0502448,
            "p(95)": 0.1619413999999999,
            "p(99)": 3.9958128000000124,
            "max": 9.991472,
            "avg": 0.11788000044472165,
            "min": 0.00451
        }
    },
    "root_group": {
        "groups": {},
        "checks": {
                "status 200": {
                    "name": "status 200",
                    "path": "::status 200",
                    "id": "fad9fa412b86fcb03bee97c80dcd61f1",
                    "passes": 33729,
                    "fails": 0
                },
                "body is non-empty array": {
                    "id": "4a612b9605825888f90f82b3870dfa0a",
                    "passes": 33729,
                    "fails": 0,
                    "name": "body is non-empty array",
                    "path": "::body is non-empty array"
                }
            },
        "name": "",
        "path": "",
        "id": "d41d8cd98f00b204e9800998ecf8427e"
    }
}