{
    "metrics": {
        "iteration_duration": {
            "avg": 5.23340295662959,
            "min": 2.341013,
            "med": 5.071455,
            "p(90)": 6.3413319,
            "p(95)": 6.8337575,
            "p(99)": 8.21401922,
            "max": 104.348965
        },
        "rest_select_latency_ms": {
            "med": 4.8329825,
            "p(90)": 6.015486400000001,
            "p(95)": 6.4587145999999995,
            "p(99)": 7.73416302,
            "max": 104.160719,
            "avg": 4.978078141615261,
            "min": 2.178013,
            "thresholds": {
                "p(95)<5000": false
            }
        },
        "http_req_duration{expected_response:true}": {
            "min": 2.178013,
            "med": 4.8329825,
            "p(90)": 6.015486400000001,
            "p(95)": 6.4587145999999995,
            "p(99)": 7.73416302,
            "max": 104.160719,
            "avg": 4.978078141615262
        },
        "http_req_receiving": {
            "avg": 0.05567969956232431,
            "min": 0.007975,
            "med": 0.030909,
            "p(90)": 0.0946459,
            "p(95)": 0.16769935,
            "p(99)": 0.4884771900000001,
            "max": 17.802998
        },
        "http_reqs": {
            "count": 133432,
            "rate": 3335.538591922616
        },
        "http_req_tls_handshaking": {
            "avg": 0,
            "min": 0,
            "med": 0,
            "p(90)": 0,
            "p(95)": 0,
            "p(99)": 0,
            "max": 0
        },
        "vus": {
            "value": 1,
            "min": 1,
            "max": 20
        },
        "iterations": {
            "count": 133432,
            "rate": 3335.538591922616
        },
        "http_req_connecting": {
            "p(95)": 0,
            "p(99)": 0,
            "max": 4.773016,
            "avg": 0.00012290411595419393,
            "min": 0,
            "med": 0,
            "p(90)": 0
        },
        "http_req_waiting": {
            "max": 104.108826,
            "avg": 4.9058227488459,
            "min": 2.127211,
            "med": 4.764832999999999,
            "p(90)": 5.927519600000001,
            "p(95)": 6.36352775,
            "p(99)": 7.6268123400000025
        },
        "data_received": {
            "rate": 3128735.199223414,
            "count": 125159216
        },
        "rest_select_success_rate": {
            "passes": 133432,
            "fails": 0,
            "thresholds": {
                "rate>0.99": false
            },
            "value": 1
        },
        "http_req_duration": {
            "med": 4.8329825,
            "p(90)": 6.015486400000001,
            "p(95)": 6.4587145999999995,
            "p(99)": 7.73416302,
            "max": 104.160719,
            "avg": 4.978078141615262,
            "min": 2.178013
        },
        "http_req_blocked": {
            "med": 0.002585,
            "p(90)": 0.003975,
            "p(95)": 0.004934899999999995,
            "p(99)": 0.03371256000000006,
            "max": 5.692683,
            "avg": 0.004434715682894649,
            "min": 0.001077
        },
        "http_req_failed": {
            "passes": 0,
            "fails": 133432,
            "thresholds": {
                "rate<0.01": false
            },
            "value": 0
        },
        "http_req_sending": {
            "p(95)": 0.04094589999999999,
            "p(99)": 0.16591897000000025,
            "max": 6.668064,
            "avg": 0.016575693207026742,
            "min": 0.004108,
            "med": 0.008553,
            "p(90)": 0.020868
        },
        "checks": {
            "fails": 0,
            "passes": 266864,
            "value": 1
        },
        "data_sent": {
            "count": 75389080,
            "rate": 1884579.304436278
        },
        "vus_max": {
            "value": 20,
            "min": 20,
            "max": 20
        }
    },
    "root_group": {
        "name": "",
        "path": "",
        "id": "d41d8cd98f00b204e9800998ecf8427e",
        "groups": {},
        "checks": {
                "status 200": {
                    "name": "status 200",
                    "path": "::status 200",
                    "id": "fad9fa412b86fcb03bee97c80dcd61f1",
                    "passes": 133432,
                    "fails": 0
                },
                "body is non-empty array": {
                    "name": "body is non-empty array",
                    "path": "::body is non-empty array",
                    "id": "4a612b9605825888f90f82b3870dfa0a",
                    "passes": 133432,
                    "fails": 0
                }
            }
    }
}