{
    "root_group": {
        "name": "",
        "path": "",
        "id": "d41d8cd98f00b204e9800998ecf8427e",
        "groups": {},
        "checks": {
                "status 200": {
                    "name": "status 200",
                    "path": "::status 200",
                    "id": "fad9fa412b86fcb03bee97c80dcd61f1",
                    "passes": 136482,
                    "fails": 0
                },
                "body is non-empty array": {
                    "name": "body is non-empty array",
                    "path": "::body is non-empty array",
                    "id": "4a612b9605825888f90f82b3870dfa0a",
                    "passes": 136482,
                    "fails": 0
                }
            }
    },
    "metrics": {
        "checks": {
            "passes": 272964,
            "fails": 0,
            "value": 1
        },
        "http_req_connecting": {
            "p(95)": 0,
            "p(99)": 0.42851971000000005,
            "max": 4.684656,
            "avg": 0.00818728115795489,
            "min": 0,
            "med": 0,
            "p(90)": 0
        },
        "data_sent": {
            "count": 164460810,
            "rate": 4111433.4194041854
        },
        "rest_select_latency_ms": {
            "avg": 4.811954094019679,
            "min": 1.674994,
            "med": 4.365550000000001,
            "p(90)": 6.980518600000001,
            "p(95)": 8.5158962,
            "p(99)": 10.857557620000001,
            "max": 113.132276,
            "thresholds": {
                "p(95)<5000": false
            }
        },
        "http_req_duration{expected_response:true}": {
            "max": 113.132276,
            "avg": 4.811954094019679,
            "min": 1.674994,
            "med": 4.365550000000001,
            "p(90)": 6.980518600000001,
            "p(95)": 8.5158962,
            "p(99)": 10.857557620000001
        },
        "iterations": {
            "count": 136482,
            "rate": 3411.9779414142617
        },
        "http_req_receiving": {
            "max": 4.676105,
            "avg": 0.07325481346990914,
            "min": 0.012939,
            "med": 0.042277,
            "p(90)": 0.10397470000000002,
            "p(95)": 0.18063024999999996,
            "p(99)": 0.701781750000001
        },
        "http_reqs": {
            "rate": 3411.9779414142617,
            "count": 136482
        },
        "http_req_sending": {
            "p(95)": 0.048853699999999986,
            "p(99)": 0.20705489000000077,
            "max": 5.503786,
            "avg": 0.021626865388842474,
            "min": 0.005021,
            "med": 0.010328,
            "p(90)": 0.02962280000000002
        },
        "data_received": {
            "count": 167729979,
            "rate": 4193160.9183766167
        },
        "iteration_duration": {
            "max": 113.7337,
            "avg": 5.114572518346781,
            "min": 1.821909,
            "med": 4.663585,
            "p(90)": 7.3711551,
            "p(95)": 8.86698725,
            "p(99)": 11.282538220000005
        },
        "rest_select_success_rate": {
            "passes": 136482,
            "fails": 0,
            "thresholds": {
                "rate>0.99": false
            },
            "value": 1
        },
        "http_req_blocked": {
            "p(90)": 0.005016,
            "p(95)": 0.008394949999999997,
            "p(99)": 0.5680723400000002,
            "max": 4.832632,
            "avg": 0.014125487837224058,
            "min": 0.001117,
            "med": 0.002982
        },
        "http_req_waiting": {
            "avg": 4.717072415160957,
            "min": 1.633379,
            "med": 4.273543,
            "p(90)": 6.860658700000001,
            "p(95)": 8.408741299999999,
            "p(99)": 10.714283860000005,
            "max": 113.094759
        },
        "http_req_failed": {
            "fails": 136482,
            "passes": 0,
            "thresholds": {
                "rate<0.01": false
            },
            "value": 0
        },
        "vus": {
            "value": 1,
            "min": 1,
            "max": 20
        },
        "http_req_duration": {
            "p(90)": 6.980518600000001,
            "p(95)": 8.5158962,
            "p(99)": 10.857557620000001,
            "max": 113.132276,
            "avg": 4.811954094019679,
            "min": 1.674994,
            "med": 4.365550000000001
        },
        "http_req_tls_handshaking": {
            "p(95)": 0,
            "p(99)": 0,
            "max": 0,
            "avg": 0,
            "min": 0,
            "med": 0,
            "p(90)": 0
        },
        "vus_max": {
            "min": 20,
            "max": 20,
            "value": 20
        }
    }
}