{
    "root_group": {
        "id": "d41d8cd98f00b204e9800998ecf8427e",
        "groups": {},
        "checks": {
                "status 200": {
                    "path": "::status 200",
                    "id": "fad9fa412b86fcb03bee97c80dcd61f1",
                    "passes": 135147,
                    "fails": 0,
                    "name": "status 200"
                },
                "body is non-empty array": {
                    "name": "body is non-empty array",
                    "path": "::body is non-empty array",
                    "id": "4a612b9605825888f90f82b3870dfa0a",
                    "passes": 135147,
                    "fails": 0
                }
            },
        "name": "",
        "path": ""
    },
    "metrics": {
        "http_req_blocked": {
            "avg": 0.014445539612421683,
            "min": 0.001076,
            "med": 0.002971,
            "p(90)": 0.005019,
            "p(95)": 0.008537799999999988,
            "p(99)": 0.570387260000001,
            "max": 39.449419
        },
        "rest_select_latency_ms": {
            "p(99)": 10.984633400000003,
            "max": 133.66047,
            "avg": 4.864782259399051,
            "min": 1.633927,
            "med": 4.424315,
            "p(90)": 7.0390950000000005,
            "p(95)": 8.5228979,
            "thresholds": {
                "p(95)<5000": false
            }
        },
        "vus": {
            "value": 1,
            "min": 1,
            "max": 20
        },
        "iteration_duration": {
            "avg": 5.165198474764612,
            "min": 1.828048,
            "med": 4.723276,
            "p(90)": 7.435139600000007,
            "p(95)": 8.851970699999997,
            "p(99)": 11.359159780000022,
            "max": 137.832412
        },
        "http_req_duration": {
            "max": 133.66047,
            "avg": 4.86478225939905,
            "min": 1.633927,
            "med": 4.424315,
            "p(90)": 7.0390950000000005,
            "p(95)": 8.5228979,
            "p(99)": 10.984633400000003
        },
        "http_req_tls_handshaking": {
            "med": 0,
            "p(90)": 0,
            "p(95)": 0,
            "p(99)": 0,
            "max": 0,
            "avg": 0,
            "min": 0
        },
        "vus_max": {
            "value": 20,
            "min": 20,
            "max": 20
        },
        "rest_select_success_rate": {
            "passes": 135147,
            "fails": 0,
            "thresholds": {
                "rate>0.99": false
            },
            "value": 1
        },
        "http_req_duration{expected_response:true}": {
            "avg": 4.86478225939905,
            "min": 1.633927,
            "med": 4.424315,
            "p(90)": 7.0390950000000005,
            "p(95)": 8.5228979,
            "p(99)": 10.984633400000003,
            "max": 133.66047
        },
        "http_req_sending": {
            "avg": 0.021247588640517533,
            "min": 0.004884,
            "med": 0.0103,
            "p(90)": 0.02944040000000001,
            "p(95)": 0.048799399999999965,
            "p(99)": 0.20714670000000127,
            "max": 6.128856
        },
        "http_req_waiting": {
            "p(99)": 10.868307940000014,
            "max": 133.019804,
            "avg": 4.770880905835767,
            "min": 1.589902,
            "med": 4.32919,
            "p(90)": 6.929342600000001,
            "p(95)": 8.422581899999999
        },
        "data_sent": {
            "rate": 4071291.1137978993,
            "count": 162852135
        },
        "http_req_failed": {
            "passes": 0,
            "fails": 135147,
            "thresholds": {
                "rate<0.01": false
            },
            "value": 0
        },
        "http_reqs": {
            "count": 135147,
            "rate": 3378.664824728547
        },
        "http_req_connecting": {
            "med": 0,
            "p(90)": 0,
            "p(95)": 0,
            "p(99)": 0.44705672000003316,
            "max": 39.328287,
            "avg": 0.008518070293828194,
            "min": 0
        },
        "iterations": {
            "count": 135147,
            "rate": 3378.664824728547
        },
        "data_received": {
            "count": 166089443,
            "rate": 4152223.5700596906
        },
        "http_req_receiving": {
            "p(90)": 0.10386820000000002,
            "p(95)": 0.17746999999999996,
            "p(99)": 0.7083507,
            "max": 5.642795,
            "avg": 0.07265376492263946,
            "min": 0.012457,
            "med": 0.042252
        },
        "checks": {
            "passes": 270294,
            "fails": 0,
            "value": 1
        }
    }
}