{
    "metrics": {
        "http_req_tls_handshaking": {
            "p(90)": 0,
            "p(95)": 0,
            "p(99)": 0,
            "max": 0,
            "avg": 0,
            "min": 0,
            "med": 0
        },
        "http_req_blocked": {
            "max": 4.985372,
            "avg": 0.014260028222331668,
            "min": 0.00111,
            "med": 0.003035,
            "p(90)": 0.005093,
            "p(95)": 0.00907279999999993,
            "p(99)": 0.570697980000001
        },
        "data_received": {
            "count": 166866045,
            "rate": 4171526.1284524933
        },
        "vus_max": {
            "value": 20,
            "min": 20,
            "max": 20
        },
        "http_req_sending": {
            "max": 5.900007,
            "avg": 0.020949343948622533,
            "min": 0.005092,
            "med": 0.010346,
            "p(90)": 0.029731,
            "p(95)": 0.04899759999999995,
            "p(99)": 0.19846164000000008
        },
        "iteration_duration": {
            "avg": 5.141039039954655,
            "min": 1.796282,
            "med": 4.683806,
            "p(90)": 7.3486058,
            "p(95)": 8.828476899999998,
            "p(99)": 11.676486840000006,
            "max": 133.807824
        },
        "iterations": {
            "count": 135779,
            "rate": 3394.373290234997
        },
        "vus": {
            "value": 1,
            "min": 1,
            "max": 20
        },
        "http_req_duration{expected_response:true}": {
            "med": 4.383617,
            "p(90)": 6.969323199999999,
            "p(95)": 8.4895875,
            "p(99)": 11.292217120000002,
            "max": 133.121993,
            "avg": 4.842735783729504,
            "min": 1.644015
        },
        "http_req_connecting": {
            "p(99)": 0.42000638000000484,
            "max": 4.744073,
            "avg": 0.008253707885608223,
            "min": 0,
            "med": 0,
            "p(90)": 0,
            "p(95)": 0
        },
        "http_req_failed": {
            "passes": 0,
            "fails": 135779,
            "thresholds": {
                "rate<0.01": false
            },
            "value": 0
        },
        "rest_select_success_rate": {
            "passes": 135779,
            "fails": 0,
            "thresholds": {
                "rate>0.99": false
            },
            "value": 1
        },
        "http_req_receiving": {
            "p(99)": 0.6952027200000003,
            "max": 6.022654,
            "avg": 0.07340823847575913,
            "min": 0.012599,
            "med": 0.042262,
            "p(90)": 0.10461019999999999,
            "p(95)": 0.179322
        },
        "rest_select_latency_ms": {
            "avg": 4.842735783729504,
            "min": 1.644015,
            "med": 4.383617,
            "p(90)": 6.969323199999999,
            "p(95)": 8.4895875,
            "p(99)": 11.292217120000002,
            "max": 133.121993,
            "thresholds": {
                "p(95)<5000": false
            }
        },
        "checks": {
            "passes": 271558,
            "fails": 0,
            "value": 1
        },
        "http_req_duration": {
            "min": 1.644015,
            "med": 4.383617,
            "p(90)": 6.969323199999999,
            "p(95)": 8.4895875,
            "p(99)": 11.292217120000002,
            "max": 133.121993,
            "avg": 4.842735783729504
        },
        "data_sent": {
            "count": 163613695,
            "rate": 4090219.8147331714
        },
        "http_reqs": {
            "count": 135779,
            "rate": 3394.373290234997
        },
        "http_req_waiting": {
            "avg": 4.74837820130508,
            "min": 1.601912,
            "med": 4.290682,
            "p(90)": 6.8481446,
            "p(95)": 8.369524699999998,
            "p(99)": 11.164814480000002,
            "max": 133.050882
        }
    },
    "root_group": {
        "id": "d41d8cd98f00b204e9800998ecf8427e",
        "groups": {},
        "checks": {
                "status 200": {
                    "fails": 0,
                    "name": "status 200",
                    "path": "::status 200",
                    "id": "fad9fa412b86fcb03bee97c80dcd61f1",
                    "passes": 135779
                },
                "body is non-empty array": {
                    "path": "::body is non-empty array",
                    "id": "4a612b9605825888f90f82b3870dfa0a",
                    "passes": 135779,
                    "fails": 0,
                    "name": "body is non-empty array"
                }
            },
        "name": "",
        "path": ""
    }
}