{
    "metrics": {
        "checks": {
            "passes": 269566,
            "fails": 0,
            "value": 1
        },
        "data_sent": {
            "rate": 1903597.270882183,
            "count": 76152395
        },
        "http_req_duration": {
            "p(95)": 6.401642499999998,
            "p(99)": 7.46378953999999,
            "max": 97.080533,
            "avg": 4.9247507021878985,
            "min": 2.021087,
            "med": 4.822747,
            "p(90)": 5.9757096
        },
        "http_req_duration{expected_response:true}": {
            "med": 4.822747,
            "p(90)": 5.9757096,
            "p(95)": 6.401642499999998,
            "p(99)": 7.46378953999999,
            "max": 97.080533,
            "avg": 4.9247507021878985,
            "min": 2.021087
        },
        "http_req_waiting": {
            "med": 4.752929,
            "p(90)": 5.8886212,
            "p(95)": 6.303223599999999,
            "p(99)": 7.34609584,
            "max": 97.030743,
            "avg": 4.851943894252178,
            "min": 1.973177
        },
        "rest_select_success_rate": {
            "passes": 134783,
            "fails": 0,
            "thresholds": {
                "rate>0.99": false
            },
            "value": 1
        },
        "iteration_duration": {
            "p(95)": 6.774092399999999,
            "p(99)": 7.929681719999995,
            "max": 97.262944,
            "avg": 5.180487466238405,
            "min": 2.182903,
            "med": 5.063064,
            "p(90)": 6.311884
        },
        "http_req_tls_handshaking": {
            "med": 0,
            "p(90)": 0,
            "p(95)": 0,
            "p(99)": 0,
            "max": 0,
            "avg": 0,
            "min": 0
        },
        "vus": {
            "value": 1,
            "min": 1,
            "max": 20
        },
        "iterations": {
            "count": 134783,
            "rate": 3369.1987095259874
        },
        "http_req_failed": {
            "passes": 0,
            "fails": 134783,
            "thresholds": {
                "rate<0.01": false
            },
            "value": 0
        },
        "rest_select_latency_ms": {
            "min": 2.021087,
            "med": 4.822747,
            "p(90)": 5.9757096,
            "p(95)": 6.401642499999998,
            "p(99)": 7.46378953999999,
            "max": 97.080533,
            "avg": 4.9247507021878985,
            "thresholds": {
                "p(95)<5000": false
            }
        },
        "http_req_blocked": {
            "min": 0.001082,
            "med": 0.002598,
            "p(90)": 0.003952800000000003,
            "p(95)": 0.004901899999999995,
            "p(99)": 0.035963359999999986,
            "max": 5.037428,
            "avg": 0.004613284026917295
        },
        "http_req_connecting": {
            "max": 1.680435,
            "avg": 0.00010098499810807001,
            "min": 0,
            "med": 0,
            "p(90)": 0,
            "p(95)": 0,
            "p(99)": 0
        },
        "vus_max": {
            "min": 20,
            "max": 20,
            "value": 20
        },
        "http_reqs": {
            "count": 134783,
            "rate": 3369.1987095259874
        },
        "http_req_receiving": {
            "avg": 0.056178045116965454,
            "min": 0.009428,
            "med": 0.030816,
            "p(90)": 0.0934796,
            "p(95)": 0.1675308,
            "p(99)": 0.5048371799999987,
            "max": 5.15412
        },
        "http_req_sending": {
            "max": 3.077366,
            "avg": 0.016628762818752987,
            "min": 0.003904,
            "med": 0.008386,
            "p(90)": 0.0207348,
            "p(95)": 0.04219939999999996,
            "p(99)": 0.1738319199999997
        },
        "data_received": {
            "count": 126426454,
            "rate": 3160308.3895353763
        }
    },
    "root_group": {
        "name": "",
        "path": "",
        "id": "d41d8cd98f00b204e9800998ecf8427e",
        "groups": {},
        "checks": {
                "status 200": {
                    "path": "::status 200",
                    "id": "fad9fa412b86fcb03bee97c80dcd61f1",
                    "passes": 134783,
                    "fails": 0,
                    "name": "status 200"
                },
                "body is non-empty array": {
                    "name": "body is non-empty array",
                    "path": "::body is non-empty array",
                    "id": "4a612b9605825888f90f82b3870dfa0a",
                    "passes": 134783,
                    "fails": 0
                }
            }
    }
}