{
    "metrics": {
        "http_req_duration": {
            "med": 4.8739515,
            "p(90)": 6.0821038,
            "p(95)": 6.524378949999999,
            "p(99)": 7.727398309999999,
            "max": 103.011885,
            "avg": 5.0040758285800875,
            "min": 2.169793
        },
        "data_sent": {
            "count": 75043300,
            "rate": 1875976.0876482977
        },
        "iteration_duration": {
            "min": 2.304403,
            "med": 5.1105979999999995,
            "p(90)": 6.409959700000001,
            "p(95)": 6.899364599999996,
            "p(99)": 8.21342586,
            "max": 103.284956,
            "avg": 5.257753337215793
        },
        "rest_select_success_rate": {
            "passes": 132820,
            "fails": 0,
            "thresholds": {
                "rate>0.99": false
            },
            "value": 1
        },
        "rest_select_latency_ms": {
            "avg": 5.0040758285800875,
            "min": 2.169793,
            "med": 4.8739515,
            "p(90)": 6.0821038,
            "p(95)": 6.524378949999999,
            "p(99)": 7.727398309999999,
            "max": 103.011885,
            "thresholds": {
                "p(95)<5000": false
            }
        },
        "http_req_tls_handshaking": {
            "med": 0,
            "p(90)": 0,
            "p(95)": 0,
            "p(99)": 0,
            "max": 0,
            "avg": 0,
            "min": 0
        },
        "iterations": {
            "count": 132820,
            "rate": 3320.3116595545093
        },
        "http_req_duration{expected_response:true}": {
            "med": 4.8739515,
            "p(90)": 6.0821038,
            "p(95)": 6.524378949999999,
            "p(99)": 7.727398309999999,
            "max": 103.011885,
            "avg": 5.0040758285800875,
            "min": 2.169793
        },
        "checks": {
            "passes": 265640,
            "fails": 0,
            "value": 1
        },
        "http_req_receiving": {
            "max": 2.99962,
            "avg": 0.05617215556392087,
            "min": 0.009446,
            "med": 0.030919,
            "p(90)": 0.09459530000000002,
            "p(95)": 0.1699978999999998,
            "p(99)": 0.5168583499999999
        },
        "data_received": {
            "count": 120999020,
            "rate": 3024803.921854158
        },
        "vus": {
            "value": 1,
            "min": 1,
            "max": 20
        },
        "http_req_failed": {
            "passes": 0,
            "fails": 132820,
            "thresholds": {
                "rate<0.01": false
            },
            "value": 0
        },
        "http_req_blocked": {
            "min": 0.001102,
            "med": 0.002617,
            "p(90)": 0.003990100000000005,
            "p(95)": 0.004923,
            "p(99)": 0.034203,
            "max": 2.784365,
            "avg": 0.004493399420268016
        },
        "http_reqs": {
            "count": 132820,
            "rate": 3320.3116595545093
        },
        "http_req_connecting": {
            "med": 0,
            "p(90)": 0,
            "p(95)": 0,
            "p(99)": 0,
            "max": 0.901551,
            "avg": 0.00010163467098328565,
            "min": 0
        },
        "http_req_sending": {
            "p(90)": 0.020473200000000014,
            "p(95)": 0.04081324999999971,
            "p(99)": 0.16920505,
            "max": 3.77654,
            "avg": 0.01642309699593436,
            "min": 0.003613,
            "med": 0.008393
        },
        "vus_max": {
            "value": 20,
            "min": 20,
            "max": 20
        },
        "http_req_waiting": {
            "p(90)": 5.994900800000001,
            "p(95)": 6.422951949999999,
            "p(99)": 7.614502639999997,
            "max": 102.921315,
            "avg": 4.931480576020305,
            "min": 2.128871,
            "med": 4.805771999999999
        }
    },
    "root_group": {
        "name": "",
        "path": "",
        "id": "d41d8cd98f00b204e9800998ecf8427e",
        "groups": {},
        "checks": {
                "status 200": {
                    "name": "status 200",
                    "path": "::status 200",
                    "id": "fad9fa412b86fcb03bee97c80dcd61f1",
                    "passes": 132820,
                    "fails": 0
                },
                "body is non-empty array": {
                    "name": "body is non-empty array",
                    "path": "::body is non-empty array",
                    "id": "4a612b9605825888f90f82b3870dfa0a",
                    "passes": 132820,
                    "fails": 0
                }
            }
    }
}