{
    "root_group": {
        "name": "",
        "path": "",
        "id": "d41d8cd98f00b204e9800998ecf8427e",
        "groups": {},
        "checks": {
                "status 200": {
                    "path": "::status 200",
                    "id": "fad9fa412b86fcb03bee97c80dcd61f1",
                    "passes": 147282,
                    "fails": 0,
                    "name": "status 200"
                },
                "body is non-empty array": {
                    "path": "::body is non-empty array",
                    "id": "4a612b9605825888f90f82b3870dfa0a",
                    "passes": 147282,
                    "fails": 0,
                    "name": "body is non-empty array"
                }
            }
    },
    "metrics": {
        "vus": {
            "max": 20,
            "value": 1,
            "min": 1
        },
        "http_reqs": {
            "count": 147282,
            "rate": 3681.895400986055
        },
        "http_req_duration{expected_response:true}": {
            "min": 1.650746,
            "med": 4.001139,
            "p(90)": 6.4288381999999995,
            "p(95)": 7.962160449999998,
            "p(99)": 10.153444250000003,
            "max": 122.056397,
            "avg": 4.47142171580373
        },
        "http_req_waiting": {
            "p(95)": 7.8598279,
            "p(99)": 10.061964370000002,
            "max": 120.681148,
            "avg": 4.388490344624671,
            "min": 1.604729,
            "med": 3.9215489999999997,
            "p(90)": 6.329026399999999
        },
        "iterations": {
            "count": 147282,
            "rate": 3681.895400986055
        },
        "http_req_tls_handshaking": {
            "p(99)": 0,
            "max": 0,
            "avg": 0,
            "min": 0,
            "med": 0,
            "p(90)": 0,
            "p(95)": 0
        },
        "data_received": {
            "count": 181002548,
            "rate": 4524873.705191114
        },
        "http_req_duration": {
            "p(95)": 7.962160449999998,
            "p(99)": 10.153444250000003,
            "max": 122.056397,
            "avg": 4.47142171580373,
            "min": 1.650746,
            "med": 4.001139,
            "p(90)": 6.4288381999999995
        },
        "http_req_sending": {
            "avg": 0.01865772452166592,
            "min": 0.004884,
            "med": 0.009322,
            "p(90)": 0.026936899999999993,
            "p(95)": 0.04378084999999995,
            "p(99)": 0.17000870000000007,
            "max": 4.084347
        },
        "checks": {
            "fails": 0,
            "passes": 294564,
            "value": 1
        },
        "rest_select_latency_ms": {
            "avg": 4.47142171580373,
            "min": 1.650746,
            "med": 4.001139,
            "p(90)": 6.4288381999999995,
            "p(95)": 7.962160449999998,
            "p(99)": 10.153444250000003,
            "max": 122.056397,
            "thresholds": {
                "p(95)<5000": false
            }
        },
        "iteration_duration": {
            "p(95)": 8.28509585,
            "p(99)": 10.517517580000002,
            "max": 122.238377,
            "avg": 4.740391711146017,
            "min": 1.783521,
            "med": 4.264915500000001,
            "p(90)": 6.7605686
        },
        "http_req_failed": {
            "passes": 0,
            "fails": 147282,
            "thresholds": {
                "rate<0.01": false
            },
            "value": 0
        },
        "data_sent": {
            "count": 177474810,
            "rate": 4436683.958188197
        },
        "http_req_connecting": {
            "p(99)": 0.39875414000000514,
            "max": 43.238899,
            "avg": 0.0078069594926739126,
            "min": 0,
            "med": 0,
            "p(90)": 0,
            "p(95)": 0
        },
        "http_req_receiving": {
            "max": 7.070234,
            "avg": 0.06427364665743149,
            "min": 0.013285,
            "med": 0.0382705,
            "p(90)": 0.09074979999999999,
            "p(95)": 0.1486830999999997,
            "p(99)": 0.6030657000000007
        },
        "vus_max": {
            "value": 20,
            "min": 20,
            "max": 20
        },
        "http_req_blocked": {
            "med": 0.002653,
            "p(90)": 0.004326,
            "p(95)": 0.007070949999999983,
            "p(99)": 0.5289750600000004,
            "max": 43.504513,
            "avg": 0.01302242377208317,
            "min": 0.001097
        },
        "rest_select_success_rate": {
            "passes": 147282,
            "fails": 0,
            "thresholds": {
                "rate>0.99": false
            },
            "value": 1
        }
    }
}