{
    "root_group": {
        "name": "",
        "path": "",
        "id": "d41d8cd98f00b204e9800998ecf8427e",
        "groups": {},
        "checks": {
                "status 200": {
                    "fails": 0,
                    "name": "status 200",
                    "path": "::status 200",
                    "id": "fad9fa412b86fcb03bee97c80dcd61f1",
                    "passes": 133694
                },
                "body is non-empty array": {
                    "id": "4a612b9605825888f90f82b3870dfa0a",
                    "passes": 133694,
                    "fails": 0,
                    "name": "body is non-empty array",
                    "path": "::body is non-empty array"
                }
            }
    },
    "metrics": {
        "data_received": {
            "count": 121795234,
            "rate": 3044838.7004501116
        },
        "iterations": {
            "rate": 3342.303732656544,
            "count": 133694
        },
        "http_req_blocked": {
            "max": 3.564291,
            "avg": 0.0044799821308361115,
            "min": 0.001045,
            "med": 0.002589,
            "p(90)": 0.00396,
            "p(95)": 0.004939,
            "p(99)": 0.034599400000000134
        },
        "http_req_failed": {
            "passes": 0,
            "fails": 133694,
            "thresholds": {
                "rate<0.01": false
            },
            "value": 0
        },
        "http_req_connecting": {
            "min": 0,
            "med": 0,
            "p(90)": 0,
            "p(95)": 0,
            "p(99)": 0,
            "max": 1.20886,
            "avg": 0.0000974143865842895
        },
        "http_req_tls_handshaking": {
            "max": 0,
            "avg": 0,
            "min": 0,
            "med": 0,
            "p(90)": 0,
            "p(95)": 0,
            "p(99)": 0
        },
        "checks": {
            "passes": 267388,
            "fails": 0,
            "value": 1
        },
        "rest_select_success_rate": {
            "passes": 133694,
            "fails": 0,
            "thresholds": {
                "rate>0.99": false
            },
            "value": 1
        },
        "http_req_waiting": {
            "avg": 4.894841146872739,
            "min": 2.096027,
            "med": 4.765397500000001,
            "p(90)": 5.9385023,
            "p(95)": 6.39147005,
            "p(99)": 7.665817020000002,
            "max": 83.693784
        },
        "http_req_duration": {
            "avg": 4.967453881640177,
            "min": 2.142692,
            "med": 4.8346105,
            "p(90)": 6.0281313,
            "p(95)": 6.486097649999999,
            "p(99)": 7.802273500000001,
            "max": 83.752477
        },
        "vus": {
            "value": 1,
            "min": 1,
            "max": 20
        },
        "iteration_duration": {
            "med": 5.0718215,
            "p(90)": 6.3588302,
            "p(95)": 6.8554124,
            "p(99)": 8.304807130000007,
            "max": 84.187671,
            "avg": 5.223007010292249,
            "min": 2.306058
        },
        "http_reqs": {
            "count": 133694,
            "rate": 3342.303732656544
        },
        "http_req_receiving": {
            "p(90)": 0.09498569999999999,
            "p(95)": 0.17014604999999997,
            "p(99)": 0.507361400000003,
            "max": 4.677493,
            "avg": 0.056196851047915414,
            "min": 0.009485,
            "med": 0.030801
        },
        "rest_select_latency_ms": {
            "min": 2.142692,
            "med": 4.8346105,
            "p(90)": 6.0281313,
            "p(95)": 6.486097649999999,
            "p(99)": 7.802273500000001,
            "max": 83.752477,
            "avg": 4.967453881640177,
            "thresholds": {
                "p(95)<5000": false
            }
        },
        "http_req_duration{expected_response:true}": {
            "min": 2.142692,
            "med": 4.8346105,
            "p(90)": 6.0281313,
            "p(95)": 6.486097649999999,
            "p(99)": 7.802273500000001,
            "max": 83.752477,
            "avg": 4.967453881640177
        },
        "data_sent": {
            "rate": 1888401.6089509474,
            "count": 75537110
        },
        "vus_max": {
            "value": 20,
            "min": 20,
            "max": 20
        },
        "http_req_sending": {
            "p(99)": 0.16772775000000018,
            "max": 3.350515,
            "avg": 0.016415883719538747,
            "min": 0.003964,
            "med": 0.008397,
            "p(90)": 0.020876699999999998,
            "p(95)": 0.041536
        }
    }
}