{
    "root_group": {
        "name": "",
        "path": "",
        "id": "d41d8cd98f00b204e9800998ecf8427e",
        "groups": {},
        "checks": {
                "status 200": {
                    "id": "fad9fa412b86fcb03bee97c80dcd61f1",
                    "passes": 135934,
                    "fails": 0,
                    "name": "status 200",
                    "path": "::status 200"
                },
                "body is non-empty array": {
                    "path": "::body is non-empty array",
                    "id": "4a612b9605825888f90f82b3870dfa0a",
                    "passes": 135934,
                    "fails": 0,
                    "name": "body is non-empty array"
                }
            }
    },
    "metrics": {
        "http_req_tls_handshaking": {
            "max": 0,
            "avg": 0,
            "min": 0,
            "med": 0,
            "p(90)": 0,
            "p(95)": 0,
            "p(99)": 0
        },
        "iteration_duration": {
            "max": 127.274982,
            "avg": 5.135049846550616,
            "min": 1.87741,
            "med": 4.68476,
            "p(90)": 7.433150199999999,
            "p(95)": 8.8686849,
            "p(99)": 11.25888243
        },
        "http_req_blocked": {
            "min": 0.001106,
            "med": 0.002977,
            "p(90)": 0.005021,
            "p(95)": 0.008697799999999931,
            "p(99)": 0.5664189700000178,
            "max": 62.969769,
            "avg": 0.014761592316859555
        },
        "http_req_receiving": {
            "avg": 0.07353396388688574,
            "min": 0.013578,
            "med": 0.042549,
            "p(90)": 0.10517409999999999,
            "p(95)": 0.1815626999999998,
            "p(99)": 0.7127418700000047,
            "max": 5.345755
        },
        "http_reqs": {
            "count": 135934,
            "rate": 3398.3167207091437
        },
        "http_req_waiting": {
            "avg": 4.738548897604722,
            "min": 1.661616,
            "med": 4.2908945,
            "p(90)": 6.9212632,
            "p(95)": 8.421062849999993,
            "p(99)": 10.733021220000007,
            "max": 126.681382
        },
        "data_sent": {
            "count": 163800470,
            "rate": 4094971.648454518
        },
        "http_req_sending": {
            "p(95)": 0.049337,
            "p(99)": 0.20984682000000188,
            "max": 4.515532,
            "avg": 0.021504621264731506,
            "min": 0.004629,
            "med": 0.010338,
            "p(90)": 0.029821
        },
        "vus_max": {
            "value": 20,
            "min": 20,
            "max": 20
        },
        "rest_select_success_rate": {
            "passes": 135934,
            "fails": 0,
            "thresholds": {
                "rate>0.99": false
            },
            "value": 1
        },
        "http_req_connecting": {
            "med": 0,
            "p(90)": 0,
            "p(95)": 0,
            "p(99)": 0.4028627300000502,
            "max": 62.697267,
            "avg": 0.00871288941692291,
            "min": 0
        },
        "http_req_failed": {
            "passes": 0,
            "fails": 135934,
            "thresholds": {
                "rate<0.01": false
            },
            "value": 0
        },
        "http_req_duration{expected_response:true}": {
            "min": 1.723132,
            "med": 4.385808,
            "p(90)": 7.0445855,
            "p(95)": 8.528514199999996,
            "p(99)": 10.864761910000043,
            "max": 126.715202,
            "avg": 4.833587482756293
        },
        "checks": {
            "passes": 271868,
            "fails": 0,
            "value": 1
        },
        "iterations": {
            "count": 135934,
            "rate": 3398.3167207091437
        },
        "rest_select_latency_ms": {
            "min": 1.723132,
            "med": 4.385808,
            "p(90)": 7.0445855,
            "p(95)": 8.528514199999996,
            "p(99)": 10.864761910000043,
            "max": 126.715202,
            "avg": 4.833587482756293,
            "thresholds": {
                "p(95)<5000": false
            }
        },
        "http_req_duration": {
            "p(99)": 10.864761910000043,
            "max": 126.715202,
            "avg": 4.833587482756293,
            "min": 1.723132,
            "med": 4.385808,
            "p(90)": 7.0445855,
            "p(95)": 8.528514199999996
        },
        "data_received": {
            "count": 167056524,
            "rate": 4176372.2013090793
        },
        "vus": {
            "value": 1,
            "min": 1,
            "max": 20
        }
    }
}