{
    "metrics": {
        "rest_select_success_rate": {
            "passes": 131984,
            "fails": 0,
            "thresholds": {
                "rate>0.99": false
            },
            "value": 1
        },
        "http_req_receiving": {
            "avg": 0.057783447145108295,
            "min": 0.008885,
            "med": 0.031596,
            "p(90)": 0.09816019999999996,
            "p(95)": 0.17510449999999972,
            "p(99)": 0.52252559,
            "max": 5.021849
        },
        "checks": {
            "passes": 263968,
            "fails": 0,
            "value": 1
        },
        "vus": {
            "value": 1,
            "min": 1,
            "max": 20
        },
        "http_req_blocked": {
            "med": 0.002592,
            "p(90)": 0.00399,
            "p(95)": 0.005004849999999991,
            "p(99)": 0.03584098999999991,
            "max": 2.624668,
            "avg": 0.004620034178385187,
            "min": 0.001122
        },
        "iteration_duration": {
            "p(99)": 8.633670459999996,
            "max": 144.946057,
            "avg": 5.290584766479218,
            "min": 2.219309,
            "med": 5.1124220000000005,
            "p(90)": 6.4557873,
            "p(95)": 6.9965255
        },
        "http_req_connecting": {
            "min": 0,
            "med": 0,
            "p(90)": 0,
            "p(95)": 0,
            "p(99)": 0,
            "max": 1.599384,
            "avg": 0.00011029711934779974
        },
        "http_req_sending": {
            "p(90)": 0.0214357,
            "p(95)": 0.043858549999999975,
            "p(99)": 0.17824552999999999,
            "max": 3.643175,
            "avg": 0.017129575213662037,
            "min": 0.004102,
            "med": 0.008550499999999999
        },
        "data_sent": {
            "count": 74570960,
            "rate": 1864169.4207013538
        },
        "rest_select_latency_ms": {
            "med": 4.8710355,
            "p(90)": 6.1103636,
            "p(95)": 6.6081211,
            "p(99)": 8.133540569999997,
            "max": 144.603625,
            "avg": 5.028149391820122,
            "min": 2.049632,
            "thresholds": {
                "p(95)<5000": false
            }
        },
        "http_req_duration": {
            "max": 144.603625,
            "avg": 5.028149391820122,
            "min": 2.049632,
            "med": 4.8710355,
            "p(90)": 6.1103636,
            "p(95)": 6.6081211,
            "p(99)": 8.133540569999997
        },
        "data_received": {
            "count": 123800992,
            "rate": 3094851.179854637
        },
        "http_req_failed": {
            "passes": 0,
            "fails": 131984,
            "thresholds": {
                "rate<0.01": false
            },
            "value": 0
        },
        "http_req_tls_handshaking": {
            "med": 0,
            "p(90)": 0,
            "p(95)": 0,
            "p(99)": 0,
            "max": 0,
            "avg": 0,
            "min": 0
        },
        "http_reqs": {
            "count": 131984,
            "rate": 3299.4149038962014
        },
        "http_req_waiting": {
            "p(99)": 7.986456259999997,
            "max": 144.357821,
            "avg": 4.953236369461598,
            "min": 2.002648,
            "med": 4.799585,
            "p(90)": 6.021018,
            "p(95)": 6.5027849
        },
        "vus_max": {
            "value": 20,
            "min": 20,
            "max": 20
        },
        "http_req_duration{expected_response:true}": {
            "p(95)": 6.6081211,
            "p(99)": 8.133540569999997,
            "max": 144.603625,
            "avg": 5.028149391820122,
            "min": 2.049632,
            "med": 4.8710355,
            "p(90)": 6.1103636
        },
        "iterations": {
            "count": 131984,
            "rate": 3299.4149038962014
        }
    },
    "root_group": {
        "path": "",
        "id": "d41d8cd98f00b204e9800998ecf8427e",
        "groups": {},
        "checks": {
                "status 200": {
                    "path": "::status 200",
                    "id": "fad9fa412b86fcb03bee97c80dcd61f1",
                    "passes": 131984,
                    "fails": 0,
                    "name": "status 200"
                },
                "body is non-empty array": {
                    "path": "::body is non-empty array",
                    "id": "4a612b9605825888f90f82b3870dfa0a",
                    "passes": 131984,
                    "fails": 0,
                    "name": "body is non-empty array"
                }
            },
        "name": ""
    }
}