{
    "metrics": {
        "http_req_sending": {
            "p(99)": 0.17273120999999994,
            "max": 2.122342,
            "avg": 0.016355189884340596,
            "min": 0.004059,
            "med": 0.008337,
            "p(90)": 0.02072890000000001,
            "p(95)": 0.04178945
        },
        "data_sent": {
            "count": 74643280,
            "rate": 1866033.2776845165
        },
        "http_req_receiving": {
            "med": 0.030249,
            "p(90)": 0.09320730000000024,
            "p(95)": 0.16643184999999996,
            "p(99)": 0.4870700499999999,
            "max": 8.371564,
            "avg": 0.05482878774827515,
            "min": 0.008855
        },
        "vus_max": {
            "min": 20,
            "max": 20,
            "value": 20
        },
        "checks": {
            "passes": 264224,
            "fails": 0,
            "value": 1
        },
        "http_req_tls_handshaking": {
            "p(99)": 0,
            "max": 0,
            "avg": 0,
            "min": 0,
            "med": 0,
            "p(90)": 0,
            "p(95)": 0
        },
        "vus": {
            "value": 1,
            "min": 1,
            "max": 20
        },
        "iteration_duration": {
            "avg": 5.2860280435691385,
            "min": 2.264003,
            "med": 5.1237775,
            "p(90)": 6.4331612,
            "p(95)": 6.9434058,
            "p(99)": 8.320033879999999,
            "max": 124.529759
        },
        "http_req_failed": {
            "passes": 0,
            "fails": 132112,
            "thresholds": {
                "rate<0.01": false
            },
            "value": 0
        },
        "rest_select_latency_ms": {
            "p(99)": 7.83980354,
            "max": 124.217627,
            "avg": 5.032193095086055,
            "min": 2.103591,
            "med": 4.887896,
            "p(90)": 6.1091457,
            "p(95)": 6.5732854,
            "thresholds": {
                "p(95)<5000": false
            }
        },
        "http_reqs": {
            "count": 132112,
            "rate": 3302.7137658133033
        },
        "rest_select_success_rate": {
            "passes": 132112,
            "fails": 0,
            "thresholds": {
                "rate>0.99": false
            },
            "value": 1
        },
        "data_received": {
            "count": 120354032,
            "rate": 3008772.2406559195
        },
        "http_req_duration": {
            "avg": 5.032193095086055,
            "min": 2.103591,
            "med": 4.887896,
            "p(90)": 6.1091457,
            "p(95)": 6.5732854,
            "p(99)": 7.83980354,
            "max": 124.217627
        },
        "http_req_connecting": {
            "p(99)": 0,
            "max": 37.994875,
            "avg": 0.0003856459670582536,
            "min": 0,
            "med": 0,
            "p(90)": 0,
            "p(95)": 0
        },
        "http_req_duration{expected_response:true}": {
            "max": 124.217627,
            "avg": 5.032193095086055,
            "min": 2.103591,
            "med": 4.887896,
            "p(90)": 6.1091457,
            "p(95)": 6.5732854,
            "p(99)": 7.83980354
        },
        "http_req_blocked": {
            "min": 0.001112,
            "med": 0.002556,
            "p(90)": 0.003913,
            "p(95)": 0.004881,
            "p(99)": 0.034734689999999985,
            "max": 38.099179,
            "avg": 0.004714911128436425
        },
        "iterations": {
            "count": 132112,
            "rate": 3302.7137658133033
        },
        "http_req_waiting": {
            "min": 2.054655,
            "med": 4.8200009999999995,
            "p(90)": 6.023027600000001,
            "p(95)": 6.4805774000000005,
            "p(99)": 7.71491875,
            "max": 124.17308,
            "avg": 4.961009117453419
        }
    },
    "root_group": {
        "name": "",
        "path": "",
        "id": "d41d8cd98f00b204e9800998ecf8427e",
        "groups": {},
        "checks": {
                "status 200": {
                    "name": "status 200",
                    "path": "::status 200",
                    "id": "fad9fa412b86fcb03bee97c80dcd61f1",
                    "passes": 132112,
                    "fails": 0
                },
                "body is non-empty array": {
                    "id": "4a612b9605825888f90f82b3870dfa0a",
                    "passes": 132112,
                    "fails": 0,
                    "name": "body is non-empty array",
                    "path": "::body is non-empty array"
                }
            }
    }
}