{
    "root_group": {
        "checks": {
            "status 200": {
                "name": "status 200",
                "path": "::status 200",
                "id": "fad9fa412b86fcb03bee97c80dcd61f1",
                "passes": 127667,
                "fails": 0
            },
            "body is non-empty array": {
                "name": "body is non-empty array",
                "path": "::body is non-empty array",
                "id": "4a612b9605825888f90f82b3870dfa0a",
                "passes": 127667,
                "fails": 0
            }
        },
        "name": "",
        "path": "",
        "id": "d41d8cd98f00b204e9800998ecf8427e",
        "groups": {}
    },
    "metrics": {
        "http_req_blocked": {
            "max": 2.666895,
            "avg": 0.004763980237649492,
            "min": 0.001061,
            "med": 0.002778,
            "p(90)": 0.004355,
            "p(95)": 0.005312,
            "p(99)": 0.035134119999999935
        },
        "rest_select_latency_ms": {
            "p(99)": 7.982680159999998,
            "max": 145.28946,
            "avg": 5.1983375940688825,
            "min": 2.132978,
            "med": 5.088706,
            "p(90)": 6.3750296,
            "p(95)": 6.8320819,
            "thresholds": {
                "p(95)<5000": false
            }
        },
        "vus": {
            "min": 1,
            "max": 20,
            "value": 1
        },
        "http_req_duration": {
            "min": 2.132978,
            "med": 5.088706,
            "p(90)": 6.3750296,
            "p(95)": 6.8320819,
            "p(99)": 7.982680159999998,
            "max": 145.28946,
            "avg": 5.1983375940688825
        },
        "http_req_connecting": {
            "p(99)": 0,
            "max": 0.982543,
            "avg": 0.00010423593410983262,
            "min": 0,
            "med": 0,
            "p(90)": 0,
            "p(95)": 0
        },
        "rest_select_success_rate": {
            "passes": 127667,
            "fails": 0,
            "thresholds": {
                "rate>0.99": false
            },
            "value": 1
        },
        "http_req_tls_handshaking": {
            "p(90)": 0,
            "p(95)": 0,
            "p(99)": 0,
            "max": 0,
            "avg": 0,
            "min": 0,
            "med": 0
        },
        "http_req_receiving": {
            "p(90)": 0.10538840000000001,
            "p(95)": 0.18937739999999997,
            "p(99)": 0.5602294399999983,
            "max": 5.331578,
            "avg": 0.06148878573946233,
            "min": 0.009729,
            "med": 0.033466
        },
        "vus_max": {
            "value": 20,
            "min": 20,
            "max": 20
        },
        "http_req_sending": {
            "p(99)": 0.17936333999999998,
            "max": 2.784045,
            "avg": 0.017507080318328348,
            "min": 0.004347,
            "med": 0.009203,
            "p(90)": 0.022095800000000016,
            "p(95)": 0.043244799999999986
        },
        "iteration_duration": {
            "p(95)": 7.229574599999999,
            "p(99)": 8.482438139999998,
            "max": 145.536205,
            "avg": 5.469352696123552,
            "min": 2.264281,
            "med": 5.342144,
            "p(90)": 6.7287914
        },
        "iterations": {
            "count": 127667,
            "rate": 3191.556531336491
        },
        "http_req_failed": {
            "passes": 0,
            "fails": 127667,
            "thresholds": {
                "rate<0.01": false
            },
            "value": 0
        },
        "http_req_waiting": {
            "avg": 5.119341728011172,
            "min": 2.090562,
            "med": 5.012675,
            "p(90)": 6.2773994,
            "p(95)": 6.7216518999999995,
            "p(99)": 7.858741679999999,
            "max": 145.14213
        },
        "http_reqs": {
            "count": 127667,
            "rate": 3191.556531336491
        },
        "http_req_duration{expected_response:true}": {
            "max": 145.28946,
            "avg": 5.1983375940688825,
            "min": 2.132978,
            "med": 5.088706,
            "p(90)": 6.3750296,
            "p(95)": 6.8320819,
            "p(99)": 7.982680159999998
        },
        "data_received": {
            "count": 116304637,
            "rate": 2907508.000047543
        },
        "checks": {
            "passes": 255334,
            "fails": 0,
            "value": 1
        },
        "data_sent": {
            "rate": 1803229.4402051172,
            "count": 72131855
        }
    }
}