{
    "root_group": {
        "name": "",
        "path": "",
        "id": "d41d8cd98f00b204e9800998ecf8427e",
        "groups": {},
        "checks": {
                "status 200": {
                    "path": "::status 200",
                    "id": "fad9fa412b86fcb03bee97c80dcd61f1",
                    "passes": 133990,
                    "fails": 0,
                    "name": "status 200"
                },
                "body is non-empty array": {
                    "name": "body is non-empty array",
                    "path": "::body is non-empty array",
                    "id": "4a612b9605825888f90f82b3870dfa0a",
                    "passes": 133990,
                    "fails": 0
                }
            }
    },
    "metrics": {
        "http_req_tls_handshaking": {
            "max": 0,
            "avg": 0,
            "min": 0,
            "med": 0,
            "p(90)": 0,
            "p(95)": 0,
            "p(99)": 0
        },
        "vus": {
            "value": 1,
            "min": 1,
            "max": 20
        },
        "http_req_blocked": {
            "avg": 0.004279744607806562,
            "min": 0.000988,
            "med": 0.002527,
            "p(90)": 0.003819,
            "p(95)": 0.004726,
            "p(99)": 0.032857089999999735,
            "max": 3.223569
        },
        "http_req_sending": {
            "avg": 0.015998907067691547,
            "min": 0.003824,
            "med": 0.0083,
            "p(90)": 0.020244100000000008,
            "p(95)": 0.04090514999999985,
            "p(99)": 0.1636176899999989,
            "max": 2.159403
        },
        "http_req_duration": {
            "p(95)": 6.459744649999998,
            "p(99)": 7.659898999999993,
            "max": 78.535372,
            "avg": 4.962704625554208,
            "min": 2.119215,
            "med": 4.851888000000001,
            "p(90)": 6.0228350000000015
        },
        "http_req_failed": {
            "passes": 0,
            "fails": 133990,
            "thresholds": {
                "rate<0.01": false
            },
            "value": 0
        },
        "http_reqs": {
            "count": 133990,
            "rate": 3349.5466939878725
        },
        "rest_select_latency_ms": {
            "avg": 4.962704625554208,
            "min": 2.119215,
            "med": 4.851888000000001,
            "p(90)": 6.0228350000000015,
            "p(95)": 6.459744649999998,
            "p(99)": 7.659898999999993,
            "max": 78.535372,
            "thresholds": {
                "p(95)<5000": false
            }
        },
        "rest_select_success_rate": {
            "passes": 133990,
            "fails": 0,
            "thresholds": {
                "rate>0.99": false
            },
            "value": 1
        },
        "checks": {
            "passes": 267980,
            "fails": 0,
            "value": 1
        },
        "http_req_waiting": {
            "p(90)": 5.935397400000001,
            "p(95)": 6.367629849999999,
            "p(99)": 7.547933229999978,
            "max": 78.467656,
            "avg": 4.891882862452462,
            "min": 2.073078,
            "med": 4.7842815000000005
        },
        "data_received": {
            "count": 122064890,
            "rate": 3051437.038222952
        },
        "iteration_duration": {
            "min": 2.271472,
            "med": 5.0842995,
            "p(90)": 6.3400226,
            "p(95)": 6.813426249999999,
            "p(99)": 8.10241583999997,
            "max": 78.826581,
            "avg": 5.211845558877624
        },
        "http_req_connecting": {
            "avg": 0.00009595898947682662,
            "min": 0,
            "med": 0,
            "p(90)": 0,
            "p(95)": 0,
            "p(99)": 0,
            "max": 1.035795
        },
        "http_req_receiving": {
            "avg": 0.0548228560340324,
            "min": 0.008146,
            "med": 0.030144,
            "p(90)": 0.09401890000000011,
            "p(95)": 0.16599004999999964,
            "p(99)": 0.4890269599999981,
            "max": 3.859525
        },
        "vus_max": {
            "max": 20,
            "value": 20,
            "min": 20
        },
        "http_req_duration{expected_response:true}": {
            "p(95)": 6.459744649999998,
            "p(99)": 7.659898999999993,
            "max": 78.535372,
            "avg": 4.962704625554208,
            "min": 2.119215,
            "med": 4.851888000000001,
            "p(90)": 6.0228350000000015
        },
        "data_sent": {
            "rate": 1892493.882103148,
            "count": 75704350
        },
        "iterations": {
            "count": 133990,
            "rate": 3349.5466939878725
        }
    }
}