{
    "root_group": {
        "name": "",
        "path": "",
        "id": "d41d8cd98f00b204e9800998ecf8427e",
        "groups": {},
        "checks": {
                "status 200": {
                    "name": "status 200",
                    "path": "::status 200",
                    "id": "fad9fa412b86fcb03bee97c80dcd61f1",
                    "passes": 136626,
                    "fails": 0
                },
                "body is non-empty array": {
                    "name": "body is non-empty array",
                    "path": "::body is non-empty array",
                    "id": "4a612b9605825888f90f82b3870dfa0a",
                    "passes": 136626,
                    "fails": 0
                }
            }
    },
    "metrics": {
        "rest_select_success_rate": {
            "passes": 136626,
            "fails": 0,
            "thresholds": {
                "rate>0.99": false
            },
            "value": 1
        },
        "http_req_connecting": {
            "avg": 0.008351461222607715,
            "min": 0,
            "med": 0,
            "p(90)": 0,
            "p(95)": 0,
            "p(99)": 0.42377775,
            "max": 18.76346
        },
        "http_req_tls_handshaking": {
            "max": 0,
            "avg": 0,
            "min": 0,
            "med": 0,
            "p(90)": 0,
            "p(95)": 0,
            "p(99)": 0
        },
        "vus": {
            "value": 1,
            "min": 1,
            "max": 20
        },
        "http_req_duration{expected_response:true}": {
            "p(99)": 10.98541275,
            "max": 134.643707,
            "avg": 4.808389125532451,
            "min": 1.64774,
            "med": 4.338149,
            "p(90)": 6.878418999999999,
            "p(95)": 8.424997
        },
        "checks": {
            "passes": 273252,
            "fails": 0,
            "value": 1
        },
        "iterations": {
            "count": 136626,
            "rate": 3415.5844250485197
        },
        "vus_max": {
            "value": 20,
            "min": 20,
            "max": 20
        },
        "http_req_failed": {
            "passes": 0,
            "fails": 136626,
            "thresholds": {
                "rate<0.01": false
            },
            "value": 0
        },
        "http_req_sending": {
            "min": 0.00507,
            "med": 0.010239,
            "p(90)": 0.029478,
            "p(95)": 0.0484495,
            "p(99)": 0.19756475,
            "max": 4.964432,
            "avg": 0.020935568339847596
        },
        "http_req_waiting": {
            "p(95)": 8.31503225,
            "p(99)": 10.868508250000001,
            "max": 134.486501,
            "avg": 4.714576343163131,
            "min": 1.609329,
            "med": 4.247830499999999,
            "p(90)": 6.767285
        },
        "rest_select_latency_ms": {
            "max": 134.643707,
            "avg": 4.808389125532451,
            "min": 1.64774,
            "med": 4.338149,
            "p(90)": 6.878418999999999,
            "p(95)": 8.424997,
            "p(99)": 10.98541275,
            "thresholds": {
                "p(95)<5000": false
            }
        },
        "http_reqs": {
            "count": 136626,
            "rate": 3415.5844250485197
        },
        "http_req_receiving": {
            "p(99)": 0.6993385000000001,
            "max": 5.506372,
            "avg": 0.07287721402954163,
            "min": 0.012966,
            "med": 0.042207,
            "p(90)": 0.104379,
            "p(95)": 0.17982375
        },
        "data_sent": {
            "count": 164634330,
            "rate": 4115779.2321834667
        },
        "data_received": {
            "count": 167906886,
            "rate": 4197591.561489009
        },
        "http_req_duration": {
            "med": 4.338149,
            "p(90)": 6.878418999999999,
            "p(95)": 8.424997,
            "p(99)": 10.98541275,
            "max": 134.643707,
            "avg": 4.808389125532451,
            "min": 1.64774
        },
        "http_req_blocked": {
            "p(99)": 0.5740425,
            "max": 18.836812,
            "avg": 0.01426006518525018,
            "min": 0.001117,
            "med": 0.002977,
            "p(90)": 0.005044,
            "p(95)": 0.009126
        },
        "iteration_duration": {
            "max": 136.234855,
            "avg": 5.108963225462139,
            "min": 1.844624,
            "med": 4.636271499999999,
            "p(90)": 7.2525955,
            "p(95)": 8.78603925,
            "p(99)": 11.346276750000001
        }
    }
}