{
    "metrics": {
        "http_req_duration": {
            "med": 4.3824975,
            "p(90)": 6.8919124,
            "p(95)": 8.385251299999997,
            "p(99)": 11.010354869999993,
            "max": 141.695573,
            "avg": 4.808860162721241,
            "min": 1.700978
        },
        "http_req_waiting": {
            "max": 141.598091,
            "avg": 4.714958811337139,
            "min": 1.64884,
            "med": 4.2872555,
            "p(90)": 6.7811237,
            "p(95)": 8.278585749999987,
            "p(99)": 10.899029119999993
        },
        "rest_select_latency_ms": {
            "max": 141.695573,
            "avg": 4.808860162721241,
            "min": 1.700978,
            "med": 4.3824975,
            "p(90)": 6.8919124,
            "p(95)": 8.385251299999997,
            "p(99)": 11.010354869999993,
            "thresholds": {
                "p(95)<5000": false
            }
        },
        "vus": {
            "value": 1,
            "min": 1,
            "max": 20
        },
        "http_req_sending": {
            "p(90)": 0.029291399999999992,
            "p(95)": 0.048423549999999885,
            "p(99)": 0.20497297999999928,
            "max": 3.746292,
            "avg": 0.021090356434918887,
            "min": 0.004701,
            "med": 0.010248
        },
        "checks": {
            "passes": 273228,
            "fails": 0,
            "value": 1
        },
        "data_sent": {
            "count": 164619870,
            "rate": 4115162.1130415336
        },
        "http_req_receiving": {
            "avg": 0.07281099494927332,
            "min": 0.013722,
            "med": 0.042414,
            "p(90)": 0.10466329999999997,
            "p(95)": 0.1814864999999999,
            "p(99)": 0.7026476099999981,
            "max": 7.094103
        },
        "http_req_tls_handshaking": {
            "p(90)": 0,
            "p(95)": 0,
            "p(99)": 0,
            "max": 0,
            "avg": 0,
            "min": 0,
            "med": 0
        },
        "http_req_blocked": {
            "med": 0.003026,
            "p(90)": 0.005065,
            "p(95)": 0.008994349999999991,
            "p(99)": 0.5807683499999967,
            "max": 5.658355,
            "avg": 0.014418495900859269,
            "min": 0.001112
        },
        "http_req_duration{expected_response:true}": {
            "p(95)": 8.385251299999997,
            "p(99)": 11.010354869999993,
            "max": 141.695573,
            "avg": 4.808860162721241,
            "min": 1.700978,
            "med": 4.3824975,
            "p(90)": 6.8919124
        },
        "data_received": {
            "count": 167892168,
            "rate": 4196962.911160142
        },
        "http_req_connecting": {
            "p(99)": 0.4605061099999904,
            "max": 5.552591,
            "avg": 0.00827987322675568,
            "min": 0,
            "med": 0,
            "p(90)": 0,
            "p(95)": 0
        },
        "iteration_duration": {
            "p(95)": 8.724499249999996,
            "p(99)": 11.37407553999999,
            "max": 142.681796,
            "avg": 5.109976927628282,
            "min": 1.836632,
            "med": 4.6826095,
            "p(90)": 7.269989
        },
        "http_reqs": {
            "count": 136614,
            "rate": 3415.072292980526
        },
        "vus_max": {
            "min": 20,
            "max": 20,
            "value": 20
        },
        "http_req_failed": {
            "passes": 0,
            "fails": 136614,
            "thresholds": {
                "rate<0.01": false
            },
            "value": 0
        },
        "iterations": {
            "count": 136614,
            "rate": 3415.072292980526
        },
        "rest_select_success_rate": {
            "passes": 136614,
            "fails": 0,
            "thresholds": {
                "rate>0.99": false
            },
            "value": 1
        }
    },
    "root_group": {
        "groups": {},
        "checks": {
                "status 200": {
                    "fails": 0,
                    "name": "status 200",
                    "path": "::status 200",
                    "id": "fad9fa412b86fcb03bee97c80dcd61f1",
                    "passes": 136614
                },
                "body is non-empty array": {
                    "name": "body is non-empty array",
                    "path": "::body is non-empty array",
                    "id": "4a612b9605825888f90f82b3870dfa0a",
                    "passes": 136614,
                    "fails": 0
                }
            },
        "name": "",
        "path": "",
        "id": "d41d8cd98f00b204e9800998ecf8427e"
    }
}