{
    "root_group": {
        "name": "",
        "path": "",
        "id": "d41d8cd98f00b204e9800998ecf8427e",
        "groups": {},
        "checks": {
                "status 200": {
                    "passes": 134318,
                    "fails": 0,
                    "name": "status 200",
                    "path": "::status 200",
                    "id": "fad9fa412b86fcb03bee97c80dcd61f1"
                },
                "body is non-empty array": {
                    "fails": 0,
                    "name": "body is non-empty array",
                    "path": "::body is non-empty array",
                    "id": "4a612b9605825888f90f82b3870dfa0a",
                    "passes": 134318
                }
            }
    },
    "metrics": {
        "http_req_connecting": {
            "avg": 0.008696445472684229,
            "min": 0,
            "med": 0,
            "p(90)": 0,
            "p(95)": 0,
            "p(99)": 0.44736922999999,
            "max": 3.774135
        },
        "http_req_failed": {
            "passes": 0,
            "fails": 134318,
            "thresholds": {
                "rate<0.01": false
            },
            "value": 0
        },
        "http_req_duration": {
            "p(95)": 8.5512397,
            "p(99)": 11.181514549999997,
            "max": 146.13,
            "avg": 4.887432462827103,
            "min": 1.659278,
            "med": 4.41903,
            "p(90)": 7.0456111
        },
        "iteration_duration": {
            "p(90)": 7.453588,
            "p(95)": 8.904543299999998,
            "p(99)": 11.604882319999994,
            "max": 147.042853,
            "avg": 5.19681540101104,
            "min": 1.793878,
            "med": 4.724549
        },
        "rest_select_success_rate": {
            "passes": 134318,
            "fails": 0,
            "thresholds": {
                "rate>0.99": false
            },
            "value": 1
        },
        "vus": {
            "value": 1,
            "min": 1,
            "max": 20
        },
        "http_req_receiving": {
            "avg": 0.07459825645110937,
            "min": 0.013624,
            "med": 0.04246,
            "p(90)": 0.10652770000000002,
            "p(95)": 0.18723604999999996,
            "p(99)": 0.7351998899999925,
            "max": 7.054156
        },
        "http_req_tls_handshaking": {
            "p(99)": 0,
            "max": 0,
            "avg": 0,
            "min": 0,
            "med": 0,
            "p(90)": 0,
            "p(95)": 0
        },
        "checks": {
            "passes": 268636,
            "fails": 0,
            "value": 1
        },
        "http_req_sending": {
            "p(90)": 0.030482600000000006,
            "p(95)": 0.05041415,
            "p(99)": 0.2093837199999989,
            "max": 4.352706,
            "avg": 0.021231994996947754,
            "min": 0.004434,
            "med": 0.010562
        },
        "data_sent": {
            "rate": 4046213.313737956,
            "count": 161853190
        },
        "rest_select_latency_ms": {
            "p(95)": 8.5512397,
            "p(99)": 11.181514549999997,
            "max": 146.13,
            "avg": 4.887432462827103,
            "min": 1.659278,
            "med": 4.41903,
            "p(90)": 7.0456111,
            "thresholds": {
                "p(95)<5000": false
            }
        },
        "iterations": {
            "count": 134318,
            "rate": 3357.853372396644
        },
        "http_req_waiting": {
            "p(95)": 8.447738499999998,
            "p(99)": 11.06374774999998,
            "max": 145.971033,
            "avg": 4.791602211378937,
            "min": 1.613231,
            "med": 4.323875,
            "p(90)": 6.927662900000001
        },
        "vus_max": {
            "value": 20,
            "min": 20,
            "max": 20
        },
        "http_req_blocked": {
            "med": 0.002974,
            "p(90)": 0.005099300000000003,
            "p(95)": 0.009556149999999994,
            "p(99)": 0.5868427899999922,
            "max": 4.041947,
            "avg": 0.01495564469393515,
            "min": 0.001082
        },
        "data_received": {
            "count": 165070561,
            "rate": 4126645.2741796034
        },
        "http_reqs": {
            "count": 134318,
            "rate": 3357.853372396644
        },
        "http_req_duration{expected_response:true}": {
            "max": 146.13,
            "avg": 4.887432462827103,
            "min": 1.659278,
            "med": 4.41903,
            "p(90)": 7.0456111,
            "p(95)": 8.5512397,
            "p(99)": 11.181514549999997
        }
    }
}