{
    "root_group": {
        "checks": {
            "status 200": {
                "path": "::status 200",
                "id": "fad9fa412b86fcb03bee97c80dcd61f1",
                "passes": 135524,
                "fails": 0,
                "name": "status 200"
            },
            "body is non-empty array": {
                "name": "body is non-empty array",
                "path": "::body is non-empty array",
                "id": "4a612b9605825888f90f82b3870dfa0a",
                "passes": 135524,
                "fails": 0
            }
        },
        "name": "",
        "path": "",
        "id": "d41d8cd98f00b204e9800998ecf8427e",
        "groups": {}
    },
    "metrics": {
        "http_req_failed": {
            "passes": 0,
            "fails": 135524,
            "thresholds": {
                "rate<0.01": false
            },
            "value": 0
        },
        "http_req_duration{expected_response:true}": {
            "p(99)": 11.031015609999999,
            "max": 104.481013,
            "avg": 4.846352745749831,
            "min": 1.664454,
            "med": 4.413924,
            "p(90)": 6.939330900000001,
            "p(95)": 8.470810299999998
        },
        "data_sent": {
            "count": 163306420,
            "rate": 4082495.53105046
        },
        "iteration_duration": {
            "min": 1.814795,
            "med": 4.710806,
            "p(90)": 7.3284253999999995,
            "p(95)": 8.823905149999998,
            "p(99)": 11.431454989999986,
            "max": 104.829997,
            "avg": 5.150678723864406
        },
        "vus_max": {
            "min": 20,
            "max": 20,
            "value": 20
        },
        "http_req_receiving": {
            "p(99)": 0.7239866499999953,
            "max": 6.859125,
            "avg": 0.07455624930639523,
            "min": 0.01184,
            "med": 0.0427565,
            "p(90)": 0.10608299999999997,
            "p(95)": 0.18496674999999987
        },
        "http_req_connecting": {
            "p(90)": 0,
            "p(95)": 0,
            "p(99)": 0.43715940999999864,
            "max": 7.128834,
            "avg": 0.00825403119742629,
            "min": 0,
            "med": 0
        },
        "http_req_waiting": {
            "max": 104.429262,
            "avg": 4.750404792789392,
            "min": 1.613052,
            "med": 4.3198799999999995,
            "p(90)": 6.8226588,
            "p(95)": 8.367759299999994,
            "p(99)": 10.917689289999995
        },
        "iterations": {
            "count": 135524,
            "rate": 3387.963096307436
        },
        "http_req_blocked": {
            "p(90)": 0.005043,
            "p(95)": 0.008944849999999992,
            "p(99)": 0.5729876499999995,
            "max": 7.22557,
            "avg": 0.01428626886750719,
            "min": 0.001056,
            "med": 0.003006
        },
        "vus": {
            "max": 20,
            "value": 1,
            "min": 1
        },
        "rest_select_latency_ms": {
            "med": 4.413924,
            "p(90)": 6.939330900000001,
            "p(95)": 8.470810299999998,
            "p(99)": 11.031015609999999,
            "max": 104.481013,
            "avg": 4.84635274574983,
            "min": 1.664454,
            "thresholds": {
                "p(95)<5000": false
            }
        },
        "http_reqs": {
            "rate": 3387.963096307436,
            "count": 135524
        },
        "http_req_sending": {
            "min": 0.004756,
            "med": 0.010464,
            "p(90)": 0.0300787,
            "p(95)": 0.049198699999999984,
            "p(99)": 0.2099418899999973,
            "max": 4.367771,
            "avg": 0.021391703653965602
        },
        "checks": {
            "passes": 271048,
            "fails": 0,
            "value": 1
        },
        "data_received": {
            "count": 166552728,
            "rate": 4163649.9516936494
        },
        "http_req_duration": {
            "min": 1.664454,
            "med": 4.413924,
            "p(90)": 6.939330900000001,
            "p(95)": 8.470810299999998,
            "p(99)": 11.031015609999999,
            "max": 104.481013,
            "avg": 4.846352745749831
        },
        "http_req_tls_handshaking": {
            "p(90)": 0,
            "p(95)": 0,
            "p(99)": 0,
            "max": 0,
            "avg": 0,
            "min": 0,
            "med": 0
        },
        "rest_select_success_rate": {
            "passes": 135524,
            "fails": 0,
            "thresholds": {
                "rate>0.99": false
            },
            "value": 1
        }
    }
}