{
    "root_group": {
        "name": "",
        "path": "",
        "id": "d41d8cd98f00b204e9800998ecf8427e",
        "groups": {},
        "checks": {
                "status 200": {
                    "id": "fad9fa412b86fcb03bee97c80dcd61f1",
                    "passes": 134651,
                    "fails": 0,
                    "name": "status 200",
                    "path": "::status 200"
                },
                "body is non-empty array": {
                    "id": "4a612b9605825888f90f82b3870dfa0a",
                    "passes": 134651,
                    "fails": 0,
                    "name": "body is non-empty array",
                    "path": "::body is non-empty array"
                }
            }
    },
    "metrics": {
        "http_req_sending": {
            "avg": 0.021261736489146036,
            "min": 0.004745,
            "med": 0.010389,
            "p(90)": 0.029357,
            "p(95)": 0.0488175,
            "p(99)": 0.2011695,
            "max": 7.484667
        },
        "http_req_connecting": {
            "med": 0,
            "p(90)": 0,
            "p(95)": 0,
            "p(99)": 0.41282949999999996,
            "max": 2.976522,
            "avg": 0.008140574804494575,
            "min": 0
        },
        "http_req_waiting": {
            "p(99)": 11.410021,
            "max": 103.242195,
            "avg": 4.7843144882251165,
            "min": 1.649354,
            "med": 4.33933,
            "p(90)": 6.935135,
            "p(95)": 8.500592999999999
        },
        "http_req_duration": {
            "p(90)": 7.054967,
            "p(95)": 8.6086205,
            "p(99)": 11.525905,
            "max": 103.278135,
            "avg": 4.879572184127807,
            "min": 1.693631,
            "med": 4.431423
        },
        "checks": {
            "passes": 269302,
            "fails": 0,
            "value": 1
        },
        "data_received": {
            "count": 165479900,
            "rate": 4136892.751807078
        },
        "http_req_tls_handshaking": {
            "med": 0,
            "p(90)": 0,
            "p(95)": 0,
            "p(99)": 0,
            "max": 0,
            "avg": 0,
            "min": 0
        },
        "iterations": {
            "count": 134651,
            "rate": 3366.18976639202
        },
        "http_req_duration{expected_response:true}": {
            "p(99)": 11.525905,
            "max": 103.278135,
            "avg": 4.879572184127807,
            "min": 1.693631,
            "med": 4.431423,
            "p(90)": 7.054967,
            "p(95)": 8.6086205
        },
        "http_req_receiving": {
            "p(95)": 0.1840795,
            "p(99)": 0.7128975,
            "max": 7.125367,
            "avg": 0.07399595941359635,
            "min": 0.013924,
            "med": 0.042818,
            "p(90)": 0.105635
        },
        "http_req_blocked": {
            "p(90)": 0.005086,
            "p(95)": 0.0092415,
            "p(99)": 0.5713355,
            "max": 6.372241,
            "avg": 0.014251322530096268,
            "min": 0.001123,
            "med": 0.003037
        },
        "vus_max": {
            "value": 20,
            "min": 20,
            "max": 20
        },
        "rest_select_success_rate": {
            "passes": 134651,
            "fails": 0,
            "thresholds": {
                "rate>0.99": false
            },
            "value": 1
        },
        "iteration_duration": {
            "p(99)": 11.998134,
            "max": 108.245226,
            "avg": 5.183829468938179,
            "min": 1.841107,
            "med": 4.732152,
            "p(90)": 7.441605,
            "p(95)": 8.946222
        },
        "rest_select_latency_ms": {
            "avg": 4.879572184127807,
            "min": 1.693631,
            "med": 4.431423,
            "p(90)": 7.054967,
            "p(95)": 8.6086205,
            "p(99)": 11.525905,
            "max": 103.278135,
            "thresholds": {
                "p(95)<5000": false
            }
        },
        "data_sent": {
            "count": 162254455,
            "rate": 4056258.6685023843
        },
        "http_req_failed": {
            "passes": 0,
            "fails": 134651,
            "thresholds": {
                "rate<0.01": false
            },
            "value": 0
        },
        "http_reqs": {
            "count": 134651,
            "rate": 3366.18976639202
        },
        "vus": {
            "max": 20,
            "value": 1,
            "min": 1
        }
    }
}