{
    "root_group": {
        "name": "",
        "path": "",
        "id": "d41d8cd98f00b204e9800998ecf8427e",
        "groups": {},
        "checks": {
                "status 200": {
                    "passes": 135244,
                    "fails": 0,
                    "name": "status 200",
                    "path": "::status 200",
                    "id": "fad9fa412b86fcb03bee97c80dcd61f1"
                },
                "body is non-empty array": {
                    "path": "::body is non-empty array",
                    "id": "4a612b9605825888f90f82b3870dfa0a",
                    "passes": 135244,
                    "fails": 0,
                    "name": "body is non-empty array"
                }
            }
    },
    "metrics": {
        "http_req_failed": {
            "passes": 0,
            "fails": 135244,
            "thresholds": {
                "rate<0.01": false
            },
            "value": 0
        },
        "http_req_connecting": {
            "p(99)": 0,
            "max": 3.118505,
            "avg": 0.00011086996835349442,
            "min": 0,
            "med": 0,
            "p(90)": 0,
            "p(95)": 0
        },
        "rest_select_success_rate": {
            "passes": 135244,
            "fails": 0,
            "thresholds": {
                "rate>0.99": false
            },
            "value": 1
        },
        "http_req_tls_handshaking": {
            "avg": 0,
            "min": 0,
            "med": 0,
            "p(90)": 0,
            "p(95)": 0,
            "p(99)": 0,
            "max": 0
        },
        "iterations": {
            "rate": 3380.945325047801,
            "count": 135244
        },
        "http_req_receiving": {
            "max": 2.898989,
            "avg": 0.05539465619177327,
            "min": 0.008918,
            "med": 0.030574,
            "p(90)": 0.0954008,
            "p(95)": 0.16867054999999978,
            "p(99)": 0.49049256
        },
        "iteration_duration": {
            "p(90)": 6.289343199999999,
            "p(95)": 6.75905285,
            "p(99)": 8.057122340000001,
            "max": 98.740332,
            "avg": 5.1636249970349795,
            "min": 2.25405,
            "med": 5.0423985
        },
        "http_req_duration{expected_response:true}": {
            "p(95)": 6.399001799999998,
            "p(99)": 7.5976627100000025,
            "max": 97.477027,
            "avg": 4.914065154794375,
            "min": 2.092225,
            "med": 4.809893,
            "p(90)": 5.9704441
        },
        "vus_max": {
            "value": 20,
            "min": 20,
            "max": 20
        },
        "http_req_duration": {
            "p(90)": 5.9704441,
            "p(95)": 6.399001799999998,
            "p(99)": 7.5976627100000025,
            "max": 97.477027,
            "avg": 4.914065154794375,
            "min": 2.092225,
            "med": 4.809893
        },
        "checks": {
            "passes": 270488,
            "fails": 0,
            "value": 1
        },
        "data_sent": {
            "count": 76412860,
            "rate": 1910234.1086520075
        },
        "rest_select_latency_ms": {
            "p(90)": 5.9704441,
            "p(95)": 6.399001799999998,
            "p(99)": 7.5976627100000025,
            "max": 97.477027,
            "avg": 4.914065154794375,
            "min": 2.092225,
            "med": 4.809893,
            "thresholds": {
                "p(95)<5000": false
            }
        },
        "http_reqs": {
            "count": 135244,
            "rate": 3380.945325047801
        },
        "http_req_blocked": {
            "p(90)": 0.003962,
            "p(95)": 0.004862,
            "p(99)": 0.03375911000000016,
            "max": 3.171334,
            "avg": 0.004486753112892223,
            "min": 0.001036,
            "med": 0.002592
        },
        "http_req_waiting": {
            "med": 4.740242500000001,
            "p(90)": 5.8830887,
            "p(95)": 6.30664405,
            "p(99)": 7.480767790000001,
            "max": 97.383196,
            "avg": 4.8427472139982575,
            "min": 2.043432
        },
        "http_req_sending": {
            "avg": 0.01592328460412296,
            "min": 0.004246,
            "med": 0.008269499999999999,
            "p(90)": 0.020665099999999992,
            "p(95)": 0.04057954999999997,
            "p(99)": 0.16442803000000056,
            "max": 2.421908
        },
        "data_received": {
            "count": 126858872,
            "rate": 3171326.7148948372
        },
        "vus": {
            "min": 1,
            "max": 20,
            "value": 1
        }
    }
}